#include "font_and_images.h"

// 5x7 ASCII tablosuna göre karakterler.
const uint8_t font5x7[][5] = {
{0x00,0x00,0x00,0x00,0x00}, /* (space) */
{0x00,0x00,0x5F,0x00,0x00}, /* ! */
{0x00,0x07,0x00,0x07,0x00}, /* " */
{0x14,0x7F,0x14,0x7F,0x14}, /* # */
{0x24,0x2A,0x7F,0x2A,0x12}, /* $ */
{0x23,0x13,0x08,0x64,0x62}, /* % */
{0x36,0x49,0x55,0x22,0x50}, /* & */
{0x00,0x05,0x03,0x00,0x00}, /* ' */
{0x00,0x1C,0x22,0x41,0x00}, /* ( */
{0x00,0x41,0x22,0x1C,0x00}, /* ) */
{0x08,0x2A,0x1C,0x2A,0x08}, /* * */
{0x08,0x08,0x3E,0x08,0x08}, /* + */
{0x00,0x50,0x30,0x00,0x00}, /* , */
{0x08,0x08,0x08,0x08,0x08}, /* - */
{0x00,0x60,0x60,0x00,0x00}, /* . */
{0x20,0x10,0x08,0x04,0x02}, /* / */
{0x3E,0x51,0x49,0x45,0x3E}, /* 0 */
{0x00,0x42,0x7F,0x40,0x00}, /* 1 */
{0x42,0x61,0x51,0x49,0x46}, /* 2 */
{0x21,0x41,0x45,0x4B,0x31}, /* 3 */
{0x18,0x14,0x12,0x7F,0x10}, /* 4 */
{0x27,0x45,0x45,0x45,0x39}, /* 5 */
{0x3C,0x4A,0x49,0x49,0x30}, /* 6 */
{0x01,0x71,0x09,0x05,0x03}, /* 7 */
{0x36,0x49,0x49,0x49,0x36}, /* 8 */
{0x06,0x49,0x49,0x29,0x1E}, /* 9 */
{0x00,0x36,0x36,0x00,0x00}, /* : */
{0x00,0x56,0x36,0x00,0x00}, /* ; */
{0x08,0x14,0x22,0x41,0x00}, /* < */
{0x14,0x14,0x14,0x14,0x14}, /* = */
{0x00,0x41,0x22,0x14,0x08}, /* > */
{0x02,0x01,0x51,0x09,0x06}, /* ? */
{0x32,0x49,0x79,0x41,0x3E}, /* @ */
{0x7E,0x11,0x11,0x11,0x7E}, /* A */
{0x7F,0x49,0x49,0x49,0x36}, /* B */
{0x3E,0x41,0x41,0x41,0x22}, /* C */
{0x7F,0x41,0x41,0x22,0x1C}, /* D */
{0x7F,0x49,0x49,0x49,0x41}, /* E */
{0x7F,0x09,0x09,0x09,0x01}, /* F */
{0x3E,0x41,0x49,0x49,0x7A}, /* G */
{0x7F,0x08,0x08,0x08,0x7F}, /* H */
{0x00,0x41,0x7F,0x41,0x00}, /* I */
{0x20,0x40,0x41,0x3F,0x01}, /* J */
{0x7F,0x08,0x14,0x22,0x41}, /* K */
{0x7F,0x40,0x40,0x40,0x40}, /* L */
{0x7F,0x02,0x0C,0x02,0x7F}, /* M */
{0x7F,0x04,0x08,0x10,0x7F}, /* N */
{0x3E,0x41,0x41,0x41,0x3E}, /* O */
{0x7F,0x09,0x09,0x09,0x06}, /* P */
{0x3E,0x41,0x51,0x21,0x5E}, /* Q */
{0x7F,0x09,0x19,0x29,0x46}, /* R */
{0x46,0x49,0x49,0x49,0x31}, /* S */
{0x01,0x01,0x7F,0x01,0x01}, /* T */
{0x3F,0x40,0x40,0x40,0x3F}, /* U */
{0x1F,0x20,0x40,0x20,0x1F}, /* V */
{0x3F,0x40,0x38,0x40,0x3F}, /* W */
{0x63,0x14,0x08,0x14,0x63}, /* X */
{0x07,0x08,0x70,0x08,0x07}, /* Y */
{0x61,0x51,0x49,0x45,0x43}, /* Z */
{0x00,0x7F,0x41,0x41,0x00}, /* [ */
{0x02,0x04,0x08,0x10,0x20}, /* \ */
{0x00,0x41,0x41,0x7F,0x00}, /* ] */
{0x04,0x02,0x01,0x02,0x04}, /* ^ */
{0x40,0x40,0x40,0x40,0x40}, /* _ */
{0x00,0x01,0x02,0x04,0x00}, /* ` */
{0x20,0x54,0x54,0x54,0x78}, /* a */
{0x7F,0x48,0x44,0x44,0x38}, /* b */
{0x38,0x44,0x44,0x44,0x20}, /* c */
{0x38,0x44,0x44,0x48,0x7F}, /* d */
{0x38,0x54,0x54,0x54,0x18}, /* e */
{0x08,0x7E,0x09,0x01,0x02}, /* f */
{0x0C,0x52,0x52,0x52,0x3E}, /* g */
{0x7F,0x08,0x04,0x04,0x78}, /* h */
{0x00,0x44,0x7D,0x40,0x00}, /* i */
{0x20,0x40,0x44,0x3D,0x00}, /* j */
{0x7F,0x10,0x28,0x44,0x00}, /* k */
{0x00,0x41,0x7F,0x40,0x00}, /* l */
{0x7C,0x04,0x18,0x04,0x78}, /* m */
{0x7C,0x08,0x04,0x04,0x78}, /* n */
{0x38,0x44,0x44,0x44,0x38}, /* o */
{0x7C,0x14,0x14,0x14,0x08}, /* p */
{0x08,0x14,0x14,0x18,0x7C}, /* q */
{0x7C,0x08,0x04,0x04,0x08}, /* r */
{0x48,0x54,0x54,0x54,0x20}, /* s */
{0x04,0x3F,0x44,0x40,0x20}, /* t */
{0x3C,0x40,0x40,0x20,0x7C}, /* u */
{0x1C,0x20,0x40,0x20,0x1C}, /* v */
{0x3C,0x40,0x30,0x40,0x3C}, /* w */
{0x44,0x28,0x10,0x28,0x44}, /* x */
{0x0C,0x50,0x50,0x50,0x3C}, /* y */
{0x44,0x64,0x54,0x4C,0x44}, /* z */
{0x00,0x41,0x7D,0x41,0x00}, /* İ */
{0x48,0x54,0xD4,0x54,0x20}, /* ş */
{0x00,0x44,0x7C,0x40,0x00}, /* ı */
};

// IBB logosu için RGB565 C array
const uint16_t ibb_logo[9216] = {
0x059B,0x059B,0x05BB,0x059B,0x059B,0x05BB,0x05BB,0x059B,0x05BB,0x05BB,0x05BB,0x05BB,0x05BB,0x059B,0x05BB,0x05BB,0x05BB,0x059A,0x059B,0x059B,0x05BB,0x05BB,0x059B,0x059B,0x05BB,0x05BB,0x05BB,0x059B,0x059B,0x059B,0x059B,0x05BB,0x05BB,0x05BB,0x059B,0x05BB,0x059B,0x05BB,0x05BB,0x059B,0x05BB,0x05BB,0x05BB,0x05BB,0x059B,0x05BB,0x05BB,0x05BB,0x05BB,0x059B,0x05BB,0x05BB,0x05BB,0x05BB,0x05BB,0x05BB,0x059A,0x059B,0x05BB,0x05BB,0x05BB,0x059B,0x059B,0x05BB,0x05BB,0x05BB,0x05BB,0x05BB,0x05BB,0x05BB,0x05BB,0x059B,0x05BB,0x05BB,0x05BB,0x05BB,0x059B,0x05BB,0x05BB,0x059B,0x05BB,0x05BB,0x05BB,0x05BB,0x059B,0x059B,0x05BB,0x05BB,0x05BB,0x059B,0x059B,0x059B,0x059B,0x05BB,0x05BB,0x059A,
0x059B,0x059A,0x059A,0x05BB,0x059B,0x059B,0x059B,0x05BB,0x05BB,0x059B,0x05BB,0x05BB,0x05BB,0x059B,0x05BB,0x05BB,0x05BB,0x05BB,0x05BB,0x059B,0x05BB,0x05BB,0x059B,0x059B,0x059B,0x059B,0x05BB,0x059B,0x059B,0x059B,0x059A,0x059A,0x059B,0x05BB,0x059A,0x05BB,0x059B,0x05BB,0x05BB,0x05BB,0x05BB,0x05BB,0x05BB,0x05BB,0x05BB,0x059B,0x059B,0x05BB,0x05BB,0x05BB,0x059B,0x05BB,0x05BB,0x05BB,0x05BB,0x05BB,0x059A,0x059A,0x05BB,0x05BB,0x05BB,0x059B,0x05BB,0x05BB,0x05BB,0x05BB,0x059B,0x059B,0x05BB,0x059B,0x059B,0x059B,0x05BB,0x05BB,0x05BB,0x05BB,0x059A,0x059B,0x059B,0x059B,0x059B,0x059B,0x059B,0x059B,0x059B,0x059B,0x05BB,0x05BB,0x05BB,0x05BB,0x05BB,0x059B,0x059B,0x05BB,0x05BB,0x059B,
0x05BB,0x05BB,0x059A,0x059B,0x059B,0x059B,0x059B,0x059B,0x05BB,0x05BB,0x05BB,0x05BB,0x05BB,0x05BB,0x05BB,0x05BB,0x05BB,0x059B,0x059B,0x059A,0x05BB,0x059B,0x059A,0x05BB,0x05BB,0x05BB,0x05BB,0x05BB,0x05BB,0x059B,0x05BB,0x05BB,0x059B,0x05BB,0x05BB,0x05BB,0x05BB,0x05BB,0x059B,0x05BB,0x05BB,0x059B,0x059B,0x059A,0x059B,0x05BB,0x05BB,0x059B,0x05BB,0x05BB,0x059A,0x05BB,0x059B,0x059B,0x059A,0x059B,0x05BB,0x059B,0x059B,0x059B,0x05BB,0x059B,0x05BB,0x05BB,0x05BB,0x059B,0x059A,0x059B,0x05BB,0x05BB,0x059B,0x059B,0x05BB,0x05BB,0x05BB,0x05BB,0x059B,0x059B,0x059B,0x059B,0x05BB,0x059A,0x059A,0x05BB,0x059B,0x059B,0x05BB,0x05BB,0x059B,0x05BB,0x05BB,0x05BB,0x05BB,0x05BB,0x05BB,0x05BB,
0x059B,0x059A,0x059A,0x059B,0x059A,0x059A,0x059A,0x05BB,0x05BB,0x05BB,0x05BB,0x05BB,0x05BB,0x05BB,0x05BB,0x05BB,0x05BB,0x05BB,0x05BB,0x059B,0x05BB,0x05BB,0x059B,0x05BB,0x059B,0x059B,0x05BB,0x05BB,0x05BB,0x059B,0x059B,0x059A,0x059B,0x059B,0x059B,0x05BB,0x05BB,0x05BB,0x05BB,0x059B,0x059B,0x059B,0x059B,0x059A,0x059B,0x05BB,0x059B,0x05BB,0x059B,0x059B,0x059B,0x059B,0x05BB,0x05BB,0x059B,0x059B,0x059B,0x059B,0x059A,0x059B,0x05BB,0x05BB,0x05BB,0x05BB,0x059B,0x059B,0x059A,0x05BB,0x059A,0x05BB,0x05BB,0x05BB,0x05BB,0x05BB,0x05BB,0x059B,0x05BB,0x05BB,0x05BB,0x05BB,0x059B,0x059A,0x059A,0x05BB,0x05BB,0x05BB,0x05BB,0x059B,0x059B,0x05BB,0x05BB,0x05BB,0x05BB,0x05BB,0x05BB,0x059B,
0x059B,0x059A,0x05BB,0x059B,0x059B,0x05BB,0x05BB,0x05BB,0x05BB,0x059B,0x05BB,0x05BB,0x05BB,0x05BB,0x05BB,0x05BB,0x05BB,0x05BB,0x05BB,0x059B,0x059B,0x05BB,0x059A,0x05BB,0x059B,0x059B,0x05BB,0x05BB,0x05BB,0x059B,0x059B,0x05BB,0x05BB,0x059B,0x059B,0x05BB,0x059B,0x05BB,0x05BB,0x05BB,0x05BB,0x05BB,0x05BB,0x05BB,0x05BB,0x059B,0x059B,0x05BB,0x05BB,0x05BB,0x059B,0x059B,0x05BB,0x05BB,0x059B,0x05BB,0x059B,0x059B,0x05BB,0x059B,0x05BB,0x059B,0x05BB,0x059B,0x059B,0x05BB,0x059B,0x05BB,0x059B,0x05BB,0x05BB,0x05BB,0x05BB,0x05BB,0x05BB,0x05BB,0x059A,0x05BB,0x05BB,0x059A,0x059A,0x059B,0x059B,0x05BB,0x05BB,0x05BB,0x05BB,0x059B,0x059B,0x059B,0x05BB,0x05BB,0x05BB,0x05BB,0x05BB,0x05BB,
0x059B,0x059A,0x05BB,0x059B,0x059A,0x05BB,0x05BB,0x05BB,0x05BB,0x05BB,0x05BB,0x05BB,0x05BB,0x059B,0x05BB,0x05BB,0x05BB,0x059B,0x05BB,0x059B,0x059B,0x05BB,0x059B,0x05BB,0x059B,0x059B,0x05BB,0x05BB,0x059B,0x059B,0x05BB,0x05BB,0x05BB,0x05BB,0x05BB,0x059B,0x05BB,0x05BB,0x05BB,0x05BB,0x05BB,0x05BB,0x05BB,0x05BB,0x05BB,0x059B,0x059B,0x059B,0x05BB,0x059B,0x059B,0x05BB,0x059B,0x05BB,0x059B,0x059B,0x059B,0x059B,0x059A,0x059B,0x05BB,0x05BB,0x05BB,0x059B,0x059B,0x05BB,0x059B,0x05BB,0x05BB,0x05BB,0x059B,0x059B,0x05BB,0x05BB,0x059B,0x059B,0x059B,0x059B,0x05BB,0x059A,0x059B,0x059A,0x059A,0x059B,0x059B,0x05BB,0x05BB,0x059B,0x059A,0x059B,0x059B,0x059B,0x05BB,0x05BB,0x059B,0x05BB,
0x05BB,0x059B,0x05BB,0x059B,0x05BB,0x05BB,0x05BB,0x059A,0x05BB,0x05BB,0x05BB,0x05BB,0x05BB,0x05BB,0x05BB,0x05BB,0x05BB,0x05BB,0x05BB,0x059A,0x059A,0x05BB,0x059B,0x05BB,0x059B,0x059A,0x05BB,0x059B,0x059B,0x05BB,0x05BB,0x05BB,0x05BB,0x059B,0x05BB,0x05BB,0x05BB,0x05BB,0x05BB,0x05BB,0x05BB,0x05BB,0x05BB,0x05BB,0x05BB,0x05BB,0x05BB,0x059B,0x05BB,0x059B,0x059B,0x05BB,0x05BB,0x05BB,0x059B,0x059B,0x059A,0x059A,0x059B,0x059B,0x05BB,0x05BB,0x059B,0x05BB,0x05BB,0x059B,0x059B,0x05BB,0x05BB,0x05BB,0x059B,0x059A,0x05BB,0x059B,0x05BB,0x05BB,0x05BB,0x05BB,0x05BB,0x05BB,0x059B,0x059A,0x059B,0x059B,0x05BB,0x059B,0x05BB,0x05BB,0x059B,0x059B,0x05BB,0x05BB,0x05BB,0x05BB,0x05BB,0x05BB,
0x059B,0x059B,0x059A,0x05BB,0x05BB,0x05BB,0x05BB,0x05BB,0x059B,0x05BB,0x059B,0x05BB,0x05BB,0x05BB,0x05BB,0x05BB,0x05BB,0x059B,0x059B,0x059B,0x059A,0x059B,0x05BB,0x05BB,0x059A,0x059B,0x059B,0x05BB,0x05BB,0x05BB,0x05BB,0x05BB,0x05BB,0x059B,0x059A,0x059B,0x059B,0x05BB,0x05BB,0x059B,0x059B,0x05BB,0x059B,0x05BB,0x05BB,0x05BB,0x05BB,0x059B,0x059B,0x05BB,0x05BB,0x059B,0x05BB,0x05BB,0x059B,0x059B,0x059A,0x059B,0x059B,0x059B,0x059B,0x05BB,0x05BB,0x05BB,0x05BB,0x059A,0x05BB,0x05BB,0x059B,0x059B,0x059A,0x059B,0x059B,0x059B,0x05BB,0x05BB,0x05BB,0x05BB,0x05BB,0x059B,0x059B,0x059B,0x05BB,0x05BB,0x05BB,0x05BB,0x05BB,0x05BB,0x059B,0x05BB,0x05BB,0x05BB,0x05BB,0x05BB,0x05BB,0x05BB,
0x059B,0x059B,0x05BB,0x05BB,0x05BB,0x059A,0x059B,0x05BB,0x059B,0x059B,0x059B,0x059A,0x059B,0x059B,0x05BB,0x05BB,0x05BB,0x05BB,0x05BB,0x05BB,0x059A,0x059B,0x05BB,0x05BB,0x059B,0x059B,0x059B,0x05BB,0x05BB,0x059B,0x059B,0x059B,0x05BB,0x05BB,0x059B,0x05BB,0x05BB,0x05BB,0x05BB,0x059B,0x059B,0x05BB,0x05BB,0x05BB,0x059B,0x059B,0x05BB,0x05BB,0x05BB,0x05BB,0x059B,0x05BB,0x05BB,0x059B,0x059A,0x059A,0x059B,0x059B,0x05BB,0x059B,0x059B,0x059B,0x059B,0x05BB,0x059B,0x05BB,0x059A,0x059B,0x059B,0x059B,0x059B,0x059B,0x059A,0x05BB,0x05BB,0x05BB,0x05BB,0x05BB,0x059B,0x05BB,0x059B,0x05BB,0x05BB,0x05BB,0x05BB,0x05BB,0x05BB,0x059B,0x05BB,0x05BB,0x059B,0x059B,0x059B,0x05BB,0x05BB,0x05BB,
0x05BB,0x05BB,0x059A,0x05BB,0x059B,0x059B,0x05BB,0x05BB,0x05BB,0x05BB,0x059B,0x059B,0x05BB,0x059B,0x059B,0x05BB,0x05BB,0x059B,0x059A,0x05BB,0x05BB,0x05BB,0x059B,0x059B,0x059B,0x059B,0x05BB,0x05BB,0x05BB,0x059B,0x059B,0x059B,0x059B,0x059B,0x059B,0x05BB,0x05BB,0x05BB,0x05BB,0x059B,0x05BB,0x05BB,0x05BB,0x05BB,0x05BB,0x05BB,0x05BB,0x059B,0x059B,0x05BB,0x059B,0x059B,0x059B,0x059B,0x059B,0x059B,0x059B,0x05BB,0x059B,0x059B,0x059B,0x059B,0x05BB,0x059B,0x059B,0x05BB,0x059B,0x059A,0x059B,0x05BB,0x059B,0x05BB,0x059B,0x05BB,0x05BB,0x059B,0x059B,0x05BB,0x05BB,0x05BB,0x059B,0x05BB,0x059B,0x05BB,0x05BB,0x05BB,0x05BB,0x059A,0x05BB,0x05BB,0x05BB,0x059B,0x059B,0x05BB,0x05BB,0x05BB,
0x05BB,0x059B,0x059B,0x05BB,0x059B,0x059B,0x059B,0x059A,0x05BB,0x05BB,0x05BB,0x05BB,0x05BB,0x05BB,0x059B,0x05BB,0x059A,0x059B,0x05BB,0x05BB,0x05BB,0x059B,0x059B,0x05BB,0x059B,0x05BB,0x05BB,0x05BB,0x059B,0x05BB,0x05BB,0x059B,0x059B,0x05BB,0x059B,0x05BB,0x05BB,0x05BB,0x059B,0x059B,0x059B,0x05BB,0x05BB,0x059B,0x059B,0x05BB,0x05BB,0x05BB,0x05BB,0x059B,0x059B,0x059B,0x059B,0x059B,0x059B,0x059B,0x059B,0x05BB,0x05BB,0x05BB,0x05BB,0x059B,0x05BB,0x05BB,0x05BB,0x05BB,0x059A,0x059B,0x059B,0x05BB,0x05BB,0x05BB,0x059B,0x05BB,0x05BB,0x059B,0x05BB,0x05BB,0x05BB,0x05BB,0x059B,0x059B,0x059B,0x059A,0x05BB,0x05BB,0x059B,0x059B,0x059B,0x059B,0x05BB,0x059B,0x05BB,0x059B,0x05BB,0x05BB,
0x059B,0x059B,0x059B,0x05BB,0x05BB,0x059B,0x059B,0x059A,0x059B,0x05BB,0x05BB,0x05BB,0x05BB,0x05BB,0x059B,0x059B,0x059B,0x05BB,0x05BB,0x05BB,0x05BB,0x059B,0x059B,0x059B,0x05BB,0x05BB,0x05BB,0x059B,0x059B,0x059B,0x05BB,0x059B,0x059B,0x059B,0x059B,0x05BB,0x05BB,0x05BB,0x05BB,0x05BB,0x05BB,0x05BB,0x05BB,0x05BB,0x059B,0x05BB,0x05BB,0x05BB,0x05BB,0x05BB,0x05BB,0x05BB,0x059A,0x05BB,0x059A,0x059B,0x05BB,0x05BB,0x05BB,0x05BB,0x05BB,0x059B,0x05BB,0x059B,0x059B,0x059B,0x059A,0x05BB,0x059B,0x05BB,0x059B,0x05BB,0x05BB,0x05BB,0x05BB,0x05BB,0x05BB,0x059B,0x05BB,0x05BB,0x05BB,0x05BB,0x05BB,0x059B,0x059B,0x05BB,0x05BB,0x05BB,0x059B,0x05BB,0x05BB,0x05BB,0x05BB,0x05BB,0x05BB,0x05BB,
0x059B,0x059B,0x05BB,0x05BB,0x05BB,0x05BB,0x059B,0x059B,0x05BB,0x05BB,0x05BB,0x05BB,0x059B,0x059B,0x05BB,0x059B,0x059B,0x059B,0x05BB,0x05BB,0x05BB,0x05BB,0x05BB,0x059B,0x05BB,0x05BB,0x05BB,0x059B,0x059A,0x059B,0x059B,0x059A,0x059A,0x059B,0x05BB,0x05BB,0x05BB,0x05BB,0x05BB,0x059B,0x059B,0x05BB,0x05BB,0x059B,0x05BB,0x05BB,0x059B,0x05BB,0x05BB,0x05BB,0x05BB,0x05BB,0x05BB,0x05BB,0x059A,0x059B,0x059B,0x05BB,0x05BB,0x05BB,0x05BB,0x05BB,0x05BB,0x059A,0x059B,0x059B,0x05BB,0x05BB,0x05BB,0x05BB,0x05BB,0x05BB,0x059B,0x05BB,0x05BB,0x05BB,0x05BB,0x05BB,0x05BB,0x059B,0x059B,0x05BB,0x05BB,0x05BB,0x059B,0x059B,0x059A,0x059A,0x059B,0x05BB,0x05BB,0x05BB,0x05BB,0x05BB,0x05BB,0x05BB,
0x059B,0x059B,0x05BB,0x05BB,0x05BB,0x05BB,0x05BB,0x059B,0x059B,0x059B,0x059B,0x059A,0x059A,0x059A,0x05BB,0x05BB,0x059B,0x059B,0x059A,0x05BB,0x05BB,0x05BB,0x05BB,0x05BB,0x05BB,0x059B,0x059B,0x059B,0x059B,0x05BB,0x059A,0x05BB,0x059B,0x059B,0x05BB,0x05BB,0x05BB,0x05BB,0x05BB,0x05BB,0x05BB,0x05BB,0x059B,0x05BB,0x05BB,0x059B,0x05BB,0x059B,0x059B,0x059B,0x05BB,0x05BB,0x05BB,0x059B,0x05BB,0x05BB,0x059B,0x05BB,0x059B,0x059B,0x05BB,0x05BB,0x05BB,0x05BB,0x059B,0x059A,0x05BB,0x05BB,0x059B,0x059B,0x059B,0x059A,0x059A,0x05BB,0x05BB,0x05BB,0x05BB,0x05BB,0x05BB,0x05BB,0x05BB,0x05BB,0x059B,0x059B,0x059B,0x059A,0x059A,0x059A,0x059B,0x05BB,0x059B,0x059B,0x05BB,0x05BB,0x05BB,0x059B,
0x059B,0x059B,0x05BB,0x059A,0x05BB,0x05BB,0x05BB,0x05BB,0x05BB,0x059B,0x05BB,0x05BB,0x05BB,0x059B,0x05BB,0x059B,0x059B,0x059B,0x059B,0x059B,0x059B,0x05BB,0x05BB,0x05BB,0x05BB,0x05BB,0x05BB,0x05BB,0x05BB,0x059B,0x05BB,0x05BB,0x05BB,0x059B,0x05BB,0x059B,0x059B,0x05BB,0x059B,0x059A,0x05BB,0x05BB,0x059B,0x05BB,0x059B,0x059B,0x059B,0x059B,0x059B,0x059B,0x059B,0x05BB,0x05BB,0x05BB,0x05BB,0x059B,0x05BB,0x059B,0x059B,0x059B,0x05BB,0x05BB,0x05BB,0x05BB,0x05BB,0x05BB,0x05BB,0x05BB,0x05BB,0x059B,0x059B,0x059B,0x05BB,0x05BB,0x059B,0x05BB,0x059B,0x059B,0x05BB,0x05BB,0x05BB,0x05BB,0x05BB,0x05BB,0x05BB,0x05BB,0x059B,0x057A,0x059B,0x059B,0x05BB,0x059B,0x059B,0x05BB,0x05BB,0x059B,
0x059B,0x059B,0x059B,0x059A,0x05BB,0x05BB,0x05BB,0x05BB,0x05BB,0x05BB,0x05BB,0x05BB,0x05BB,0x05BB,0x059B,0x059B,0x05BB,0x05BB,0x05BB,0x059B,0x05BB,0x05BB,0x05BB,0x059B,0x059B,0x059B,0x05BB,0x059B,0x05BB,0x05BB,0x05BB,0x05BB,0x05BB,0x05BB,0x05BB,0x05BB,0x05BB,0x05BB,0x059B,0x05BB,0x059B,0x059B,0x059B,0x059B,0x05BB,0x059B,0x059B,0x059B,0x059B,0x05BB,0x05BB,0x05BB,0x05BB,0x059B,0x059B,0x059B,0x05BB,0x05BB,0x059B,0x05BB,0x05BB,0x05BB,0x05BB,0x05BB,0x05BB,0x05BB,0x05BB,0x05BB,0x05BB,0x05BB,0x05BB,0x05BB,0x059B,0x059B,0x05BB,0x05BB,0x059B,0x059B,0x059B,0x05BB,0x05BB,0x059B,0x05BB,0x05BB,0x059B,0x059B,0x059B,0x059A,0x059B,0x05BB,0x059B,0x059B,0x059B,0x05BB,0x059B,0x059A,
0x05BB,0x059B,0x059B,0x059B,0x05BB,0x05BB,0x05BB,0x05BB,0x05BB,0x05BB,0x05BB,0x05BB,0x05BB,0x05BB,0x059B,0x059B,0x059B,0x05BB,0x05BB,0x05BB,0x05BB,0x05BB,0x059B,0x05BB,0x05BB,0x05BB,0x05BB,0x05BB,0x059B,0x05BB,0x05BB,0x059B,0x05BB,0x05BB,0x05BB,0x05BB,0x05BB,0x05BB,0x059B,0x05BB,0x059B,0x059B,0x059B,0x05BB,0x05BB,0x05BB,0x059B,0x059B,0x059B,0x059B,0x05BB,0x05BB,0x05BB,0x05BB,0x05BB,0x05BB,0x059B,0x05BB,0x05BB,0x05BB,0x059B,0x05BB,0x05BB,0x05BB,0x05BB,0x05BB,0x05BB,0x05BB,0x05BB,0x05BB,0x05BB,0x05BB,0x059B,0x05BB,0x05BB,0x059B,0x059B,0x05BB,0x05BB,0x059B,0x05BB,0x05BB,0x05BB,0x05BB,0x059B,0x05BB,0x05BB,0x059B,0x05BB,0x05BB,0x05BB,0x059B,0x059B,0x05BB,0x05BB,0x05BB,
0x059B,0x059B,0x05BB,0x05BB,0x05BB,0x059B,0x05BB,0x05BB,0x05BB,0x05BB,0x05BB,0x059B,0x059B,0x05BB,0x05BB,0x059A,0x059B,0x05BB,0x05BB,0x05BB,0x059B,0x059B,0x05BB,0x05BB,0x05BB,0x05BB,0x05BB,0x05BB,0x059B,0x05BB,0x05BB,0x05BB,0x05BB,0x05BB,0x05BB,0x059B,0x059B,0x059B,0x05BB,0x05BB,0x05BB,0x05BB,0x059B,0x059B,0x05BB,0x05BB,0x059B,0x059B,0x059B,0x059B,0x05BB,0x05BB,0x05BB,0x05BB,0x05BB,0x05BB,0x05BB,0x05BB,0x05BB,0x05BB,0x059B,0x05BB,0x05BB,0x05BB,0x05BB,0x05BB,0x05BB,0x059B,0x05BB,0x05BB,0x05BB,0x05BB,0x05BB,0x05BB,0x059B,0x059B,0x059B,0x059A,0x05BB,0x059B,0x059A,0x05BB,0x05BB,0x059B,0x05BB,0x05BB,0x059B,0x05BB,0x05BB,0x05BB,0x05BB,0x059B,0x05BB,0x059A,0x05BB,0x05BB,
0x05BB,0x059B,0x059B,0x059A,0x05BB,0x05BB,0x05BB,0x05BB,0x05BB,0x05BB,0x05BB,0x05BB,0x05BB,0x05BB,0x05DB,0x05BB,0x05BB,0x059B,0x05BB,0x05BB,0x05BB,0x05BB,0x05BB,0x05BB,0x05BB,0x05BB,0x05BB,0x05BB,0x05BB,0x05BB,0x059B,0x059B,0x05BB,0x059B,0x059B,0x059B,0x059B,0x059B,0x059B,0x05BB,0x05BB,0x05BB,0x059B,0x059B,0x05BB,0x05BB,0x059A,0x05BB,0x05BB,0x05BB,0x059B,0x05BB,0x059B,0x05BB,0x05BB,0x059B,0x059B,0x05BB,0x059B,0x05BB,0x05BB,0x05BB,0x059B,0x059A,0x059B,0x05BB,0x05BB,0x05BB,0x059B,0x05BB,0x05BB,0x059B,0x059B,0x05BB,0x05BB,0x059B,0x059B,0x059B,0x05BB,0x059B,0x059B,0x05BB,0x05BB,0x05BB,0x059B,0x059B,0x05BB,0x05BB,0x05BB,0x05BB,0x05BB,0x059B,0x05BB,0x05BB,0x05BB,0x05BB,
0x059B,0x059A,0x05BB,0x05BB,0x05BB,0x059B,0x05BB,0x05BB,0x05BB,0x05BB,0x05BB,0x05BB,0x05BB,0x05BB,0x059B,0x059B,0x059B,0x059B,0x059B,0x05BB,0x05BB,0x05BB,0x05BB,0x05BB,0x059B,0x059A,0x05BB,0x05BB,0x05BB,0x05BB,0x05BB,0x05BB,0x05BB,0x059B,0x05BB,0x059B,0x059B,0x059B,0x059B,0x059B,0x059B,0x059B,0x059B,0x05BB,0x05BB,0x05BB,0x059B,0x059A,0x05BB,0x05BB,0x05BB,0x059B,0x059B,0x059B,0x05BB,0x05BB,0x05BB,0x05BB,0x05BB,0x05BB,0x059B,0x05BB,0x05BB,0x059B,0x05BB,0x05BB,0x059B,0x059A,0x059A,0x059B,0x059B,0x05BB,0x059B,0x05BB,0x05BB,0x05BB,0x059B,0x05BB,0x05BB,0x05BB,0x059B,0x059B,0x05BB,0x05BB,0x05BB,0x059B,0x05BB,0x059B,0x059B,0x05BB,0x059B,0x05BB,0x05BB,0x05BB,0x05BB,0x059B,
0x059B,0x059B,0x05BB,0x059B,0x05BB,0x059B,0x05BB,0x059B,0x05BB,0x05BB,0x05BB,0x05BB,0x05BB,0x05BB,0x05BB,0x05BB,0x059B,0x059A,0x059B,0x059B,0x05BB,0x05BB,0x05BB,0x05BB,0x05BB,0x05BB,0x059B,0x05BB,0x059A,0x059B,0x05BB,0x059B,0x05BB,0x05BB,0x05BB,0x05BB,0x05BB,0x059B,0x05BB,0x059B,0x05BB,0x05BB,0x059B,0x059B,0x059B,0x05BB,0x05BB,0x05BB,0x05BB,0x05BB,0x05BB,0x059B,0x059A,0x059A,0x059B,0x05BB,0x059B,0x05BB,0x059B,0x059B,0x059B,0x05BB,0x05BB,0x05BB,0x05BB,0x05BB,0x059B,0x059B,0x05BB,0x05BB,0x059B,0x059B,0x05BB,0x05BB,0x059B,0x059B,0x05BB,0x059B,0x05BB,0x059B,0x059B,0x059B,0x05BB,0x05BB,0x05BB,0x05BB,0x059B,0x059B,0x059B,0x059B,0x05BB,0x05BB,0x05BB,0x05BB,0x05BB,0x05BB,
0x059B,0x059B,0x05BB,0x05BB,0x05BB,0x05BB,0x05BB,0x05BB,0x05BB,0x05BB,0x05BB,0x05BB,0x05BB,0x05BB,0x059B,0x05BB,0x05BB,0x059B,0x05BB,0x05BB,0x059B,0x05BB,0x05BB,0x05BB,0x05BB,0x05BB,0x05BB,0x059B,0x059A,0x059B,0x059B,0x059B,0x05BB,0x05BB,0x05BB,0x059B,0x05BB,0x059B,0x05BB,0x05BB,0x05BB,0x059B,0x059B,0x059B,0x059B,0x059B,0x05BB,0x05BB,0x05BB,0xF7FF,0x05BB,0x059B,0x059B,0x059B,0x059B,0x05BB,0x05BB,0x05BB,0x05BB,0x05BB,0x05BB,0x05BB,0x05BB,0x05BB,0x059B,0x059B,0x059B,0x05BB,0x05BB,0x05BB,0x059B,0x059A,0x059B,0x059B,0x059B,0x059B,0x05BB,0x05BB,0x05BB,0x059B,0x059B,0x05BB,0x05BB,0x059B,0x059B,0x05BB,0x059B,0x05BB,0x059B,0x059B,0x05BB,0x05BB,0x05BB,0x059B,0x05BB,0x05BB,
0x059B,0x059B,0x059B,0x05BB,0x05BB,0x05BB,0x05BB,0x05BB,0x059B,0x05BB,0x05BB,0x05BB,0x05BB,0x05BB,0x05BB,0x05BB,0x05BB,0x05BB,0x05BB,0x05BB,0x05BB,0x05BB,0x05BB,0x05BB,0x05BB,0x05BB,0x05BB,0x05BB,0x05BB,0x059B,0x05BB,0x05BB,0x05BB,0x05BB,0x05BB,0x05BB,0x05BB,0x059B,0x05BB,0x05BB,0x05BB,0x05BB,0x059B,0x059B,0x059B,0x05BB,0x05BB,0x1D9A,0x059B,0xFFFF,0x059A,0x059A,0x059B,0x059B,0x059B,0x05BB,0x05BB,0x05BB,0x05BB,0x05BB,0x05BB,0x05BB,0x059B,0x05BB,0x059B,0x059A,0x05BB,0x059B,0x05BB,0x05BB,0x059B,0x059B,0x05BB,0x059B,0x059B,0x05BB,0x05BB,0x05BB,0x05BB,0x05BB,0x059B,0x05BB,0x05BB,0x05BB,0x05BB,0x05BB,0x059B,0x05BB,0x059B,0x059B,0x05BB,0x05BB,0x059A,0x05BB,0x05BB,0x05BB,
0x059B,0x059B,0x05BB,0x05BB,0x05BB,0x05BB,0x05BB,0x05BB,0x05BB,0x05BB,0x05BB,0x05BB,0x05BB,0x05BB,0x059B,0x059B,0x059B,0x059B,0x05BB,0x05BB,0x05BB,0x059B,0x05BB,0x05BB,0x05BB,0x05BB,0x059B,0x05BB,0x05BB,0x059B,0x05BB,0x05BB,0x05BB,0x05BB,0x05BB,0x05BB,0x05BB,0x05BB,0x05BB,0x059A,0x05BB,0x05BB,0x05BB,0x05BB,0x05BB,0x059A,0x055A,0xF7DF,0x05BB,0xFFFF,0x057A,0x059A,0x059B,0x059B,0x059B,0x059B,0x059B,0x05BB,0x05BB,0x05BB,0x05BB,0x05BB,0x05BB,0x05BB,0x059B,0x059A,0x059B,0x059B,0x05BB,0x05BB,0x05BB,0x05BB,0x059A,0x05BB,0x05BB,0x05BB,0x059A,0x059B,0x05BB,0x059B,0x059A,0x059B,0x059B,0x05BB,0x05BB,0x05BB,0x05BB,0x059B,0x059B,0x05BB,0x05BB,0x059A,0x059B,0x059B,0x059B,0x05BB,
0x059B,0x059B,0x05BB,0x05BB,0x05BB,0x05BB,0x05BB,0x05BB,0x05BB,0x05BB,0x05BB,0x05BB,0x059B,0x059B,0x057A,0x059B,0x059B,0x059B,0x05BB,0x05BB,0x05BB,0x05BB,0x05BB,0x059B,0x059B,0x05BB,0x05BB,0x059A,0x059B,0x059B,0x059B,0x05BB,0x05BB,0x05BB,0x05BB,0x05BB,0x05BB,0x05BB,0x05BB,0x059B,0x059B,0x059B,0x059A,0x059B,0x057A,0x059A,0x6EBD,0xFFFF,0x059B,0xFFFF,0x059A,0x05BB,0x05BB,0x059B,0x05BB,0x05BB,0x059B,0x05BB,0x05BB,0x05BB,0x05BB,0x05BB,0x059B,0x05BB,0x059B,0x059B,0x059B,0x05BB,0x05BB,0x059B,0x059B,0x05BB,0x059B,0x059A,0x059B,0x059B,0x059B,0x05BB,0x05BB,0x059B,0x059A,0x059B,0x059B,0x05BB,0x05BB,0x059B,0x059A,0x059B,0x05BB,0x05BB,0x059B,0x05BB,0x05BB,0x05BB,0x05BB,0x05BB,
0x059A,0x05BB,0x05BB,0x05BB,0x05BB,0x05BB,0x059B,0x059B,0x05BB,0x059B,0x059B,0x05BB,0x059B,0x059B,0x05BB,0x05BB,0x05BB,0x05BB,0x05BB,0x05BB,0x05BB,0x05BB,0x059B,0x059B,0x059B,0x059B,0x05BB,0x059B,0x059B,0x059B,0x05BB,0x05BB,0x05BB,0x059B,0x059B,0x05BB,0x05BB,0x05BB,0x05BB,0x05BB,0x05BB,0x059B,0x059A,0x059B,0xF7FF,0x059A,0x6E7C,0xFFFF,0x059B,0xFFFF,0x059B,0x05DB,0x0DDB,0x059B,0x059A,0x05BB,0x05BB,0x059A,0x059B,0x05BB,0x05BB,0x05BB,0x05BB,0x05BB,0x059B,0x05BB,0x059B,0x059B,0x05BB,0x05BB,0x05BB,0x059A,0x05BB,0x059B,0x05BB,0x059B,0x059A,0x05BB,0x059B,0x059B,0x059A,0x05BB,0x05BB,0x05BB,0x05BB,0x059B,0x05BB,0x059B,0x05BB,0x059B,0x059B,0x05BB,0x05BB,0x05BB,0x05BB,0x05BB,
0x05BB,0x05BB,0x05BB,0x05BB,0x05BB,0x05BB,0x059B,0x059B,0x05BB,0x05BB,0x05BB,0x05BB,0x05BB,0x05BB,0x05BB,0x05BB,0x05BB,0x05BB,0x05BB,0x059B,0x05BB,0x05BB,0x059B,0x05BB,0x059B,0x05BB,0x05BB,0x059B,0x059A,0x05BB,0x05BB,0x05BB,0x05BB,0x059B,0x059B,0x05BB,0x05BB,0x05BB,0x05BB,0x05BB,0x05BB,0x059B,0x059B,0x05BB,0xFFFF,0x05BB,0x563B,0xFFFF,0x05DB,0xFFFF,0x059B,0x059A,0x159B,0x059B,0x059B,0x05BB,0x05BB,0x059B,0x059A,0x05BB,0x05BB,0x05BB,0x05BB,0x059B,0x059B,0x059A,0x05BB,0x059B,0x059B,0x05BB,0x05BB,0x05BB,0x05BB,0x05BB,0x05BB,0x05BB,0x05BB,0x05BB,0x05BB,0x05BB,0x05BB,0x05BB,0x05BB,0x05BB,0x059B,0x05BB,0x05BB,0x059B,0x05BB,0x05BB,0x059B,0x059B,0x059B,0x05BB,0x05BB,0x059B,
0x05BB,0x059B,0x05BB,0x059A,0x059B,0x05BB,0x059B,0x05BB,0x05BB,0x05BB,0x05BB,0x05BB,0x05BB,0x05BB,0x05BB,0x05BB,0x05BB,0x05BB,0x05BB,0x05BB,0x05BB,0x05BB,0x05BB,0x059B,0x059B,0x05BB,0x059B,0x059B,0x05BB,0x059B,0x05BB,0x05BB,0x05BB,0x059B,0x05BB,0x05BB,0x05BB,0x05BB,0x05BB,0x05BB,0x05BB,0x059B,0x059B,0x059B,0xFFFF,0x059B,0xFFFF,0xFFFF,0xDFBF,0xFFFF,0xE7BF,0x96FD,0xC75E,0x059B,0x05BB,0x05BB,0x059B,0x059B,0x059B,0x05BB,0x05BB,0x05BB,0x05BB,0x05BB,0x059B,0x059B,0x05BB,0x05BB,0x059B,0x05BB,0x05BB,0x05BB,0x05BB,0x05BB,0x05BB,0x05BB,0x059B,0x05BB,0x05BB,0x05BB,0x05BB,0x059B,0x05BB,0x059B,0x059B,0x05BB,0x059B,0x059B,0x05BB,0x05BB,0x059A,0x059A,0x059A,0x05BB,0x05BB,0x059B,
0x05BB,0x05BB,0x05BB,0x059B,0x059B,0x05BB,0x059B,0x059B,0x05BB,0x059B,0x05BB,0x05BB,0x05BB,0x05BB,0x059B,0x05BB,0x05BB,0x05BB,0x05BB,0x05BB,0x05BB,0x05BB,0x05BB,0x059B,0x059B,0x05BB,0x05BB,0x05BB,0x05BB,0x059A,0x05BB,0x059B,0x05BB,0x059B,0x05BB,0x059B,0x05BB,0x05BB,0x05BB,0x05BB,0x059B,0x059B,0x059B,0x059B,0xFFFF,0x05BB,0x9EFD,0xFFFF,0x05DB,0xFFFF,0x059B,0xFFFF,0xFFFF,0x05BB,0x059B,0x05BB,0x059B,0x059B,0x05BB,0x05BB,0x05BB,0x059B,0x059B,0x05BB,0x05BB,0x059B,0x05BB,0x059B,0x059A,0x059B,0x05BB,0x05BB,0x05BB,0x05BB,0x05BB,0x05BB,0x05BB,0x05BB,0x059B,0x05BB,0x05BB,0x05BB,0x05BB,0x059B,0x059B,0x05BB,0x059B,0x059B,0x05BB,0x05BB,0x05BB,0x059A,0x05BB,0x059B,0x059B,0x05BB,
0x059B,0x059B,0x05BB,0x05BB,0x05BB,0x05BB,0x05BB,0x059B,0x05BB,0x05BB,0x05BB,0x05BB,0x05BB,0x05BB,0x059B,0x05BB,0x05BB,0x05BB,0x059A,0x05BB,0x05BB,0x059B,0x059B,0x05BB,0x05BB,0x059B,0x059B,0x059B,0x059B,0x05BB,0x059B,0x05BB,0x05BB,0x05BB,0x05BB,0x059B,0x05BB,0x05BB,0x05BB,0x05BB,0x059A,0x059B,0x059B,0x05BB,0xFFFF,0x059A,0xA71E,0xFFFF,0x05DB,0xFFFF,0x059B,0xFFFF,0xFFFF,0x05BB,0x059B,0x059B,0x059B,0x059B,0x059B,0x05BB,0x059B,0x05BB,0x05BB,0x059B,0x059B,0x059B,0x05BB,0x05BB,0x059B,0x059B,0x05BB,0x05BB,0x05BB,0x05BB,0x05BB,0x05BB,0x059B,0x059B,0x059B,0x059B,0x059B,0x05BB,0x05BB,0x059B,0x05BB,0x05BB,0x05BB,0x059B,0x05BB,0x05BB,0x05BB,0x05BB,0x059B,0x05BB,0x05BB,0x05BB,
0x059A,0x05BB,0x059A,0x05BB,0x059B,0x059B,0x05BB,0x05BB,0x05BB,0x05BB,0x05BB,0x05BB,0x05BB,0x05BB,0x059B,0x05BB,0x05BB,0x05BB,0x05BB,0x05BB,0x05BB,0x059B,0x059B,0x059B,0x05BB,0x05BB,0x05BB,0x059B,0x05BB,0x05BB,0x05BB,0x05BB,0x05BB,0x05BB,0x05BB,0x059B,0x05BB,0x05BB,0x059A,0x05BB,0x059B,0x059A,0x05BB,0x05BB,0xFFFF,0x057A,0xAF1E,0xFFFF,0x05DB,0xFFFF,0x05BB,0xFFFF,0xFFFF,0x059B,0x059B,0x059B,0x05BB,0x05BB,0x059B,0x059B,0x05BB,0x05BB,0x05BB,0x05BB,0x05BB,0x05BB,0x05BB,0x05BB,0x059A,0x059A,0x059B,0x059A,0x059B,0x05BB,0x05BB,0x059B,0x059B,0x059B,0x05BB,0x05BB,0x05BB,0x05BB,0x05BB,0x059B,0x05BB,0x059B,0x059A,0x059B,0x059B,0x05BB,0x05BB,0x059B,0x059B,0x05BB,0x05BB,0x05BB,
0x05BB,0x05BB,0x05BB,0x05BB,0x059B,0x05BB,0x05BB,0x05BB,0x05BB,0x05BB,0x05BB,0x05BB,0x05BB,0x05BB,0x05BB,0x05BB,0x05BB,0x05BB,0x05BB,0x05BB,0x05BB,0x05BB,0x05BB,0x05BB,0x05BB,0x059B,0x05BB,0x05BB,0x05BB,0x05BB,0x05BB,0x05BB,0x05BB,0x05BB,0x059B,0x05BB,0x05BB,0x05BB,0x059A,0x05BB,0x059A,0x059B,0x059B,0x157A,0xFFFF,0xEFDF,0xFFFF,0xFFFF,0x8EFD,0xFFFF,0x8EFD,0xFFFF,0xFFFF,0x059B,0x059B,0x059B,0x05BB,0x05BB,0x059A,0x059A,0x05BB,0x05BB,0x059B,0x05BB,0x05BB,0x05BB,0x05BB,0x05BB,0x059A,0x059B,0x05BB,0x05BB,0x059B,0x05BB,0x05BB,0x05BB,0x05BB,0x059B,0x05BB,0x059B,0x05BB,0x05BB,0x05BB,0x059B,0x05BB,0x05BB,0x05BB,0x05BB,0x05BB,0x059B,0x059B,0x05BB,0x05BB,0x05BB,0x059B,0x059B,
0x05BB,0x05BB,0x059B,0x05BB,0x059B,0x05BB,0x05BB,0x05BB,0x05BB,0x05BB,0x05BB,0x05BB,0x05BB,0x059B,0x059B,0x059B,0x059B,0x05BB,0x05BB,0x05BB,0x05BB,0x05BB,0x05BB,0x05BB,0x05BB,0x059B,0x05BB,0x05BB,0x05BB,0x05BB,0x05BB,0x05BB,0x05BB,0x059B,0x05BB,0x05BB,0x059B,0x05BB,0x059B,0x059B,0x8F1D,0xFFFF,0xD79F,0x05DB,0xFFFF,0x05BB,0x9F1E,0xFFFF,0x05BB,0xFFFF,0x05BB,0xFFFF,0xFFFF,0x059B,0xFFFF,0xFFFF,0x05DB,0x05BB,0x05BB,0x059A,0x059B,0x059B,0x059B,0x059B,0x05BB,0x05BB,0x059B,0x059B,0x059B,0x059B,0x05BB,0x05BB,0x05BB,0x05BB,0x05BB,0x05BB,0x05BB,0x059B,0x059B,0x059A,0x059B,0x059A,0x05BB,0x05BB,0x059B,0x059B,0x05BB,0x05BB,0x05BB,0x05BB,0x05BB,0x05BB,0x05BB,0x05BB,0x05BB,0x059B,
0x05BB,0x05BB,0x05BB,0x059B,0x059B,0x059B,0x05BB,0x05BB,0x05BB,0x05BB,0x05BB,0x05BB,0x05BB,0x059A,0x059B,0x05BB,0x05BB,0x059B,0x05BB,0x05BB,0x05BB,0x05BB,0x05BB,0x05BB,0x05BB,0x05BB,0x059B,0x05BB,0x05BB,0x05BB,0x05BB,0x05BB,0x05BB,0x05BB,0x059B,0x05BB,0x059B,0x059B,0x05BB,0x76BD,0xFFFF,0xFFFF,0xFFFF,0xFFFF,0xFFFF,0x05DB,0x96FD,0xFFFF,0x057A,0xFFFF,0x05BB,0xFFFF,0xFFFF,0xFFFF,0xFFFF,0xFFFF,0xFFFF,0x05BB,0x05BB,0x059B,0x059B,0x059B,0x059B,0x05BB,0x05BB,0x05BB,0x059B,0x05BB,0x059B,0x059B,0x059B,0x05BB,0x05BB,0x05BB,0x05BB,0x05BB,0x05BB,0x059B,0x059B,0x059B,0x059B,0x059B,0x059B,0x05BB,0x059B,0x059B,0x05BB,0x059B,0x05BB,0x05BB,0x05BB,0x05BB,0x05BB,0x05BB,0x05BB,0x05BB,
0x05BB,0x05BB,0x05BB,0x059B,0x05BB,0x05BB,0x05BB,0x059B,0x05BB,0x05BB,0x05BB,0x05BB,0x05BB,0x059B,0x05BB,0x059B,0x05BB,0x05BB,0x05BB,0x059B,0x05BB,0x05BB,0x05BB,0x059B,0x05BB,0x05BB,0x05BB,0x059B,0x05BB,0x05BB,0x05BB,0x05BB,0x05BB,0x059B,0x05BB,0x05BB,0x059B,0x059B,0x05BB,0x05BB,0x05BB,0x059B,0x059B,0x05BA,0xFFFF,0x059B,0xFFFF,0xFFFF,0xE7DF,0xFFFF,0xD7BF,0xFFFF,0xFFFF,0x05BB,0x05BB,0x059A,0x05BB,0x05BB,0x059A,0x059B,0x05BB,0x059B,0x05BB,0x05BB,0x05BB,0x05BB,0x059B,0x05BB,0x05BB,0x05BB,0x05BB,0x059B,0x059B,0x05BB,0x05BB,0x05BB,0x05BB,0x05BB,0x05BB,0x05BB,0x05BB,0x05BB,0x05BB,0x059B,0x05BB,0x05BB,0x05BB,0x05BB,0x059B,0x05BB,0x05BB,0x05BB,0x05BB,0x05BB,0x05BB,0x05BB,
0x059A,0x059B,0x05BB,0x05BB,0x05BB,0x059B,0x05BB,0x05BB,0x05BB,0x05BB,0x059B,0x059B,0x05BB,0x05BB,0x059B,0x05BB,0x05BB,0x059B,0x05BB,0x05BB,0x059A,0x05BB,0x05BB,0x05BB,0x059B,0x05BB,0x05BB,0x05BB,0x05BB,0x05BB,0x05BB,0x05BB,0x05BB,0x05BB,0x059B,0x05BB,0x05BB,0x059B,0x059B,0x96FE,0xFFFF,0xFFFF,0xFFFF,0x05BB,0xFFFF,0xFFFF,0xFFFF,0x15BB,0x0DFC,0x057B,0xFFFF,0xFFFF,0xFFFF,0x057A,0xFFFF,0xFFFF,0xFFFF,0x05BB,0x05BB,0x05BB,0x05BB,0x05BB,0x05BB,0x05BB,0x059B,0x059B,0x05BB,0x059B,0x059A,0x059B,0x059B,0x059A,0x05BB,0x05BB,0x05BB,0x05BB,0x05BB,0x05BB,0x05BB,0x05BB,0x05BB,0x05BB,0x05BB,0x05BB,0x059B,0x05BB,0x05BB,0x05BB,0x05BB,0x05BB,0x05BB,0x059B,0x05BB,0x05BB,0x05BB,0x05BB,
0x059B,0x059B,0x05BB,0x05BB,0x059B,0x05BB,0x05BB,0x059B,0x05BB,0x059B,0x059B,0x05BB,0x059B,0x059B,0x05BB,0x05BB,0x05BB,0x059B,0x059B,0x059B,0x059B,0x05BB,0x05BB,0x05BB,0x05BB,0x05BB,0x05BB,0x05BB,0x05BB,0x05BB,0x05BB,0x05BB,0x05BB,0x05BB,0x05BB,0x05BB,0x059B,0x059B,0x4E1B,0xFFFF,0xFFFF,0xFFFF,0xFFFF,0xFFFF,0xFFFF,0xFFFF,0x0E1C,0xFFFF,0x055A,0xFFFF,0xE7DF,0xFFFF,0xFFFF,0xFFFF,0xFFFF,0xFFFF,0xFFFF,0xFFFF,0x05BB,0x05BB,0x05BB,0x059B,0x059B,0x05BB,0x059B,0x059B,0x05BB,0x059B,0x059A,0x059B,0x05BB,0x059A,0x05BB,0x05BB,0x05BB,0x059B,0x05BB,0x059B,0x05BB,0x05BB,0x05BB,0x05BB,0x05BB,0x05BB,0x05BB,0x059B,0x05BB,0x059B,0x059B,0x059B,0x059B,0x05BB,0x059B,0x05BB,0x05BB,0x05BB,
0x05BB,0x059B,0x05BB,0x05BB,0x059B,0x05BB,0x05BB,0x05BB,0x05BB,0x05BB,0x05BB,0x05BB,0x05BB,0x059B,0x059B,0x05BB,0x05BB,0x05BB,0x05BB,0x05BB,0x059B,0x05BB,0x05BB,0x05BB,0x05BB,0x05BB,0x05BB,0x05BB,0x05BB,0x059B,0x05BB,0x059B,0x059B,0x05BB,0x05BB,0x059B,0x059B,0x059B,0x05BB,0x05BB,0x05DB,0x05DB,0x05BB,0x05BB,0xFFFF,0xFFFF,0x8EFD,0x769C,0x9EFD,0x7EBD,0x771E,0xFFFF,0xFFFF,0x05DB,0x05DB,0x059B,0x05BB,0x05BB,0x05BB,0x05BB,0x05BB,0x059B,0x059B,0x059B,0x059B,0x059B,0x05BB,0x05BB,0x059B,0x059B,0x05BB,0x059B,0x05BB,0x05BB,0x05BB,0x05BB,0x05BB,0x05BB,0x05BB,0x05BB,0x05BB,0x05BB,0x05BB,0x05BB,0x05BB,0x059B,0x05BB,0x05BB,0x059B,0x059B,0x05BB,0x059B,0x05BB,0x05BB,0x059B,0x05BB,
0x05BB,0x059B,0x05BB,0x059B,0x059B,0x05BB,0x05BB,0x05BB,0x05BB,0x05BB,0x059B,0x05BB,0x05BB,0x059B,0x059B,0x059B,0x05BB,0x05BB,0x059B,0x05BB,0x05BB,0x05BB,0x05BB,0x05BB,0x05BB,0x05BB,0x05BB,0x05BB,0x05BB,0x05BB,0x059B,0x05BB,0x05BB,0x05BB,0x05BB,0x05BB,0x05BB,0x05BB,0x05BB,0xC77E,0xF7FF,0xFFFF,0xFFFF,0x059A,0x9F1E,0xEFDF,0xFFFF,0x059A,0xFFFF,0x563B,0xFFFF,0x86BC,0x86BC,0x0DBB,0x8EFD,0xDFBF,0xFFFF,0x059B,0x059B,0x05BB,0x05BB,0x05BB,0x059B,0x059B,0x059B,0x059B,0x059B,0x05BB,0x05BB,0x05BB,0x059B,0x05BB,0x05BB,0x05BB,0x05BB,0x05BB,0x05BB,0x05BB,0x05BB,0x05BB,0x059B,0x05BB,0x05BB,0x05BB,0x05BB,0x05BB,0x05BB,0x05BB,0x05BB,0x05BB,0x05BB,0x05BB,0x05BB,0x059B,0x059B,0x059B,
0x059B,0x05BB,0x05BB,0x05BB,0x05BB,0x05BB,0x05BB,0x05BB,0x05BB,0x059B,0x059B,0x059B,0x059B,0x05BB,0x059B,0x059B,0x05BB,0x05BB,0x059B,0x05BB,0x05BB,0x05BB,0x05BB,0x05BB,0x05BB,0x059B,0x059B,0x059B,0x05BB,0x059B,0x05BB,0x05BB,0x059B,0x05BB,0x05BB,0x05BB,0x05BB,0x05BB,0x059B,0x7EDD,0xFFFF,0xFFFF,0xFFFF,0x05BB,0xFFFF,0xE7DF,0x15BB,0xB73E,0xFFFF,0x055B,0x0D9A,0xFFFF,0xD79E,0x5E7C,0xFFFF,0xFFFF,0xFFFF,0x059B,0x059A,0x059A,0x059B,0x05BB,0x05BB,0x059B,0x05BB,0x059A,0x059A,0x059B,0x059B,0x05BB,0x059B,0x059B,0x059B,0x05BB,0x059B,0x059B,0x059B,0x05BB,0x05BB,0x05BB,0x05BB,0x059B,0x059B,0x059A,0x05BB,0x059B,0x05BB,0x05BB,0x05BB,0x059A,0x059A,0x059B,0x05BB,0x05BB,0x059B,0x059B,
0x059B,0x059B,0x05BB,0x05BB,0x05BB,0x05BB,0x05BB,0x05BB,0x05BB,0x059B,0x059B,0x05BB,0x059B,0x059B,0x05BB,0x059B,0x05BB,0x05BB,0x05BB,0x05BB,0x05BB,0x05BB,0x059B,0x05BB,0x05BB,0x05BB,0x059B,0x059B,0x05BB,0x059B,0x05BB,0x05BB,0x05BB,0x059B,0x05BB,0x05BB,0x05BB,0x05BB,0x05BB,0x057A,0xFFFF,0xFFFF,0xFFFF,0x053A,0xEFDF,0xFFFF,0x05DC,0xFFFF,0xFFFF,0xFFFF,0x6E9D,0xFFFF,0x05BB,0xFFFF,0xFFFF,0xFFFF,0xFFFF,0x05BB,0x059B,0x059A,0x059A,0x05BB,0x05BB,0x05BB,0x059A,0x059B,0x05BB,0x059B,0x05BB,0x059B,0x059A,0x05BB,0x05BB,0x05BB,0x059B,0x059B,0x059B,0x05BB,0x05BB,0x05BB,0x059B,0x05BB,0x059B,0x05BB,0x059B,0x059B,0x05BB,0x059B,0x059B,0x05BB,0x05BB,0x05BB,0x05BB,0x05BB,0x05BB,0x05BB,
0x059A,0x059B,0x059A,0x059B,0x05BB,0x05BB,0x05BB,0x05BB,0x05BB,0x059B,0x059B,0x05BB,0x059A,0x059B,0x059B,0x059B,0x059B,0x05BB,0x05BB,0x05BB,0x05BB,0x05BB,0x059B,0x059B,0x059B,0x059B,0x059B,0x05BB,0x059B,0x059B,0x05BB,0x05BB,0x05BB,0x05BB,0x059B,0x05BB,0x05BB,0x05BB,0x05BB,0x05BB,0xFFFF,0xFFFF,0xFFFF,0xFFFF,0x05BB,0xFFFF,0xFFFF,0x7EFD,0x05BB,0xFFFF,0xFFFF,0xB73E,0x057A,0xFFFF,0xFFFF,0xFFFF,0xE7BF,0x059B,0x05BB,0x05BB,0x05BB,0x059B,0x05BB,0x05BB,0x05BB,0x05BB,0x05BB,0x059A,0x059B,0x05BB,0x059B,0x059B,0x05BB,0x059B,0x059B,0x059B,0x059B,0x05BB,0x05BB,0x05BB,0x05BB,0x05BB,0x05BB,0x05BB,0x05BB,0x059B,0x059A,0x05BB,0x059A,0x05BB,0x05BB,0x05BB,0x05BB,0x05BB,0x05BB,0x05BB,
0x059B,0x05BB,0x059B,0x059B,0x05BB,0x05BB,0x05BB,0x05BB,0x05BB,0x05BB,0x05BB,0x059B,0x05BB,0x059B,0x05BB,0x05BB,0x05BB,0x05BB,0x05BB,0x059B,0x05BB,0x059B,0x059B,0x059B,0x05BB,0x05BB,0x059B,0x05BB,0x059B,0x059B,0x059B,0x05BB,0x05BB,0x05BB,0x05BB,0x059B,0x05BB,0x05BB,0x05BB,0x05BB,0x7EBD,0xFFFF,0xFFFF,0xFFFF,0xFFFF,0x059A,0xFFFF,0xFFFF,0xEFDF,0xFFFF,0x0D9B,0x05DB,0xFFFF,0xFFFF,0xFFFF,0xFFFF,0x059B,0x059B,0x05BB,0x059A,0x05BB,0x05BB,0x05BB,0x05BB,0x05BB,0x059B,0x05BB,0x059B,0x059B,0x059B,0x059B,0x05BB,0x05BB,0x05BB,0x05BB,0x059A,0x05BB,0x05BB,0x05BB,0x059B,0x05BB,0x05BB,0x05BB,0x05BB,0x059B,0x059B,0x05BB,0x059B,0x059A,0x05BB,0x05BB,0x05BB,0x05BB,0x05BB,0x05BB,0x05BB,
0x05BB,0x05BB,0x059B,0x05BB,0x059B,0x05BB,0x05BB,0x05BB,0x059B,0x05BB,0x05BB,0x05BB,0x05BB,0x059A,0x05BB,0x05BB,0x05BB,0x05BB,0x05BB,0x059A,0x059B,0x059B,0x059B,0x059B,0x05BB,0x05BB,0x05BB,0x059B,0x05BB,0x05BB,0x059B,0x05BB,0x05BB,0x059B,0x05BB,0x05BB,0x05BB,0x05BB,0x05BB,0x05BB,0x05BB,0xFFFF,0xFFFF,0xFFFF,0xFFFF,0xFFFF,0x057A,0x05BB,0x05BB,0x05BB,0xCF9F,0xFFFF,0xFFFF,0xFFFF,0xFFFF,0x3DDB,0x059B,0x059B,0x059B,0x05BB,0x05BB,0x05BB,0x05BB,0x05BB,0x059B,0x059B,0x059B,0x059B,0x059B,0x059B,0x05BB,0x05BB,0x05BB,0x05BB,0x05BB,0x059B,0x05BB,0x05BB,0x05BB,0x05BB,0x05BB,0x05BB,0x05BB,0x05BB,0x059B,0x059B,0x059B,0x059B,0x05BB,0x05BB,0x05BB,0x05BB,0x05BB,0x05BB,0x05BB,0x05BB,
0x05BB,0x05BB,0x05BB,0x05BB,0x059B,0x05BB,0x05BB,0x05BB,0x05BB,0x05BB,0x05BB,0x05BB,0x05BB,0x05BB,0x05BB,0x05BB,0x05BB,0x05BB,0x05BB,0x059B,0x059B,0x05BB,0x05BB,0x05BB,0x05BB,0x05BB,0x05BB,0x059B,0x059B,0x059B,0x059B,0x059B,0x05BB,0x059B,0x059B,0x05BB,0x059B,0x059B,0x05BB,0x059B,0x05BB,0x05BB,0xFFFF,0xFFFF,0xFFFF,0xFFFF,0xFFFF,0xFFFF,0x05BB,0xFFFF,0xFFFF,0xFFFF,0xFFFF,0xFFFF,0xE7BF,0x059B,0x059B,0x05BB,0x05BB,0x05BB,0x05BB,0x059A,0x05BB,0x05BB,0x059B,0x059B,0x059B,0x059B,0x059B,0x059B,0x05BB,0x059B,0x05BB,0x05BB,0x05BB,0x059B,0x05BB,0x05BB,0x05BB,0x05BB,0x05BB,0x05BB,0x05BB,0x05BB,0x059B,0x059B,0x059B,0x05BB,0x059B,0x05BB,0x05BB,0x05BB,0x05BB,0x05BB,0x05BB,0x05BB,
0x059B,0x05BB,0x059B,0x059B,0x05BB,0x05BB,0x05BB,0x05BB,0x05BB,0x059B,0x059B,0x05BB,0x05BB,0x05BB,0x059B,0x05BB,0x05BB,0x05BB,0x05BB,0x05BB,0x059B,0x059B,0x059B,0x059B,0x05BB,0x05BB,0x05BB,0x05BB,0x05BB,0x05BB,0x05BB,0x05BB,0x05BB,0x05BB,0x059B,0x059B,0x05BB,0x05BB,0x05BB,0x05BB,0x05BB,0x059B,0x057A,0xFFFF,0xFFFF,0xFFFF,0xFFFF,0xFFFF,0x05BB,0xFFFF,0xFFFF,0xFFFF,0xFFFF,0x563B,0x059B,0x059A,0x059B,0x05BB,0x059B,0x059B,0x059B,0x059B,0x059B,0x05BB,0x05BB,0x059B,0x05BB,0x059B,0x059B,0x059B,0x05BB,0x059B,0x05BB,0x05BB,0x059B,0x059B,0x05BB,0x05BB,0x05BB,0x05BB,0x05BB,0x05BB,0x05BB,0x05BB,0x059A,0x059A,0x05BB,0x05BB,0x05BB,0x05BB,0x05BB,0x05BB,0x05BB,0x05BB,0x05BB,0x059B,
0x059B,0x05BB,0x05BB,0x059B,0x059B,0x059B,0x05BB,0x05BB,0x05BB,0x059B,0x05BB,0x059B,0x05BB,0x059B,0x05BB,0x05BB,0x05BB,0x05BB,0x05BB,0x05BB,0x05BB,0x05BB,0x059B,0x05BB,0x05BB,0x05BB,0x05BB,0x05BB,0x05BB,0x05BB,0x059B,0x05BB,0x05BB,0x05BB,0x059B,0x059B,0x059B,0x05BB,0x05BB,0x059B,0x059B,0x059A,0x059B,0x05BB,0x05BB,0xFFFF,0xFFFF,0xFFFF,0x05DB,0xFFFF,0xFFFF,0xFFFF,0x05BB,0x05BB,0x059B,0x059A,0x05BB,0x05BB,0x05BB,0x059B,0x059A,0x059B,0x059B,0x059B,0x059B,0x059B,0x059B,0x059B,0x05BB,0x05BB,0x05BB,0x059B,0x059B,0x059B,0x059B,0x059B,0x05BB,0x05BB,0x059B,0x05BB,0x05BB,0x05BB,0x05BB,0x05BB,0x05BB,0x05BB,0x059B,0x059B,0x059B,0x05BB,0x05BB,0x05BB,0x05BB,0x05BB,0x05BB,0x05BB,
0x05BB,0x059B,0x05BB,0x059B,0x05BB,0x059B,0x05BB,0x05BB,0x05BB,0x05BB,0x05BB,0x05BB,0x05BB,0x059B,0x05BB,0x05BB,0x05BB,0x05BB,0x05BB,0x05BB,0x05BB,0x05BB,0x05BB,0x05BB,0x05BB,0x05BB,0x059B,0x059B,0x059A,0x05BB,0x05BB,0x05BB,0x059B,0x059B,0x059B,0x059B,0x059B,0x05BB,0x059A,0x059A,0x059A,0x059B,0x059B,0x059B,0x059B,0x059B,0x059A,0x05BB,0x05BB,0x05BB,0x059A,0x059A,0x05BB,0x05BB,0x059B,0x059A,0x059B,0x059B,0x059B,0x059B,0x05BB,0x059B,0x059A,0x059A,0x059A,0x05BB,0x059B,0x059B,0x05BB,0x05BB,0x05BB,0x059B,0x059B,0x059B,0x05BB,0x05BB,0x05BB,0x05BB,0x05BB,0x05BB,0x05BB,0x05BB,0x059B,0x05BB,0x05BB,0x05BB,0x059B,0x059A,0x059B,0x05BB,0x05BB,0x05BB,0x05BB,0x05BB,0x05BB,0x05BB,
0x05BB,0x059B,0x059B,0x05BB,0x05BB,0x05BB,0x05BB,0x05BB,0x05BB,0x05BB,0x05BB,0x059B,0x05BB,0x05BB,0x059B,0x059B,0x05BB,0x05BB,0x059B,0x059B,0x05BB,0x05BB,0x05BB,0x05BB,0x05BB,0x05BB,0x05BB,0x05BB,0x059A,0x05BB,0x05BB,0x059B,0x059B,0x059A,0x059B,0x059B,0x05BB,0x05BB,0x05BB,0x059A,0x059B,0x059A,0x059B,0x059A,0x059B,0x05BB,0x059B,0x059B,0x059B,0x05BB,0x059B,0x059B,0x05BB,0x05BB,0x05BB,0x059B,0x05BB,0x059B,0x059B,0x059B,0x059B,0x059B,0x05BB,0x05BB,0x05BB,0x059B,0x059A,0x05BB,0x05BB,0x059B,0x05BB,0x059B,0x059B,0x059B,0x05BB,0x05BB,0x05BB,0x05BB,0x05BB,0x05BB,0x05BB,0x059B,0x059B,0x05BB,0x059B,0x05BB,0x05BB,0x059B,0x05BB,0x059B,0x05BB,0x05BB,0x05BB,0x059B,0x05BB,0x05BB,
0x059B,0x059B,0x059B,0x05BB,0x05BB,0x05BB,0x05BB,0x05BB,0x05BB,0x05BB,0x059B,0x05BB,0x05BB,0x05BB,0x05BB,0x059A,0x059B,0x05BB,0x059B,0x059B,0x05BB,0x05BB,0x05BB,0x05BB,0x059A,0x05BB,0x05BB,0x05BB,0x05BB,0x05BB,0x05BB,0x05BB,0x059A,0x059B,0x05BB,0x059A,0x05BB,0x05BB,0x05BB,0x05BB,0x059A,0x05BB,0x059B,0x059B,0x059B,0x05BB,0x059A,0x05BB,0x059B,0x059B,0x059A,0x059B,0x059B,0x059B,0x059B,0x05BB,0x05BB,0x05BB,0x059A,0x059B,0x05BB,0x05BB,0x05BB,0x05BB,0x059B,0x059B,0x059B,0x05BB,0x05BB,0x05BB,0x05BB,0x059A,0x05BB,0x05BB,0x05BB,0x059B,0x059B,0x059B,0x05BB,0x05BB,0x05BB,0x059B,0x05BB,0x059B,0x05BB,0x05BB,0x05BB,0x05BB,0x05BB,0x05BB,0x05BB,0x05BB,0x059B,0x05BB,0x05BB,0x05BB,
0x059B,0x059B,0x05BB,0x05BB,0x059B,0x059B,0x05BB,0x05BB,0x05BB,0x05BB,0x059B,0x059B,0x05BB,0x05BB,0x05BB,0x059B,0x059B,0x05BB,0x059B,0x05BB,0x05BB,0x05BB,0x059B,0x059A,0x059B,0x05BB,0x05BB,0x059A,0x05BB,0x15DB,0x05BB,0x05BB,0x05BB,0x059B,0x059B,0x05BB,0x059A,0x05BB,0x059B,0x05BB,0x05BB,0x05BB,0x05BB,0x05BB,0x05BB,0x05BB,0x059B,0x05BB,0x05BB,0x059B,0x05BA,0x059B,0x05BB,0x05BB,0x059B,0x0DDB,0x05BB,0x05BB,0x05BB,0x05BB,0x05BB,0x05DB,0x059B,0x05BB,0x059B,0x05BB,0x05BB,0x05BB,0x05BB,0x05BB,0x05BB,0x059B,0x059B,0x05BB,0x05BB,0x059B,0x05BB,0x059B,0x05BB,0x05BB,0x05BB,0x05BB,0x05BB,0x059B,0x059B,0x05BB,0x059B,0x05BB,0x05BB,0x059B,0x05BB,0x05BB,0x05BB,0x05BB,0x05BB,0x05BB,
0x05BB,0x059B,0x05BB,0x059B,0x059B,0x05BB,0x05BB,0x05BB,0x05BB,0x05BB,0x059B,0x059B,0x05BB,0x05BB,0x05BB,0x05BB,0x05BB,0x05BB,0x059A,0x05BB,0x05BB,0x05BB,0x059B,0x059B,0x05BB,0x059B,0x059B,0x059B,0x059A,0xFFFF,0x05BB,0x05BB,0x971E,0xDFBF,0x7EDD,0x05BB,0x059A,0x3E3C,0xDF9E,0x761B,0x059A,0x05BB,0x05BB,0xEFDF,0xFFFF,0x05BB,0x059B,0x059A,0xFFFF,0xFFFF,0x059A,0xFFFF,0x05BB,0x059A,0x2DFB,0x869C,0xFFFF,0x057A,0x05BB,0x05BB,0xFFFF,0x059A,0xFFFF,0x059B,0x059A,0x0D59,0xC75E,0x059B,0x059B,0x059B,0x05BB,0x059B,0x05BB,0x05BB,0x05BB,0x059B,0x05BB,0x05BB,0x05BB,0x05BB,0x05BB,0x05BB,0x05BB,0x05BB,0x059B,0x059A,0x059B,0x059B,0x05BB,0x059B,0x059B,0x059B,0x059B,0x05BB,0x05BB,0x05BB,
0x059B,0x059B,0x059B,0x05BB,0x05BB,0x05BB,0x05BB,0x05BB,0x05BB,0x05BB,0x059B,0x059B,0x05BB,0x05BB,0x05BB,0x05BB,0x05BB,0x059B,0x059B,0x05BB,0x05BB,0x059A,0x059A,0x059B,0x05BB,0x05BB,0x059B,0x059B,0x059B,0xFFFF,0x05BB,0x05BB,0x0DFC,0xFFFF,0xFFFF,0x05BB,0x059B,0x059B,0xBF5E,0x0D7A,0x059B,0x05BB,0x05BB,0xFFFF,0x4E1B,0x4E3C,0x05BB,0x059B,0xFFFF,0x1539,0x259A,0xFFFF,0x05BB,0x059A,0x3E3C,0xFFFF,0xFFFF,0x05BB,0x059B,0x059B,0xFFFF,0x05BB,0xFFFF,0x05BB,0x059B,0x0D7A,0xBF7E,0x059B,0x059A,0x059B,0x05BB,0x05BB,0x05BB,0x05BB,0x05BB,0x05BB,0x05BB,0x05BB,0x05BB,0x05BB,0x05BB,0x05BB,0x05BB,0x05BB,0x059B,0x05BB,0x059B,0x059A,0x059B,0x05BB,0x059B,0x059B,0x05BB,0x05BB,0x05BB,0x05BB,
0x05BB,0x05BB,0x05BB,0x05BB,0x059B,0x059B,0x05BB,0x05BB,0x05BB,0x059B,0x059B,0x059B,0x05BB,0x05BB,0x05BB,0x05BB,0x05BB,0x05BB,0x05BB,0x05BB,0x059B,0x059A,0x059A,0x059B,0x059B,0x05BB,0x05BB,0x05BB,0x059A,0xFFFF,0x05BB,0x05BB,0x567C,0x0D9A,0xFFFF,0x059A,0x059A,0x059B,0xBF5E,0x0D5A,0x05BB,0x05BB,0x159A,0xEFBF,0xBF5E,0xFFFF,0x059B,0x05BB,0xFFFF,0x0DDB,0xFFFF,0xFFFF,0x059B,0x059B,0x35FB,0x869C,0xFFFF,0x15BB,0x059B,0x05BB,0xFFFF,0x0DBA,0xFFFF,0x05BB,0x059A,0x0D9A,0xCF9E,0x35FB,0x059A,0x059B,0x05BB,0x05BB,0x059B,0x05BB,0x05BB,0x05BB,0x059B,0x059B,0x059B,0x059B,0x05BB,0x05BB,0x059B,0x05BB,0x05BB,0x05BB,0x05BB,0x05BB,0x059B,0x05BB,0x05BB,0x05BB,0x05BB,0x05BB,0x059B,0x05BB,
0x05BB,0x05BB,0x05BB,0x059B,0x059B,0x059B,0x05BB,0x05BB,0x05BB,0x05BB,0x059B,0x05BB,0x05BB,0x05BB,0x05BB,0x05BB,0x05BB,0x05BB,0x05BB,0x059A,0x059A,0x059B,0x059B,0x059A,0x059B,0x05BB,0x05BB,0x05BB,0x059A,0x05BB,0x05BB,0x05BB,0x05BB,0x059A,0x05BB,0x059B,0x059A,0x059B,0x05BB,0x059B,0x059B,0x05BB,0x05BB,0x05BB,0x05BB,0x05BB,0x05BB,0x05BB,0x05BB,0x05BB,0x059B,0x05BB,0x05BB,0x059B,0x05BB,0x05BB,0x05BB,0x059B,0x059A,0x059B,0x05BB,0x057A,0x059B,0x059B,0x059A,0x05BB,0x05BB,0x059B,0x059B,0x059A,0x05BB,0x059A,0x059B,0x05BB,0x05BB,0x05BB,0x059A,0x059B,0x059B,0x059B,0x059B,0x05BB,0x05BB,0x05BB,0x05BB,0x05BB,0x05BB,0x05BB,0x059B,0x05BB,0x059B,0x05BB,0x05BB,0x05BB,0x059B,0x05BB,
0x05BB,0x05BB,0x05BB,0x05BB,0x059B,0x05BB,0x05BB,0x05BB,0x05BB,0x059B,0x05BB,0x05BB,0x059B,0x059A,0x059A,0x05BB,0x05BB,0x05BB,0x05BB,0x059A,0x059A,0x059A,0x059A,0x05BB,0x05BB,0x059A,0xFFFF,0x05BB,0xFFFF,0x05BB,0x05BB,0x05BB,0x059A,0x05BB,0x05BB,0x059B,0x059A,0x059B,0x05BB,0x159B,0xFFFF,0xCF7E,0xF7DF,0x059B,0x05BB,0x05BB,0x05BB,0x05BB,0x05BB,0x059B,0x059A,0x05BB,0x05BB,0x05BB,0x05BB,0x05BB,0x05BB,0x05BB,0x05BB,0x059A,0x059A,0x059A,0x059A,0x059B,0x059B,0x05BB,0x05BB,0x059B,0x059B,0x05BB,0x059B,0x059A,0xFFFF,0x05BB,0x059B,0x059A,0x05BB,0x059B,0x059B,0x059A,0x059B,0x05BB,0x05BB,0x05BB,0x05BB,0x05BB,0x05BB,0x05BB,0x059B,0x05BB,0x059B,0x059B,0x059A,0x05BB,0x05BB,0x05BB,
0x059B,0x059B,0x05BB,0x059B,0x059B,0x059B,0x059A,0x05BB,0x05BB,0x059B,0x05BB,0x059B,0x059B,0x059A,0x05BB,0x059B,0x05BB,0x05BB,0x05BB,0x05BB,0x05BB,0x059B,0x059A,0x059A,0x05BB,0x05DB,0x2DFB,0x05BB,0x3DFB,0x05BB,0x05BB,0x059B,0x05BB,0x059B,0x059B,0x05BB,0x05BB,0x05BB,0x05BB,0x05BB,0x3DFB,0x1DBA,0x35FB,0x05BB,0x05BB,0x05BB,0x05DB,0x05BB,0x059B,0x05BB,0x059B,0x059B,0x05BB,0x059B,0x059A,0x059B,0x059B,0x059B,0x05BB,0x05BB,0x059B,0x059B,0x05BB,0x059B,0x05BB,0x059B,0x05BB,0x059B,0x05BB,0x05BB,0x05BB,0x05BB,0x3E3C,0x05BB,0x059B,0x059A,0x05BB,0x05BB,0x05BB,0x059A,0x059A,0x059B,0x05BB,0x05BB,0x05BB,0x05BB,0x059A,0x05BB,0x059B,0x05BB,0x059B,0x05BB,0x059B,0x05BB,0x05BB,0x05BB,
0x05BB,0x05BB,0x059A,0x05BB,0x059B,0x059A,0x059B,0x05BB,0x05BB,0x05BB,0x05BB,0x05BB,0x059B,0x059B,0x059B,0x05BB,0x059B,0x059B,0xFFFF,0xFFFF,0xFFFF,0xFFFF,0x059A,0x059A,0xFFFF,0xFFFF,0x05BB,0x05BB,0x6E7C,0xFFFF,0x0D9B,0xFFFF,0xFFFF,0x05BB,0x05BB,0x25DB,0xFFFF,0xEFDF,0xFFFF,0xFFFF,0x05BB,0x05BB,0xFFFF,0xFFFF,0x05BB,0xFFFF,0xFFFF,0x059B,0x059B,0xFFFF,0xFFFF,0x1579,0x05BB,0xFFFF,0xFFFF,0xFFFF,0xFFFF,0x057A,0xFFFF,0xFFFF,0xFFFF,0xFFFF,0xFFFF,0x05BB,0xFFFF,0xFFFF,0x059B,0x059B,0xFFFF,0xFFFF,0x05BB,0xF7FF,0xFFFF,0x059B,0x9EFD,0xFFFF,0xFFFF,0xFFFF,0xFFFF,0x05BB,0x059A,0x059A,0x05BB,0x05BB,0x05BB,0x05BB,0x05BB,0x05BB,0x05BB,0x059B,0x05BB,0x05BB,0x059B,0x059B,0x05BB,0x059B,
0x05BB,0x05BB,0x059B,0x059B,0x05BB,0x059B,0x05BB,0x05BB,0x05BB,0x05BB,0x05BB,0x05BB,0x059B,0x059A,0x05BB,0x059B,0x059B,0x059B,0xFFFF,0xFFFF,0xAF1D,0xFFFF,0xFFFF,0x059A,0xFFFF,0xFFFF,0x059B,0x059A,0x665C,0xFFFF,0x053A,0xD79E,0xFFFF,0x461C,0x05BB,0xFFFF,0xFFFF,0x05DB,0xFFFF,0xFFFF,0x05BB,0x05BB,0xFFFF,0xFFFF,0x05BB,0xFFFF,0xFFFF,0x05BB,0x1D9A,0xFFFF,0xF7DF,0x05BB,0xFFFF,0xFFFF,0x3DFB,0x7E7C,0xEFBF,0x059B,0xFFFF,0xFFFF,0xA6FD,0xAF3E,0xAF1D,0x05BB,0xFFFF,0xFFFF,0x059B,0x05BB,0xFFFF,0xFFFF,0x059A,0xFFFF,0xFFFF,0x05BB,0xA73E,0xFFFF,0x96FD,0xB73E,0xFFFF,0xFFFF,0x059A,0x059A,0x05BB,0x05BB,0x05BB,0x05BB,0x05BB,0x05BB,0x05BB,0x059B,0x059B,0x059B,0x059B,0x059B,0x05BB,0x059B,
0x05BB,0x059B,0x05BB,0x05BB,0x059B,0x05BB,0x05BB,0x05BB,0x05BB,0x059B,0x05BB,0x05BB,0x059A,0x059B,0x059B,0x059B,0x059B,0x059B,0xFFFF,0xFFFF,0x05BB,0xFFFF,0xFFFF,0x059A,0xFFFF,0xFFFF,0x05BB,0x059A,0x665B,0xFFFF,0x055A,0x05BB,0xFFFF,0xFFFF,0x3DFB,0xFFFF,0x1D9A,0x05BB,0xFFFF,0xFFFF,0x05BB,0x05DB,0xFFFF,0xFFFF,0x05DB,0xFFFF,0xFFFF,0x057A,0xFFFF,0xFFFF,0x057A,0x059A,0xFFFF,0xFFFF,0x059B,0x059B,0x05BB,0x05BB,0xFFFF,0xFFFF,0x05BB,0x05BB,0x059B,0x05BB,0xFFFF,0xFFFF,0x059A,0x05DB,0xFFFF,0xFFFF,0x05BB,0xFFFF,0xFFFF,0x05DB,0xA71D,0xFFFF,0x0D7A,0x05BB,0xFFFF,0xFFFF,0x05BB,0x05BB,0x059B,0x059B,0x059B,0x05BB,0x05BB,0x05BB,0x059B,0x059B,0x059B,0x059B,0x059B,0x059B,0x05BB,0x05BB,
0x059B,0x05BB,0x05BB,0x059B,0x059B,0x059B,0x05BB,0x05BB,0x059B,0x05BB,0x05BB,0x059B,0x059B,0x05BB,0x05BB,0x059B,0x059B,0x05BB,0xFFFF,0xFFFF,0xFFFF,0xFFFF,0x45DB,0x05BB,0xFFFF,0xFFFF,0x05BB,0x059B,0x6E9C,0xFFFF,0x051A,0x059A,0x1D9A,0xFFFF,0xFFFF,0xFFFF,0x05BB,0x05BB,0xFFFF,0xFFFF,0x05BB,0x05BB,0xFFFF,0xFFFF,0x059B,0xFFFF,0xFFFF,0xFFFF,0xFFFF,0x05DB,0x05BB,0x05BB,0xFFFF,0xFFFF,0xFFFF,0xFFFF,0x05BB,0x05DB,0xFFFF,0xFFFF,0xFFFF,0xFFFF,0xFFFF,0x05BB,0xFFFF,0xFFFF,0xFFFF,0xFFFF,0xFFFF,0xFFFF,0x05BB,0xFFFF,0xFFFF,0x05DB,0xA71E,0xFFFF,0xF7FF,0xFFFF,0xFFFF,0xFFFF,0x05BB,0x05BB,0x059B,0x05BB,0x05BB,0x059B,0x059B,0x059B,0x059A,0x059B,0x059B,0x059B,0x05BB,0x059B,0x05BB,0x05BB,
0x05BB,0x059B,0x05BB,0x05BB,0x059B,0x05BB,0x05BB,0x05BB,0x059B,0x05BB,0x05BB,0x05BB,0x059B,0x05BB,0x05BB,0x059B,0x059A,0x059B,0xFFFF,0xFFFF,0x059A,0xFFFF,0xFFFF,0x05BB,0xFFFF,0xFFFF,0x05BB,0x059A,0x667C,0xFFFF,0x04D9,0x059A,0x05BB,0xFFFF,0xFFFF,0x059A,0x05BB,0x059B,0xFFFF,0xFFFF,0x05BB,0x05BB,0xFFFF,0xFFFF,0x0DBB,0xFFFF,0xFFFF,0x563C,0xFFFF,0xFFFF,0x05BB,0x059B,0x05BB,0x05BB,0xFFFF,0xFFFF,0xFFFF,0x059B,0xFFFF,0xFFFF,0x059A,0x057A,0x055A,0x05BB,0xFFFF,0xFFFF,0x059B,0x057A,0xFFFF,0xFFFF,0x05BB,0xFFFF,0xFFFF,0x05DB,0x9EFD,0xFFFF,0xFFFF,0xFFFF,0xFFFF,0x055A,0x05BB,0x059B,0x05BB,0x05BB,0x05BB,0x05BB,0x059B,0x059B,0x059B,0x059B,0x05BB,0x059B,0x05BB,0x05BB,0x05BB,0x05BB,
0x05BB,0x05BB,0x059B,0x05BB,0x059B,0x059B,0x059B,0x05BB,0x05BB,0x05BB,0x05BB,0x05BB,0x05BB,0x05BB,0x05BB,0x059B,0x059A,0x059B,0xFFFF,0xFFFF,0x05BB,0x667C,0xFFFF,0x157A,0xBF7F,0xFFFF,0x1D9A,0x059A,0xFFFF,0xFFFF,0x057A,0x059B,0x05BB,0xFFFF,0xFFFF,0x05BB,0x05BB,0x05BB,0xFFFF,0xFFFF,0x059B,0x059B,0xFFFF,0xFFFF,0x059B,0xFFFF,0xFFFF,0x05DB,0xFFFF,0xFFFF,0x0D5A,0x05BB,0x059B,0x059A,0x059B,0xFFFF,0xFFFF,0x059B,0xFFFF,0xFFFF,0x059B,0x059B,0x05BB,0x059B,0xFFFF,0xFFFF,0x05BB,0x05BB,0xFFFF,0xFFFF,0x05BB,0xFFFF,0xFFFF,0x05BB,0x9F1D,0xFFFF,0x0D7A,0x059A,0xFFFF,0xFFFF,0x05BB,0x05BB,0x05BB,0x05BB,0x059B,0x05BB,0x05BB,0x05BB,0x05BB,0x059B,0x059B,0x05BB,0x05BB,0x059B,0x05BB,0x05BB,
0x059B,0x059B,0x05BB,0x05BB,0x05BB,0x05BB,0x05BB,0x05BB,0x05BB,0x05BB,0x05BB,0x05BB,0x05BB,0x05BB,0x05BB,0x059B,0x059A,0x05BB,0xFFFF,0xFFFF,0xFFFF,0xFFFF,0xFFFF,0x059B,0x059A,0xFFFF,0xFFFF,0xFFFF,0xFFFF,0xFFFF,0x05BB,0x059A,0x05BB,0xFFFF,0xFFFF,0x059B,0x05BB,0x059B,0x0D9B,0xFFFF,0xFFFF,0xFFFF,0xFFFF,0xCF7E,0x059A,0xFFFF,0xFFFF,0x05BB,0x05DB,0xFFFF,0xFFFF,0x05BB,0xFFFF,0xFFFF,0xFFFF,0xFFFF,0xFFFF,0x059B,0xFFFF,0xFFFF,0xFFFF,0xFFFF,0xFFFF,0x05BB,0xFFFF,0xFFFF,0x059B,0x059B,0xFFFF,0xFFFF,0x05BA,0xFFFF,0xFFFF,0x059A,0xAF3E,0xFFFF,0x0D5A,0x05BB,0xFFFF,0xFFFF,0x059B,0x05BB,0x05BB,0x059B,0x05BB,0x05BB,0x05BB,0x05BB,0x05BB,0x05BB,0x05BB,0x05BB,0x05BB,0x059B,0x05BB,0x059B,
0x05BB,0x05BB,0x059B,0x059B,0x05BB,0x05BB,0x059B,0x05BB,0x05BB,0x05BB,0x05BB,0x05BB,0x05BB,0x05BB,0x059B,0x059B,0x059B,0x05BB,0x05BB,0x05BB,0x05BB,0x05BB,0x05BB,0x05BB,0x059B,0x05BB,0x055A,0x669C,0x05BB,0x05BB,0x05BB,0x059B,0x05BB,0x05BB,0x05BB,0x05BB,0x05BB,0x05BB,0x05BB,0x05BB,0x25DB,0x4E3C,0x05BB,0x05BB,0x059A,0x0DBB,0x05DB,0x05BB,0x05BB,0x05DB,0x05BB,0x05BB,0x05BB,0x0D9A,0xFFFF,0x05BB,0x05BB,0x05BB,0x05BB,0x05DB,0x05DB,0x05BB,0x05DB,0x05BB,0x05BB,0x059B,0x059A,0x059B,0x05BB,0x05BB,0x059A,0x05DB,0x05BB,0x059A,0x05BB,0x05BB,0x059B,0x05BB,0x059B,0x05DB,0x05BB,0x059A,0x059B,0x059B,0x05BB,0x05BB,0x05BB,0x05BB,0x059B,0x05BB,0x05BB,0x05BB,0x05BB,0x05BB,0x05BB,0x05BB,
0x05BB,0x059B,0x059B,0x05BB,0x05BB,0x059B,0x059B,0x059B,0x059B,0x05BB,0x05BB,0x05BB,0x05BB,0x05BB,0x05BB,0x059B,0x059B,0x05BB,0x059B,0x059B,0x059A,0x059A,0x059B,0x05BB,0x05BB,0x05BB,0x059B,0x05BB,0x05BB,0x059B,0x05BB,0x059B,0x059B,0x05BB,0x05BB,0x05BB,0x05BB,0x05BB,0x059B,0x059B,0x059B,0x05BB,0x05BB,0x05BB,0x05BB,0x059A,0x05BB,0x05BB,0x05BB,0x05BB,0x05BB,0x05BB,0x059A,0x059A,0x057A,0xFFFF,0x05BB,0x05BB,0x05BB,0x05BB,0x059B,0x059B,0x05BB,0x05BB,0x05BB,0x059B,0x059A,0x059A,0x059A,0x05BB,0x059B,0x05BB,0x059B,0x059A,0x05BB,0x05BB,0x05BB,0x059B,0x059A,0x059B,0x05BB,0x059B,0x05BB,0x059B,0x059B,0x059B,0x059B,0x05BB,0x05BB,0x05BB,0x05BB,0x059B,0x05BB,0x05BB,0x05BB,0x05BB,
0x059B,0x059B,0x059B,0x059B,0x059B,0x059B,0x05BB,0x05BB,0x059B,0x05BB,0x05BB,0x05BB,0x05BB,0x059B,0x05BB,0x05BB,0x05BB,0x059B,0x059B,0x05BB,0x059B,0x059B,0x059A,0x059A,0x059B,0x059A,0x059A,0x059A,0x05BB,0x059B,0x05BB,0x059B,0x059A,0x05BB,0x05BB,0x05BB,0x059A,0x059A,0x05BB,0x059B,0x05BB,0x059A,0x05BB,0x059B,0x05BB,0x05BB,0x05BB,0x05BB,0x05BB,0x05BB,0x05BB,0x463B,0x059B,0x05BB,0x0D9A,0x05BB,0x059A,0x05BB,0x05BB,0x059B,0x05BB,0x05BB,0x05BB,0x05BB,0x05BB,0x05BB,0x059B,0x059B,0x4E3C,0x059B,0x059B,0x05BB,0x05BB,0x05BB,0x059B,0x05BB,0x05BB,0x059B,0x059B,0x059B,0x059B,0x059A,0x05BB,0x05BB,0x05BB,0x059B,0x059B,0x05BB,0x05BB,0x05BB,0x05BB,0x05BB,0x05BB,0x05BB,0x05BB,0x05BB,
0x059B,0x05BB,0x059A,0x059B,0x05BB,0x05BB,0x05BB,0x059B,0x05BB,0x05BB,0x05BB,0x05BB,0x05BB,0x05BB,0x05BB,0x059B,0x059B,0x05BB,0x05BB,0x059A,0x059A,0x059A,0x059B,0x059B,0x059B,0x059B,0x059B,0x059A,0x0D79,0x0DBB,0x05BB,0x05BB,0x05BB,0x0D7A,0x055A,0x05BB,0x059A,0x0559,0x059A,0x05BB,0x05BB,0x059A,0x0D9B,0x057A,0x05BB,0x059B,0x0D7A,0x0D7A,0x059B,0x059B,0x05BB,0x1DBB,0x05BB,0x05BB,0x057A,0x059B,0x0D7A,0x059A,0x059A,0x0D7A,0x0D7A,0x05BB,0x059A,0x05BB,0x3DFB,0x0D7A,0x059A,0x059B,0x0D9A,0x059A,0x059B,0x059B,0x059B,0x059B,0x059B,0x05BB,0x05BB,0x059B,0x059B,0x059A,0x059A,0x059B,0x059B,0x059B,0x05BB,0x059B,0x059B,0x05BB,0x05BB,0x059B,0x05BB,0x059B,0x05BB,0x059B,0x05BB,0x05BB,
0x05BB,0x059B,0x059B,0x059B,0x05BB,0x05BB,0x05BB,0x05BB,0x05BB,0x05BB,0x05BB,0x05BB,0x059B,0x05BB,0x05BB,0x05BB,0x05BB,0x05BB,0x05BB,0x05BB,0x059B,0x059A,0x059B,0x05BB,0x059B,0x05BB,0x059B,0x059B,0xFFFF,0x0DDB,0xFFFF,0x059A,0x05DB,0xFFFF,0x0DBB,0x05BB,0x05BB,0xFFFF,0x059B,0x05BB,0x05BB,0x055A,0xCF9E,0x0DBB,0x059A,0x05BB,0xFFFF,0x05BB,0xFFFF,0x055A,0x05BB,0xFFFF,0x059B,0x05BB,0xFFFF,0x0D9A,0xFFFF,0x05BB,0x05BB,0xFFFF,0x057A,0x059A,0x059B,0xFFFF,0x0E1C,0x159B,0x059A,0x059B,0xFFFF,0x05BB,0x059B,0x059B,0x059B,0x05BB,0x059B,0x059B,0x05BB,0x059B,0x059B,0x059A,0x059B,0x059B,0x05BB,0x059B,0x05BB,0x059B,0x059B,0x05BB,0x05BB,0x059B,0x059B,0x05BB,0x059A,0x05BB,0x05BB,0x05BB,
0x059B,0x059B,0x059A,0x059B,0x05BB,0x05BB,0x05BB,0x05BB,0x05BB,0x05BB,0x05BB,0x05BB,0x05BB,0x05BB,0x05BB,0x05BB,0x05BB,0x05BB,0x05BB,0x05BB,0x05BB,0x059B,0x059B,0x05BB,0x059B,0x059B,0x059B,0x059B,0xFFFF,0xFFFF,0xEFDF,0x059A,0x05BB,0xFFFF,0xFFFF,0x05BB,0x05BB,0xFFFF,0x059A,0x05BB,0x05BB,0x0D7A,0xFFFF,0xFFFF,0x059B,0x059B,0xFFFF,0x05BB,0x1DDB,0xEFDF,0x05BB,0xFFFF,0x059A,0x059B,0x05BB,0xFFFF,0x059B,0x05BB,0x05BB,0xFFFF,0xFFFF,0x059A,0x059B,0x157A,0xFFFF,0xF7FF,0x059A,0x059B,0xFFFF,0x059B,0x059B,0x059B,0x05BB,0x05BB,0x059B,0x059A,0x05BB,0x059B,0x05BB,0x059B,0x059B,0x05BB,0x05BB,0x05BB,0x05BB,0x059B,0x059B,0x05BB,0x05BB,0x059B,0x059B,0x05BB,0x05BB,0x05BB,0x05BB,0x059B,
0x059A,0x059B,0x059B,0x059B,0x059B,0x05BB,0x059B,0x059B,0x059B,0x059B,0x05BB,0x05BB,0x05BB,0x05BB,0x05BB,0x05BB,0x059B,0x05BB,0x05BB,0x05BB,0x059B,0x05BB,0x05BB,0x05BB,0x059B,0x05BB,0x059B,0x05BB,0xFFFF,0x667C,0xFFFF,0x059A,0x05BA,0xFFFF,0x6E7C,0x059B,0x05BB,0xFFFF,0x769D,0x869D,0x05BB,0x057A,0xDFBF,0x767C,0x059B,0x059B,0xFFFF,0x76BD,0xFFFF,0x059B,0x05BB,0xFFFF,0x059B,0x05BB,0x05BB,0xFFFF,0x05BB,0x05BB,0x05BB,0xFFFF,0x7E7C,0x059A,0x059B,0xCF9F,0x3DFB,0xFFFF,0x059B,0x059B,0xFFFF,0x059A,0x057A,0x05BB,0x059A,0x059B,0x059B,0x059A,0x059B,0x059A,0x059B,0x059B,0x05BB,0x05BB,0x05BB,0x05BB,0x05BB,0x059B,0x059B,0x05BB,0x05BB,0x059B,0x059B,0x059B,0x05BB,0x059B,0x05BB,0x059B,
0x059B,0x05BB,0x05BB,0x05BB,0x059B,0x059B,0x059B,0x059B,0x05BB,0x059A,0x05BB,0x05BB,0x05BB,0x05BB,0x05BB,0x05BB,0x059B,0x05BB,0x059A,0x05BB,0x05BB,0x05BB,0x05BB,0x059B,0x059B,0x05BB,0x05BB,0x05BB,0x05BB,0x05BB,0x059B,0x059A,0x059B,0x05DB,0x05BB,0x059B,0x05BB,0x05BB,0x0DDB,0x05BB,0x05BB,0x05BB,0x05BB,0x05BB,0x05BB,0x059B,0x05BB,0x05BB,0x05BB,0x05BB,0x059B,0x059B,0x05BB,0x05BB,0x05BB,0x05BB,0x05BB,0x05BB,0x05BB,0x05BB,0x059B,0x059B,0x059B,0x05BB,0x05BB,0x059B,0x05BB,0x059B,0x05BB,0x059A,0x059A,0x059B,0x05BB,0x059B,0x05BB,0x059B,0x059A,0x05BB,0x059B,0x059B,0x059B,0x05BB,0x05BB,0x05BB,0x05BB,0x05BB,0x059B,0x059B,0x05BB,0x05BB,0x05BB,0x05BB,0x059B,0x05BB,0x059B,0x05BB,
0x059B,0x059B,0x059B,0x059B,0x05BB,0x05BB,0x05BB,0x059A,0x05BB,0x05BB,0x059A,0x059A,0x059B,0x05BB,0x05BB,0x059B,0x05BB,0x05BB,0x05BB,0x059B,0x059B,0x05BB,0x05BB,0x059B,0x059B,0x05BB,0x05BB,0x059B,0x059A,0x059B,0x059B,0x059B,0x05BB,0x05BB,0x05BB,0x059B,0x059B,0x05BB,0x05BB,0x05BB,0x05BB,0x059A,0x059B,0x059B,0x05BB,0x059B,0x059B,0x059B,0x05BB,0x05BB,0x05BB,0x05BB,0x05BB,0x05BB,0x05BB,0x05BB,0x05BB,0x05DB,0x05BB,0x05BB,0x05BB,0x059B,0x059B,0x059B,0x05BB,0x059B,0x05BB,0x05BB,0x059B,0x059A,0x059A,0x059B,0x059B,0x059B,0x059B,0x059B,0x059B,0x059B,0x059B,0x059B,0x059B,0x059A,0x05BB,0x05BB,0x05BB,0x05BB,0x05BB,0x059B,0x05BB,0x05BB,0x05BB,0x059B,0x059B,0x05BB,0x059B,0x059B,
0x059B,0x059A,0x059B,0x05BB,0x05BB,0x059B,0x05BB,0x059B,0x059B,0x05BB,0x059B,0x05BB,0x05BB,0x05BB,0x05BB,0x05BB,0x05BB,0x05BB,0x059B,0x059B,0x059B,0x05BB,0x05BB,0x05BB,0x05BB,0x05BB,0x05BB,0x059B,0x059A,0x059A,0x059B,0x059B,0x059B,0x059B,0x05BB,0x059B,0x05BB,0x05BB,0x05BB,0x05BB,0x05BB,0x059A,0x059A,0x059A,0x059B,0x059B,0x05BB,0x05BB,0x05BB,0x059B,0x05BB,0x05BB,0x059B,0x05BB,0x05BB,0x05BB,0x05BB,0x059B,0x059A,0x05BB,0x05BB,0x059A,0x059A,0x059B,0x059B,0x059B,0x05BB,0x05BB,0x05BB,0x05BB,0x05BB,0x059B,0x05BB,0x05BB,0x059B,0x059B,0x05BB,0x05BB,0x05BB,0x05BB,0x05BB,0x05BB,0x05BB,0x059B,0x05BB,0x05BB,0x05BB,0x059B,0x059B,0x059B,0x059B,0x059B,0x05BB,0x059B,0x059B,0x05BB,
0x05BB,0x059B,0x059A,0x05BB,0x05BB,0x05BB,0x05BB,0x059B,0x05BB,0x05BB,0x05BB,0x05BB,0x05BB,0x05BB,0x05BB,0x05BB,0x059B,0x059B,0x059B,0x05BB,0x05BB,0x05BB,0x05BB,0x05BB,0x059B,0x05BB,0x05BB,0x059B,0x059A,0x059A,0x05BB,0x05BB,0x05BB,0x05BB,0x05BB,0x05BB,0x05BB,0x05BB,0x05BB,0x05BB,0x05BB,0x05BB,0x05BB,0x05BB,0x059B,0x05BB,0x05BB,0x05BB,0x059B,0x059B,0x059B,0x05BB,0x059B,0x059B,0x059B,0x059A,0x05BB,0x059B,0x059B,0x05BB,0x059B,0x059B,0x059B,0x059B,0x059B,0x059B,0x05BB,0x05BB,0x05BB,0x05BB,0x059B,0x059B,0x059B,0x05BB,0x059B,0x05BB,0x05BB,0x05BB,0x05BB,0x05BB,0x05BB,0x05BB,0x05BB,0x05BB,0x059B,0x05BB,0x05BB,0x059B,0x059B,0x05BB,0x05BB,0x05BB,0x05BB,0x059B,0x059A,0x059B,
0x059B,0x059B,0x059B,0x05BB,0x05BB,0x059B,0x05BB,0x059B,0x05BB,0x05BB,0x05BB,0x059B,0x05BB,0x059B,0x05BB,0x05BB,0x059B,0x05BB,0x05BB,0x059B,0x059B,0x05BB,0x05BB,0x05BB,0x05BB,0x05BB,0x05BB,0x059B,0x059B,0x05BB,0x05BB,0x059B,0x059B,0x059B,0x059B,0x05BB,0x05BB,0x05BB,0x05BB,0x05BB,0x05BB,0x05BB,0x05BB,0x05BB,0x05BB,0x05BB,0x059B,0x05BB,0x05BB,0x05BB,0x05BB,0x05BB,0x05BB,0x05BB,0x05BB,0x05BB,0x05BB,0x059B,0x059B,0x059B,0x059B,0x059B,0x05BB,0x05BB,0x05BB,0x05BB,0x059A,0x059B,0x059B,0x059B,0x059A,0x059A,0x05BB,0x05BB,0x05BB,0x059B,0x05BB,0x05BB,0x059B,0x05BB,0x05BB,0x059B,0x05BB,0x05BB,0x05BB,0x05BB,0x05BB,0x059B,0x059B,0x059B,0x05BB,0x05BB,0x05BB,0x059B,0x059B,0x059A,
0x05BB,0x059B,0x059B,0x059B,0x05BB,0x059B,0x05BB,0x05BB,0x05BB,0x05BB,0x059B,0x059B,0x05BB,0x05BB,0x05BB,0x059B,0x059B,0x05BB,0x059B,0x059B,0x059B,0x05BB,0x05BB,0x05BB,0x05BB,0x05BB,0x05BB,0x05BB,0x05BB,0x059B,0x059B,0x059B,0x059B,0x05BB,0x05BB,0x059B,0x05BB,0x059B,0x059B,0x05BB,0x059B,0x059B,0x05BB,0x05BB,0x05BB,0x05BB,0x059B,0x05BB,0x05BB,0x05BB,0x059B,0x05BB,0x05BB,0x05BB,0x05BB,0x05BB,0x059B,0x059B,0x059B,0x059B,0x059B,0x05BB,0x059B,0x059B,0x05BB,0x05BB,0x05BB,0x059B,0x059B,0x059B,0x059A,0x059B,0x059B,0x05BB,0x05BB,0x059B,0x059B,0x05BB,0x05BB,0x05BB,0x05BB,0x05BB,0x05BB,0x05BB,0x05BB,0x05BB,0x05BB,0x059A,0x059A,0x05BB,0x05BB,0x05BB,0x059B,0x059B,0x059B,0x059A,
0x05BB,0x059B,0x059B,0x059B,0x059B,0x059B,0x05BB,0x05BB,0x05BB,0x05BB,0x059B,0x059B,0x059A,0x059B,0x05BB,0x05BB,0x059B,0x059B,0x05BB,0x059B,0x059B,0x05BB,0x05BB,0x05BB,0x059B,0x059B,0x059B,0x059B,0x059B,0x059B,0x059B,0x059B,0x059B,0x059B,0x059B,0x059B,0x05BB,0x05BB,0x059B,0x05BB,0x05BB,0x05BB,0x059B,0x059B,0x059B,0x059B,0x05BB,0x059B,0x05BB,0x05BB,0x05BB,0x059B,0x05BB,0x059B,0x05BB,0x05BB,0x05BB,0x059B,0x059B,0x059B,0x05BB,0x05BB,0x059B,0x059B,0x059B,0x05BB,0x05BB,0x05BB,0x059A,0x059B,0x059B,0x059B,0x059B,0x05BB,0x05BB,0x059B,0x05BB,0x059B,0x05BB,0x05BB,0x05BB,0x05BB,0x05BB,0x05BB,0x05BB,0x05BB,0x05BB,0x059B,0x05BB,0x05BB,0x059B,0x059B,0x059B,0x059B,0x059B,0x059A,
0x059B,0x059B,0x059B,0x059B,0x059B,0x059B,0x059B,0x05BB,0x05BB,0x05BB,0x05BB,0x059B,0x059B,0x059B,0x05BB,0x059B,0x059B,0x059B,0x05BB,0x05BB,0x05BB,0x05BB,0x05BB,0x05BB,0x059B,0x059B,0x059A,0x05BB,0x05BB,0x05BB,0x059B,0x059B,0x059B,0x05BB,0x059B,0x05BB,0x05BB,0x05BB,0x05BB,0x05BB,0x059B,0x05BB,0x059B,0x059B,0x059B,0x059B,0x059B,0x059B,0x059B,0x059B,0x059B,0x059B,0x059B,0x05BB,0x05BB,0x059B,0x05BB,0x059B,0x059B,0x05BB,0x059B,0x05BB,0x05BB,0x05BB,0x05BB,0x05BB,0x05BB,0x05BB,0x059A,0x059B,0x059A,0x059B,0x05BB,0x05BB,0x059B,0x05BB,0x059B,0x059B,0x05BB,0x05BB,0x05BB,0x05BB,0x05BB,0x05BB,0x05BB,0x059B,0x059B,0x059A,0x05BB,0x059B,0x059B,0x05BB,0x05BB,0x059B,0x059B,0x059B,
0x059B,0x059B,0x059B,0x05BB,0x059B,0x059A,0x059B,0x05BB,0x05BB,0x05BB,0x05BB,0x059B,0x059B,0x059B,0x059B,0x05BB,0x05BB,0x05BB,0x05BB,0x059B,0x05BB,0x05BB,0x05BB,0x05BB,0x05BB,0x059B,0x059A,0x05BB,0x059B,0x05BB,0x05BB,0x05BB,0x05BB,0x05BB,0x05BB,0x059A,0x05BB,0x05BB,0x05BB,0x059B,0x059A,0x05BB,0x059B,0x059A,0x05BB,0x059B,0x05BB,0x05BB,0x059B,0x059B,0x059B,0x059B,0x059B,0x05BB,0x059B,0x059A,0x05BB,0x05BB,0x059B,0x059B,0x059B,0x059B,0x059B,0x05BB,0x05BB,0x05BB,0x05BB,0x05BB,0x05BB,0x059B,0x05BB,0x059B,0x05BB,0x059B,0x059B,0x05BB,0x059A,0x05BB,0x05BB,0x05BB,0x05BB,0x059B,0x05BB,0x05BB,0x05BB,0x05BB,0x059B,0x059A,0x059B,0x059B,0x059B,0x05BB,0x05BB,0x05BB,0x059B,0x059A,
0x059A,0x059B,0x059B,0x05BB,0x05BB,0x059B,0x059B,0x059B,0x059B,0x05BB,0x05BB,0x05BB,0x05BB,0x05BB,0x05BB,0x05BB,0x05BB,0x05BB,0x059B,0x05BB,0x05BB,0x05BB,0x05BB,0x05BB,0x05BB,0x059B,0x059B,0x059B,0x059B,0x05BB,0x05BB,0x059B,0x05BB,0x05BB,0x05BB,0x059B,0x059B,0x059B,0x05BB,0x059B,0x05BB,0x05BB,0x059B,0x059B,0x05BB,0x05BB,0x05BB,0x05BB,0x05BB,0x059B,0x05BB,0x059B,0x059B,0x05BB,0x059B,0x059B,0x05BB,0x05BB,0x059B,0x059B,0x059B,0x05BB,0x05BB,0x05BB,0x05BB,0x05BB,0x05BB,0x05BB,0x05BB,0x05BB,0x05BB,0x059B,0x05BB,0x05BB,0x05BB,0x05BB,0x059B,0x05BB,0x05BB,0x05BB,0x05BB,0x059B,0x05BB,0x05BB,0x059B,0x05BB,0x059B,0x059B,0x05BB,0x059B,0x05BB,0x05BB,0x05BB,0x059B,0x059B,0x059B,
0x059B,0x059B,0x059B,0x05BB,0x059B,0x059B,0x05BB,0x059B,0x059A,0x05BB,0x05BB,0x05BB,0x05BB,0x05BB,0x059B,0x059B,0x059B,0x059B,0x059B,0x059B,0x05BB,0x05BB,0x059B,0x059B,0x059B,0x05BB,0x059B,0x05BB,0x05BB,0x059B,0x05BB,0x059B,0x059B,0x05BB,0x059B,0x05BB,0x059B,0x05BB,0x05BB,0x05BB,0x05BB,0x059B,0x05BB,0x05BB,0x05BB,0x05BB,0x05BB,0x05BB,0x059B,0x059B,0x059B,0x05BB,0x05BB,0x05BB,0x059B,0x059B,0x05BB,0x05BB,0x05BB,0x05BB,0x05BB,0x059B,0x059B,0x05BB,0x05BB,0x05BB,0x05BB,0x05BB,0x059B,0x05BB,0x05BB,0x05BB,0x05BB,0x05BB,0x05BB,0x05BB,0x059B,0x059B,0x05BB,0x059B,0x05BB,0x05BB,0x059B,0x05BB,0x059B,0x059B,0x059B,0x059B,0x059B,0x05BB,0x05BB,0x05BB,0x05BB,0x05BB,0x059A,0x059B,
0x059B,0x059A,0x059B,0x05BB,0x059B,0x059B,0x059B,0x059A,0x059B,0x05BB,0x05BB,0x05BB,0x05BB,0x059B,0x05BB,0x059B,0x059B,0x05BB,0x05BB,0x05BB,0x05BB,0x05BB,0x05BB,0x059B,0x05BB,0x05BB,0x05BB,0x059B,0x05BB,0x05BB,0x05BB,0x059B,0x059A,0x059B,0x059A,0x059B,0x05BB,0x059B,0x05BB,0x05BB,0x059B,0x05BB,0x05BB,0x05BB,0x059B,0x059B,0x059B,0x05BB,0x059B,0x059B,0x05BB,0x059B,0x05BB,0x059B,0x059B,0x05BB,0x05BB,0x059B,0x05BB,0x05BB,0x05BB,0x059B,0x059B,0x05BB,0x05BB,0x059B,0x059B,0x05BB,0x05BB,0x05BB,0x05BB,0x05BB,0x05BB,0x05BB,0x05BB,0x05BB,0x05BB,0x059B,0x05BB,0x05BB,0x05BB,0x05BB,0x059B,0x05BB,0x05BB,0x05BB,0x05BB,0x05BB,0x059B,0x059B,0x059B,0x05BB,0x05BB,0x05BB,0x05BB,0x05BB,
0x059B,0x059B,0x059B,0x05BB,0x05BB,0x059B,0x059B,0x05BB,0x05BB,0x059B,0x05BB,0x05BB,0x05BB,0x059B,0x05BB,0x05BB,0x05BB,0x05BB,0x05BB,0x059B,0x059A,0x059B,0x05BB,0x059B,0x059B,0x05BB,0x059B,0x059B,0x059B,0x05BB,0x05BB,0x05BB,0x059B,0x059B,0x05BB,0x05BB,0x05BB,0x05BB,0x059B,0x05BB,0x05BB,0x05BB,0x05BB,0x05BB,0x05BB,0x05BB,0x05BB,0x05BB,0x05BB,0x059B,0x059B,0x05BB,0x05BB,0x05BB,0x05BB,0x05BB,0x05BB,0x05BB,0x059B,0x059B,0x059B,0x059B,0x059A,0x059B,0x05BB,0x059A,0x05BB,0x05BB,0x059B,0x059B,0x05BB,0x05BB,0x05BB,0x05BB,0x05BB,0x05BB,0x059B,0x05BB,0x05BB,0x05BB,0x05BB,0x05BB,0x059B,0x05BB,0x059B,0x05BB,0x05BB,0x05BB,0x05BB,0x05BB,0x05BB,0x05BB,0x05BB,0x05BB,0x05BB,0x05BB,
0x05BB,0x059B,0x059B,0x059B,0x059B,0x05BB,0x05BB,0x059A,0x059A,0x05BB,0x059B,0x05BB,0x05BB,0x059B,0x059B,0x05BB,0x059B,0x05BB,0x05BB,0x059B,0x05BB,0x05BB,0x05BB,0x059B,0x059B,0x05BB,0x059B,0x059B,0x059B,0x05BB,0x059B,0x05BB,0x059B,0x059B,0x05BB,0x05BB,0x05BB,0x059A,0x059A,0x05BB,0x059B,0x05BB,0x05BB,0x05BB,0x05BB,0x05BB,0x05BB,0x059B,0x05BB,0x05BB,0x059B,0x05BB,0x05BB,0x059B,0x05BB,0x059B,0x05BB,0x05BB,0x05BB,0x05BB,0x05BB,0x05BB,0x05BB,0x059B,0x059B,0x059B,0x059B,0x059B,0x05BB,0x059B,0x059B,0x059B,0x05BB,0x05BB,0x059B,0x059B,0x059B,0x059B,0x059B,0x05BB,0x05BB,0x05BB,0x05BB,0x05BB,0x05BB,0x05BB,0x05BB,0x05BB,0x05BB,0x05BB,0x05BB,0x05BB,0x05BB,0x059B,0x05BB,0x05BB,
0x059B,0x059B,0x059A,0x059B,0x05BB,0x05BB,0x05BB,0x05BB,0x059B,0x05BB,0x05BB,0x05BB,0x05BB,0x05BB,0x05BB,0x05BB,0x059B,0x05BB,0x05BB,0x059B,0x059B,0x05BB,0x05BB,0x05BB,0x05BB,0x059B,0x059B,0x059B,0x059B,0x059B,0x059B,0x05BB,0x05BB,0x059B,0x059B,0x05BB,0x05BB,0x05BB,0x059B,0x059B,0x05BB,0x05BB,0x05BB,0x05BB,0x05BB,0x05BB,0x05BB,0x05BB,0x05BB,0x05BB,0x05BB,0x05BB,0x059B,0x059B,0x059A,0x059B,0x059B,0x05BB,0x059B,0x059B,0x05BB,0x05BB,0x05BB,0x059B,0x059B,0x05BB,0x05BB,0x059B,0x05BB,0x05BB,0x05BB,0x059B,0x05BB,0x05BB,0x05BB,0x05BB,0x05BB,0x059B,0x059B,0x05BB,0x05BB,0x059B,0x05BB,0x05BB,0x05BB,0x05BB,0x05BB,0x05BB,0x05BB,0x059B,0x05BB,0x05BB,0x059B,0x059B,0x059B,0x05BB,
0x059B,0x059B,0x05BB,0x059B,0x05BB,0x05BB,0x05BB,0x05BB,0x05BB,0x05BB,0x05BB,0x05BB,0x05BB,0x05BB,0x059B,0x05BB,0x059B,0x059A,0x05BB,0x059B,0x05BB,0x05BB,0x05BB,0x05BB,0x05BB,0x05BB,0x059B,0x059B,0x059B,0x059B,0x059B,0x059B,0x05BB,0x05BB,0x05BB,0x05BB,0x05BB,0x05BB,0x05BB,0x05BB,0x05BB,0x05BB,0x05BB,0x05BB,0x05BB,0x059B,0x05BB,0x05BB,0x05BB,0x05BB,0x059B,0x059B,0x05BB,0x059B,0x059B,0x059B,0x05BB,0x059B,0x059B,0x059B,0x05BB,0x05BB,0x05BB,0x059A,0x059B,0x05BB,0x05BB,0x05BB,0x05BB,0x05BB,0x05BB,0x05BB,0x05BB,0x05BB,0x05BB,0x05BB,0x059B,0x059B,0x059B,0x05BB,0x05BB,0x05BB,0x059B,0x059B,0x059B,0x059B,0x059A,0x059B,0x05BB,0x059A,0x059B,0x05BB,0x059B,0x059B,0x059B,0x05BB,
0x059B,0x059B,0x05BB,0x059A,0x05BB,0x05BB,0x05BB,0x059B,0x059B,0x059B,0x05BB,0x05BB,0x05BB,0x059A,0x059B,0x059B,0x059B,0x059A,0x05BB,0x05BB,0x05BB,0x05BB,0x05BB,0x05BB,0x059B,0x059B,0x059B,0x05BB,0x05BB,0x05BB,0x05BB,0x059A,0x059B,0x05BB,0x05BB,0x05BB,0x05BB,0x05BB,0x05BB,0x05BB,0x05DB,0x05BB,0x05BB,0x059B,0x059B,0x05BB,0x059B,0x059B,0x05BB,0x05BB,0x05BB,0x059B,0x059A,0x05BB,0x05BB,0x05BB,0x059B,0x05BB,0x05BB,0x05BB,0x05BB,0x05BB,0x059A,0x059B,0x05BB,0x05BB,0x05BB,0x05BB,0x05BB,0x05BB,0x059B,0x05BB,0x05BB,0x059B,0x05BB,0x059B,0x05BB,0x05BB,0x05BB,0x05BB,0x05BB,0x059B,0x05BB,0x05BB,0x05BB,0x05BB,0x05BB,0x059B,0x05BB,0x059B,0x059A,0x059B,0x059B,0x059B,0x059B,0x059A,
0x059B,0x05BB,0x05BB,0x059B,0x059B,0x059B,0x05BB,0x059B,0x059B,0x059B,0x059B,0x05BB,0x05BB,0x05BB,0x059B,0x05BB,0x05BB,0x059A,0x05BB,0x059B,0x05BB,0x05BB,0x05BB,0x05BB,0x05BB,0x05BB,0x05BB,0x05BB,0x05BB,0x05BB,0x05BB,0x05BB,0x05BB,0x059B,0x05BB,0x05BB,0x05BB,0x05BB,0x05BB,0x059B,0x05BB,0x059B,0x059B,0x059B,0x059B,0x059B,0x05BB,0x05BB,0x059B,0x05BB,0x05BB,0x05BB,0x059B,0x059B,0x059B,0x05BB,0x05BB,0x05BB,0x059B,0x05BB,0x05BB,0x05BB,0x059B,0x059B,0x059B,0x05BB,0x059B,0x05BB,0x059B,0x05BB,0x059B,0x05BB,0x05BB,0x05BB,0x059B,0x059B,0x059B,0x059B,0x059B,0x05BB,0x05BB,0x05BB,0x05BB,0x05BB,0x05BB,0x059B,0x059B,0x059B,0x059B,0x059B,0x059B,0x059B,0x05BB,0x05BB,0x05BB,0x05BB,
0x05BB,0x05BB,0x05BB,0x05BB,0x05BB,0x05BB,0x059A,0x059B,0x05BB,0x05BB,0x059B,0x059B,0x059B,0x05BB,0x059B,0x05BB,0x05BB,0x059B,0x05BB,0x05BB,0x05BB,0x05BB,0x059B,0x059B,0x05BB,0x05BB,0x05BB,0x05BB,0x05BB,0x05BB,0x059B,0x05BB,0x05BB,0x05BB,0x059B,0x059A,0x05BB,0x05BB,0x05BB,0x05BB,0x05BB,0x05BB,0x05BB,0x059B,0x059B,0x059B,0x059A,0x05BB,0x05BB,0x05BB,0x059B,0x059B,0x05BB,0x05BB,0x059B,0x05BB,0x05BB,0x05BB,0x05BB,0x059B,0x05BB,0x059A,0x059B,0x059B,0x059B,0x05BB,0x059B,0x05BB,0x059B,0x05BB,0x05BB,0x05BB,0x05BB,0x05BB,0x05BB,0x05BB,0x05BB,0x05BB,0x05BB,0x05BB,0x05BB,0x059B,0x05BB,0x05BB,0x059B,0x059B,0x059B,0x05BB,0x059B,0x059B,0x05BB,0x05BB,0x059B,0x05BB,0x05BB,0x05BB,
0x059B,0x059B,0x05BB,0x059B,0x05BB,0x05BB,0x059B,0x059B,0x059B,0x05BB,0x059B,0x059B,0x05BB,0x05BB,0x059B,0x059B,0x05BB,0x05BB,0x059B,0x05BB,0x05BB,0x05BB,0x059B,0x05BB,0x05BB,0x059B,0x059B,0x05BB,0x05BB,0x05BB,0x059B,0x05BB,0x05BB,0x05BB,0x05BB,0x059B,0x05BB,0x05BB,0x05BB,0x05BB,0x05BB,0x05BB,0x05BB,0x059B,0x05BB,0x05BB,0x059B,0x059B,0x059B,0x059B,0x059B,0x05BB,0x05BB,0x05BB,0x05BB,0x05BB,0x05BB,0x05BB,0x059B,0x05BB,0x05BB,0x05BB,0x059A,0x05BB,0x05BB,0x05BB,0x05BB,0x05BB,0x05BB,0x05BB,0x05BB,0x05BB,0x05BB,0x05BB,0x05BB,0x05BB,0x059B,0x05BB,0x05BB,0x05BB,0x059B,0x05BB,0x05BB,0x05BB,0x05BB,0x05BB,0x059B,0x059B,0x059B,0x059B,0x05BB,0x05BB,0x059B,0x05BB,0x05BB,0x05BB,
0x05BB,0x05BB,0x05BB,0x059B,0x059B,0x059B,0x059B,0x059B,0x059A,0x05BB,0x059B,0x059B,0x05BB,0x05BB,0x05BB,0x05BB,0x05BB,0x05BB,0x059B,0x05BB,0x05BB,0x05BB,0x05BB,0x05BB,0x05BB,0x059B,0x059B,0x059B,0x05BB,0x059B,0x059B,0x05BB,0x05BB,0x05BB,0x05BB,0x059B,0x05BB,0x05BB,0x05BB,0x059B,0x05BB,0x05BB,0x05BB,0x059B,0x05BB,0x059B,0x059B,0x059B,0x05BB,0x05BB,0x059B,0x05BB,0x05BB,0x05BB,0x05BB,0x05BB,0x05BB,0x05BB,0x05BB,0x05BB,0x05BB,0x05BB,0x059B,0x05BB,0x05BB,0x05BB,0x05BB,0x05BB,0x05BB,0x05BB,0x05BB,0x05BB,0x05BB,0x05BB,0x05BB,0x05BB,0x059B,0x05BB,0x05BB,0x05BB,0x059B,0x05BB,0x05BB,0x059B,0x05BB,0x05BB,0x05BB,0x059A,0x059B,0x059B,0x05BB,0x059B,0x059B,0x05BB,0x05BB,0x05BB,
0x05BB,0x05BB,0x05BB,0x059B,0x059B,0x059B,0x059A,0x05BB,0x059B,0x059B,0x05BB,0x05BB,0x059B,0x059B,0x05BB,0x05BB,0x05BB,0x059B,0x059B,0x059B,0x059B,0x059B,0x059B,0x05BB,0x05BB,0x05BB,0x05BB,0x059B,0x059B,0x05BB,0x059A,0x05BB,0x05BB,0x05BB,0x059B,0x05BB,0x05BB,0x059B,0x059B,0x05BB,0x05BB,0x05BB,0x05BB,0x05BB,0x05BB,0x05BB,0x059B,0x05BB,0x05BB,0x05BB,0x059B,0x05BB,0x05BB,0x05BB,0x05BB,0x05BB,0x05BB,0x05BB,0x05BB,0x05BB,0x05BB,0x059B,0x05BB,0x059B,0x059B,0x059B,0x05BB,0x05BB,0x05BB,0x059B,0x059B,0x05BB,0x05BB,0x05BB,0x05BB,0x05BB,0x059B,0x05BB,0x05BB,0x059B,0x059B,0x059B,0x05BB,0x059B,0x05BB,0x059B,0x05BB,0x059B,0x059B,0x05BB,0x05BB,0x05BB,0x05BB,0x05BB,0x05BB,0x059B,
0x059B,0x05BB,0x05BB,0x059B,0x059B,0x059B,0x059B,0x059B,0x05BB,0x059B,0x059B,0x05BB,0x05BB,0x059B,0x059B,0x059B,0x059B,0x05BB,0x05BB,0x05BB,0x059B,0x05BB,0x05BB,0x059B,0x05BB,0x05BB,0x059B,0x05BB,0x059B,0x05BB,0x05BB,0x05BB,0x05BB,0x05BB,0x059B,0x059B,0x059A,0x059B,0x059B,0x059A,0x059B,0x05BB,0x059B,0x05BB,0x059B,0x05BB,0x05BB,0x059B,0x05BB,0x05BB,0x05BB,0x05BB,0x059B,0x059B,0x05BB,0x05BB,0x05BB,0x05BB,0x05BB,0x05BB,0x05BB,0x05BB,0x05BB,0x059B,0x05BB,0x05BB,0x05BB,0x05BB,0x05BB,0x05BB,0x05BB,0x05BB,0x05BB,0x05BB,0x05BB,0x05BB,0x059B,0x059B,0x059B,0x05BB,0x05BB,0x05BB,0x05BB,0x059B,0x05BB,0x05BB,0x05BB,0x059B,0x059B,0x05BB,0x059B,0x059B,0x059B,0x059B,0x059B,0x059B,
0x059B,0x059B,0x059A,0x059A,0x059A,0x059B,0x059A,0x05BB,0x05BB,0x05BB,0x05BB,0x059B,0x05BB,0x059B,0x059B,0x059B,0x059B,0x05BB,0x05BB,0x05BB,0x059B,0x05BB,0x05BB,0x05BB,0x05BB,0x05BB,0x05BB,0x059B,0x059B,0x05BB,0x059B,0x059B,0x059B,0x05BB,0x05BB,0x05BB,0x05BB,0x05BB,0x059B,0x059B,0x059B,0x05BB,0x05BB,0x05BB,0x059B,0x05BB,0x059B,0x059B,0x059B,0x05BB,0x05BB,0x059B,0x05BB,0x059B,0x05BB,0x05BB,0x05BB,0x059B,0x059B,0x059A,0x059B,0x05BB,0x059B,0x05DB,0x05BB,0x05BB,0x05BB,0x05BB,0x05BB,0x05BB,0x05BB,0x05BB,0x059B,0x05BB,0x059B,0x059B,0x059B,0x059B,0x059A,0x059A,0x059A,0x059B,0x059B,0x059B,0x059B,0x059B,0x05BB,0x059B,0x059B,0x05BB,0x05BB,0x05BB,0x05BB,0x059B,0x059B,0x059A,
0x059B,0x059B,0x059B,0x059B,0x059B,0x059B,0x059B,0x05BB,0x05BB,0x05BB,0x05BB,0x05BB,0x059B,0x059B,0x05BB,0x059B,0x059B,0x059B,0x05BB,0x05BB,0x05BB,0x05BB,0x05BB,0x059B,0x05BB,0x05BB,0x05BB,0x059A,0x059B,0x059B,0x059B,0x059B,0x059B,0x059B,0x05BB,0x05BB,0x05BB,0x05BB,0x059B,0x059B,0x059A,0x059B,0x059B,0x059B,0x05BB,0x05BB,0x05BB,0x05BB,0x05BB,0x059B,0x059B,0x059B,0x059B,0x059B,0x05BB,0x05BB,0x059B,0x059B,0x059B,0x059B,0x05BB,0x05BB,0x05BB,0x05BB,0x05BB,0x059B,0x05BB,0x05BB,0x059B,0x059B,0x059B,0x059B,0x059B,0x05BB,0x059B,0x059B,0x059B,0x059B,0x05BB,0x059B,0x059A,0x059A,0x059B,0x059B,0x059B,0x059B,0x05BB,0x059B,0x059B,0x059A,0x059B,0x05BB,0x05BB,0x059B,0x059A,0x057A
};

// IBB Kart logosu için RGB565 C array
const uint16_t card_logo[18432] = {
0x0E1B,0x0E1B,0x0E1B,0x0E1B,0x0E1B,0x0E1B,0x0E1B,0x0E1B,0x0E1B,0x0E1B,0x0E1B,0x0E1B,0x0E1B,0x0E1B,0x0E1B,0x0E1B,0x0E1B,0x0E1B,0x0E1B,0x0E1B,0x0E1B,0x0E1B,0x0E1B,0x0E1B,0x161B,0x161B,0x163B,0x0E1B,0x0E1B,0x0E1B,0x0E1B,0x0E1B,0x0E1B,0x0E1B,0x0E1B,0x0E1B,0x0E1B,0x0E1B,0x0E1B,0x0E1B,0x0E1B,0x0E1B,0x0E1B,0x0E1B,0x0E1B,0x0E1B,0x0E1B,0x0E1B,0x0E1B,0x0E1B,0x0E1B,0x0E1B,0x0E1B,0x0E1B,0x0E1B,0x0E1B,0x0E1B,0x0E1B,0x0E1B,0x0E1B,0x0E1B,0x0E1B,0x0E1B,0x0E1B,0x0E1B,0x0E1B,0x0E1B,0x0E1B,0x0E1B,0x0E1B,0x0E1B,0x0E1B,0x0E1B,0x0E1B,0x0E1B,0x0E1B,0x0E1B,0x0E1B,0x0E1B,0x0E1B,0x0E1B,0x0E1B,0x0E1B,0x0E1B,0x0E1B,0x0E1B,0x0E1B,0x0E1B,0x0E1B,0x0E1B,0x0E1B,0x0E1B,0x0E1B,0x0E1B,0x0E1B,0x0E1B,0x0E1B,0x0E1B,0x0E1B,0x0E1B,0x0E1B,0x0E1B,0x0E1B,0x0E1B,0x0E1B,0x0E1A,0x0E1B,0x0E1B,0x0E1B,0x0E1B,0x0E1B,0x0E1B,0x0E1B,0x0E1B,0x0E1B,0x0E1B,0x0E1B,0x0E1B,0x0E1B,0x0E1B,0x0E1B,0x0E1B,0x0E1B,0x0E1B,0x0E1B,0x0E1B,0x0E1B,0x0E1B,0x0E1B,0x0E1B,0x0E1B,0x0E1B,0x0E1B,0x0E1B,0x0E1B,0x0E1B,0x0E1B,0x0E1B,0x0E1B,0x0E1B,0x0E1B,0x0E1B,0x0E1B,0x0E1B,0x0E1B,0x0E1B,0x0E1B,0x0E1A,0x0E1A,0x0E1B,0x0E1B,0x0E1B,0x0E1B,0x0E1A,0x0E1A,0x0E1B,0x0E1B,0x0E1B,0x0E1B,0x0E1B,0x0E1B,0x0E1B,0x0E1B,0x0E1B,0x0E1B,0x0E1B,0x0DFA,0x0DFA,0x0DFA,0x0DFA,0x0E1A,0x0E1B,0x0E1B,0x0E1B,0x0E1B,0x0DFA,0x0DFA,0x0E1A,0x0E1A,0x0E1A,0x0E1B,0x0E1B,0x0E1B,0x0E1B,0x0E1B,0x0E1B,0x0DFA,0x0DFA,0x0DFA,0x0DFA,0x0DFA,0x0E1B,
0x0E1B,0x0E1B,0x0E1B,0x0E1B,0x0E1B,0x0E1B,0x0E1B,0x0E1B,0x0E1B,0x0E1B,0x0E1B,0x0E1B,0x0E1B,0x0E1B,0x0E1B,0x0E1B,0x0E1B,0x0E1B,0x0E1B,0x0E1B,0x0E1B,0x0E1B,0x0E1B,0x0E1B,0x0E1B,0x0E1B,0x0E1B,0x0E1B,0x0E1B,0x0E1B,0x0E1B,0x0E1B,0x0E1B,0x0E1B,0x0E1B,0x0E1B,0x0E1B,0x0E1B,0x0E1B,0x0E1B,0x0E1B,0x0E1B,0x0E1B,0x0E1B,0x0E1B,0x0E1B,0x0E1B,0x0E1B,0x0E1B,0x0E1B,0x0E1B,0x0E1B,0x0E1B,0x0E1B,0x0E1B,0x0E1B,0x0E1B,0x0E1A,0x0E1A,0x0E1B,0x0E1B,0x0E1B,0x0E1B,0x0E1B,0x0E1A,0x0E1A,0x0E1A,0x0E1A,0x0E1B,0x0E1B,0x0E1B,0x0E1B,0x0E1B,0x0E1B,0x0E1B,0x0E1B,0x0E1B,0x0E1B,0x0E1B,0x0E1B,0x0E1B,0x0E1B,0x0E1B,0x0E1B,0x0E1B,0x0E1B,0x0E1B,0x0E1B,0x0E1B,0x0E1B,0x0E1B,0x0E1B,0x0E1B,0x0E1B,0x0E1B,0x0E1B,0x0E1B,0x0E1B,0x0E1B,0x0E1B,0x0E1B,0x0E1B,0x0E1B,0x0E1B,0x0E1B,0x0E1B,0x0E1B,0x0E1B,0x0E1B,0x0E1B,0x0E1B,0x0E1B,0x0E1B,0x0E1B,0x0E1B,0x0E1B,0x0E1B,0x0E1B,0x0E1B,0x0E1B,0x0E1B,0x0E1B,0x0E1B,0x0E1B,0x0E1B,0x0E1B,0x0E1B,0x0E1B,0x0E1B,0x0E1B,0x0E1B,0x0E1B,0x0E1B,0x0E1B,0x0E1B,0x0E1B,0x0E1B,0x0E1B,0x0E1B,0x0E1B,0x0E1B,0x0E1B,0x0E1B,0x0E1B,0x0E1A,0x0E1A,0x0E1A,0x0E1B,0x0E1B,0x0E1B,0x0E1B,0x0E1B,0x0E1B,0x0E1B,0x0E1B,0x0E1B,0x0E1B,0x0E1B,0x0E1B,0x0E1B,0x0E1B,0x0E1B,0x0E1B,0x0E1B,0x0E1B,0x0E1B,0x0DFB,0x0DFB,0x0DFA,0x0DFA,0x0DFB,0x0E1B,0x0E1B,0x0E1B,0x0DFB,0x0DFA,0x0DFA,0x0E1B,0x0E1B,0x0E1B,0x0E1B,0x0E1A,0x0E1A,0x0DFA,0x0DFA,0x0DFA,0x0DFA,0x0DFA,0x0DFA,0x0DFA,0x0DFA,0x0E1A,
0x0E1B,0x0E1B,0x0E1B,0x0E1B,0x0E1B,0x0E1B,0x0E1B,0x0E1B,0x0E1B,0x0E1B,0x0E1B,0x0E1B,0x0E1B,0x0E1B,0x0E1B,0x0E1B,0x0E1B,0x0E1B,0x0E1B,0x0E1B,0x0E1B,0x0E1B,0x0E1B,0x0E1B,0x0E1B,0x0E1B,0x0E1B,0x0E1B,0x0E1B,0x0E1B,0x0E1B,0x0E1B,0x0E1B,0x0E1B,0x0E1B,0x0E1B,0x0E1B,0x0E1B,0x0E1B,0x0E1B,0x0E1B,0x0E1B,0x0E1B,0x0E1B,0x0E1B,0x0E1B,0x0E1B,0x0E1B,0x0E1B,0x0E1B,0x0E1B,0x0E1B,0x0E1B,0x0E1B,0x0E1B,0x0E1B,0x0E1B,0x0E1B,0x0E1B,0x0E1B,0x0E1B,0x0E1B,0x0E1B,0x0E1A,0x0E1A,0x0E1A,0x0E1A,0x0E1A,0x0E1B,0x0E1B,0x0E1B,0x0E1B,0x0E1B,0x0E1B,0x0E1B,0x0E1B,0x0E1B,0x0E1B,0x0E1B,0x0E1B,0x0E1B,0x0E1B,0x0E1B,0x0E1B,0x0E1B,0x0E1B,0x0E1B,0x0E1B,0x0E1B,0x0E1B,0x0E1B,0x0E1B,0x0E1B,0x0E1B,0x0E1B,0x0E1B,0x0E1B,0x0E1B,0x0E1B,0x0E1B,0x0E1B,0x0E1B,0x0E1B,0x0E1B,0x0E1B,0x0E1B,0x0E1B,0x0E1B,0x0E1B,0x0E1B,0x0E1B,0x0E1B,0x0E1B,0x0E1B,0x0E1B,0x0E1B,0x0E1B,0x0E1B,0x0E1B,0x0E1B,0x0E1B,0x0E1B,0x0E1B,0x0E1B,0x0E1B,0x0E1B,0x0E1B,0x0E1B,0x0E1B,0x0E1B,0x0E1B,0x0E1B,0x0E1B,0x0E1B,0x0E1B,0x0E1B,0x0E1B,0x0E1B,0x0E1B,0x0E1B,0x0E1B,0x0E1B,0x0E1B,0x0E1B,0x0E1A,0x0E1A,0x0E1B,0x0E1A,0x0E1A,0x0E1B,0x0E1B,0x0E1B,0x0E1B,0x0E1B,0x0E1B,0x0E1B,0x0E1B,0x0E1B,0x0E1B,0x0E1B,0x0E1B,0x0E1B,0x0E1B,0x0E1B,0x0E1B,0x0E1B,0x0E1B,0x0E1B,0x0E1B,0x0E1B,0x0E1B,0x0E1B,0x0E1B,0x0E1B,0x0E1B,0x0E1A,0x0E1A,0x0E1B,0x0E1B,0x0E1B,0x0E1B,0x0E1A,0x0E1A,0x0DFA,0x0DFA,0x0DFA,0x0DFA,0x0DFA,0x0DFA,0x0DFA,0x0DFA,0x0E1B,
0x0E1B,0x0E1B,0x0E1B,0x0E1B,0x0E1B,0x0E1B,0x0E1B,0x0E1B,0x0E1B,0x0E1B,0x0E1B,0x0E1B,0x0E1B,0x0E1B,0x0E1B,0x0E1B,0x0E1B,0x0E1B,0x0E1B,0x0E1B,0x0E1B,0x0E1B,0x0E1B,0x0E1B,0x0E1B,0x0E1B,0x0E1B,0x0E1B,0x0E1B,0x0E1B,0x0E1B,0x0E1B,0x0E1B,0x0E1B,0x0E1B,0x0E1B,0x0E1B,0x0E1B,0x0E1B,0x0E1B,0x0E1B,0x0E1B,0x0E1B,0x0E1B,0x0E1B,0x0E1B,0x0E1B,0x0E1B,0x0E1B,0x0E1B,0x0E1B,0x0E1B,0x0E1B,0x0E1B,0x0E1B,0x0E1B,0x0E1B,0x0E1B,0x0E1B,0x0E1B,0x0E1B,0x0E1B,0x0E1B,0x0E1A,0x0E1A,0x0E1A,0x0E1A,0x0E1A,0x0E1B,0x0E1B,0x0E1B,0x0E1B,0x0E1B,0x0E1B,0x0E1B,0x0E1B,0x0E1B,0x0E1B,0x0E1B,0x0E1B,0x0E1B,0x0E1B,0x0E1B,0x0E1B,0x0E1B,0x0E1B,0x0E1B,0x0E1B,0x0E1B,0x0E1B,0x0E1B,0x0E1B,0x0E1B,0x0E1B,0x0E1B,0x0E1B,0x0E1B,0x0E1B,0x0E1B,0x0E1B,0x0E1B,0x0E1B,0x0E1B,0x0E1B,0x0E1B,0x0E1B,0x0E1B,0x0E1B,0x0E1B,0x0E1B,0x0E1B,0x0E1B,0x0E1B,0x0E1B,0x0E1B,0x0E1B,0x0E1B,0x0E1B,0x0E1B,0x0E1B,0x0E1B,0x0E1B,0x0E1B,0x0E1B,0x0E1B,0x0E1B,0x0E1B,0x0E1B,0x0E1B,0x0E1B,0x0E1B,0x0E1B,0x0E1B,0x0E1B,0x0E1B,0x0E1B,0x0E1B,0x0E1B,0x0E1B,0x0E1B,0x0E1B,0x0E1B,0x0E1B,0x0E1B,0x0E1B,0x0E1B,0x0E1B,0x0E1B,0x0E1B,0x0E1B,0x0E1B,0x0E1B,0x0E1B,0x0E1B,0x0E1B,0x0E1B,0x0E1B,0x0E1B,0x0E1B,0x0E1B,0x0E1B,0x0E1B,0x0E1B,0x0E1B,0x0E1B,0x0E1A,0x0E1A,0x0E1B,0x0E1B,0x0E1B,0x0E1B,0x0E1B,0x0E1B,0x0E1B,0x0E1B,0x0E1B,0x0E1B,0x0E1B,0x0E1B,0x0E1B,0x0E1B,0x0E1A,0x0E1A,0x0E1A,0x0DFA,0x0DFA,0x0DFA,0x0DFA,0x0DFA,0x0E1A,0x0E1A,0x0E1A,
0x0E1B,0x0E1B,0x0E1B,0x0E1B,0x0E1B,0x0E1B,0x0E1B,0x0E1B,0x0E1B,0x0E1B,0x0E1B,0x0E1B,0x0E1B,0x0E1B,0x0E1B,0x0E1B,0x0E1B,0x0E1B,0x0E1B,0x0E1B,0x0E1B,0x0E1B,0x0E1B,0x0E1B,0x0E1B,0x0E1B,0x0E1B,0x0E1B,0x0E1B,0x0E1B,0x0E1B,0x0E1B,0x0E1B,0x0E1B,0x0E1B,0x0E1B,0x0E1B,0x0E1B,0x0E1B,0x0E1B,0x0E1B,0x0E1B,0x0E1B,0x0E1B,0x0E1B,0x0E1B,0x0E1B,0x0E1B,0x0E1B,0x0E1B,0x0E1B,0x0E1B,0x0E1B,0x0E1B,0x0E1B,0x0E1B,0x0E1B,0x0E1B,0x0E1B,0x0E1B,0x0E1B,0x0E1B,0x0E1B,0x0E1A,0x0E1A,0x0E1A,0x0E1A,0x0E1A,0x0E1B,0x0E1B,0x0E1B,0x0E1B,0x0E1B,0x0E1B,0x0E1B,0x0E1B,0x0E1B,0x0E1B,0x0E1B,0x0E1B,0x0E1B,0x0E1B,0x0E1B,0x0E1B,0x0E1B,0x0E1B,0x0E1B,0x0E1B,0x0E1B,0x0E1B,0x0E1B,0x0E1B,0x0E1B,0x0E1B,0x0E1B,0x0E1B,0x0E1B,0x0E1B,0x0E1B,0x0E1B,0x0E1B,0x0E1B,0x0E1B,0x0E1B,0x0E1B,0x0E1B,0x0E1B,0x0E1B,0x0E1B,0x0E1B,0x0E1B,0x0E1B,0x0E1B,0x0E1B,0x0E1B,0x0E1B,0x0E1B,0x0E1B,0x0E1B,0x0E1B,0x0E1B,0x0E1B,0x0E1B,0x0E1B,0x0E1B,0x0E1B,0x0E1B,0x0E1B,0x0E1B,0x0E1B,0x0E1B,0x0E1B,0x0E1B,0x0E1B,0x0E1B,0x0E1B,0x0E1B,0x0E1B,0x0E1B,0x0E1B,0x0E1B,0x0E1B,0x0E1B,0x0E1B,0x0E1B,0x0E1B,0x0E1B,0x0E1B,0x0E1B,0x0E1B,0x0E1B,0x0E1B,0x0E1B,0x0E1B,0x0E1B,0x0E1B,0x0E1B,0x0E1B,0x0E1B,0x0E1B,0x0E1B,0x0E1B,0x0E1B,0x0E1B,0x0E1B,0x0E1B,0x0E1B,0x0E1B,0x0E1B,0x0E1B,0x0E1B,0x0E1B,0x0E1B,0x0E1B,0x0E1B,0x0E1B,0x0E1B,0x0E1B,0x0E1B,0x0E1B,0x0E1B,0x0E1B,0x0E1B,0x0E1B,0x0E1A,0x0E1A,0x0E1A,0x0E1A,0x0E1A,0x0E1B,0x0E1B,0x0E1B,
0x0E1B,0x0E1B,0x0E1B,0x0E1B,0x0E1B,0x0E1B,0x0E1B,0x0E1B,0x0E1B,0x0E1B,0x0E1B,0x0E1B,0x0E1B,0x0E1B,0x0E1B,0x0E1B,0x0E1B,0x161B,0x0E1B,0x0E1B,0x0E1B,0x0E1B,0x0E1B,0x0E1B,0x0E1B,0x0E1B,0x0E1B,0x0E1B,0x0E1B,0x0E1B,0x0E1B,0x0E1B,0x0E1B,0x0E1B,0x0E1B,0x0E1B,0x0E1B,0x0E1B,0x0E1B,0x0E1B,0x0E1B,0x0E1B,0x0E1B,0x0E1B,0x0E1B,0x0E1B,0x0E1B,0x0E1B,0x0E1B,0x0E1B,0x0E1B,0x0E1B,0x0E1B,0x0E1B,0x0E1B,0x0E1B,0x0E1B,0x0E1B,0x0E1B,0x0E1B,0x0E1B,0x0E1B,0x0E1B,0x0E1A,0x161A,0x0E1A,0x0E1A,0x0E1A,0x0E1B,0x0E1B,0x0E1B,0x0E1B,0x0E1B,0x0E1B,0x0E1B,0x0E1B,0x0E1B,0x0E1B,0x0E1B,0x0E1B,0x0E1B,0x0E1B,0x0E1B,0x0E1B,0x0E1B,0x0E1B,0x0E1B,0x0E1B,0x0E1B,0x0E1B,0x0E1B,0x0E1B,0x0E1B,0x0E1B,0x0E1B,0x0E1B,0x0E1B,0x0E1B,0x0E1B,0x0E1B,0x0E1B,0x0E1B,0x0E1B,0x0E1B,0x0E1B,0x0E1B,0x0E1B,0x0E1B,0x0E1B,0x0E1B,0x0E1B,0x0E1B,0x0E1B,0x0E1B,0x0E1B,0x0E1B,0x0E1B,0x0E1B,0x0E1B,0x0E1B,0x0E1B,0x0E1B,0x0E1B,0x0E1B,0x0E1B,0x0E1B,0x0E1B,0x0E1B,0x0E1B,0x0E1B,0x0E1B,0x0E1B,0x0E1B,0x0E1B,0x0E1B,0x0E1B,0x0E1B,0x0E1B,0x0E1B,0x0E1B,0x0E1B,0x0E1B,0x0E1B,0x0E1B,0x0E1B,0x0E1B,0x0E1B,0x0E1B,0x0E1B,0x0E1B,0x0E1B,0x0E1B,0x0E1B,0x0E1B,0x0E1B,0x0E1B,0x0E1B,0x0E1B,0x0E1B,0x0E1B,0x0E1B,0x0E1B,0x0E1B,0x0E1B,0x0E1B,0x0E1B,0x0E1B,0x0E1B,0x0E1B,0x0E1B,0x0E1B,0x0E1B,0x0E1B,0x0E1B,0x0E1B,0x0E1B,0x0E1B,0x0E1B,0x0E1B,0x0E1B,0x0E1B,0x0E1B,0x0E1B,0x0E1B,0x0E1B,0x0E1B,0x0E1B,0x0E1B,0x0E1B,0x0E1B,0x0E1B,0x0E1B,
0x0E1B,0x0E1B,0x0E1B,0x0E1B,0x0E1B,0x0E1B,0x0E1B,0x0E1B,0x0E1B,0x0E1B,0x0E1B,0x0E1B,0x0E1B,0x0E1B,0x0E1B,0x0E1B,0x0E1B,0x0E1B,0x0E1B,0x0E1B,0x0E1B,0x0E1B,0x0E1B,0x0E1B,0x0E1B,0x0E1B,0x0E1B,0x0E1B,0x0E1B,0x0E1B,0x0E1B,0x0E1B,0x0E1B,0x0E1B,0x0E1B,0x0E1B,0x0E1B,0x0E1B,0x0E1B,0x0E1B,0x0E1B,0x0E1B,0x0E1B,0x0E1B,0x0E1B,0x0E1B,0x0E1B,0x0E1B,0x0E1B,0x0E1B,0x0E1B,0x0E1B,0x0E1B,0x0E1B,0x0E1B,0x0E1B,0x0E1B,0x0E1B,0x0E1B,0x0E1B,0x0E1B,0x0E1A,0x0E1A,0x0E1A,0x0E1A,0x0E1A,0x0E1A,0x0E1A,0x0E1B,0x0E1B,0x0E1B,0x0E1B,0x0E1B,0x0E1B,0x0E1B,0x0E1B,0x0E1B,0x0E1B,0x0E1B,0x0E1B,0x0E1B,0x0E1B,0x0E1B,0x0E1B,0x0E1B,0x0E1B,0x0E1B,0x0E1B,0x0E1B,0x0E1B,0x0E1B,0x0E1B,0x0E1B,0x0E1B,0x0E1B,0x0E1B,0x0E1B,0x0E1B,0x0E1B,0x0E1B,0x0E1B,0x0E1B,0x0E1B,0x0E1B,0x0E1B,0x0E1B,0x0E1B,0x0E1B,0x0E1B,0x0E1B,0x0E1B,0x0E1B,0x0E1B,0x0E1B,0x0E1B,0x0E1B,0x0E1B,0x0E1B,0x0E1B,0x0E1B,0x0E1B,0x0E1B,0x0E1B,0x0E1B,0x0E1B,0x0E1B,0x0E1B,0x0E1B,0x0E1B,0x0E1B,0x0E1B,0x0E1B,0x0E1B,0x0E1B,0x0E1B,0x0E1B,0x0E1B,0x0E1B,0x0E1B,0x0E1B,0x0E1B,0x0E1B,0x0E1B,0x0E1B,0x0E1B,0x0E1A,0x0E1A,0x0E1A,0x0E1A,0x0E1A,0x0E1B,0x0E1B,0x0E1B,0x0E1B,0x0E1B,0x0E1B,0x0E1B,0x0E1B,0x0E1B,0x0E1B,0x0E1B,0x0E1B,0x0E1B,0x0E1B,0x0E1B,0x0E1B,0x0E1B,0x0E1B,0x0E1A,0x0E1A,0x0E1B,0x0E1B,0x0DFA,0x0DFA,0x0E1B,0x0E1B,0x0E1B,0x0E1B,0x0E1B,0x0E1B,0x0E1B,0x0E1B,0x0E1B,0x0E1B,0x0E1B,0x0E1B,0x0E1B,0x0E1A,0x0E1A,0x0E1B,0x0E1B,0x0E1B,
0x0E1B,0x0E1B,0x0E1B,0x0E1B,0x0E1B,0x0E1B,0x0E1B,0x0E1B,0x0E1B,0x0E1B,0x0E1B,0x0E1B,0x0E1B,0x0E1B,0x0E1B,0x0E1B,0x0E1B,0x0E1B,0x0E1B,0x0E1B,0x0E1B,0x0E1B,0x0E1B,0x0E1B,0x0E1B,0x0E1B,0x0E1B,0x0E1B,0x0E1B,0x0E1B,0x0E1B,0x0E1B,0x0E1B,0x0E1B,0x0E1B,0x0E1B,0x0E1B,0x0E1B,0x0E1B,0x0E1B,0x0E1B,0x0E1B,0x0E1B,0x0E1B,0x0E1B,0x0E1B,0x0E1B,0x0E1B,0x0E1B,0x0E1B,0x0E1B,0x0E1B,0x0E1B,0x0E1B,0x0E1B,0x0E1B,0x0E1B,0x0E1B,0x0E1B,0x0E1B,0x0E1B,0x0E1B,0x0E1B,0x0E1A,0x0E1A,0x0E1A,0x0E1B,0x0E1B,0x0E1B,0x0E1B,0x0E1B,0x0E1B,0x0E1B,0x0E1B,0x0E1B,0x0E1B,0x0E1B,0x0E1B,0x0E1B,0x0E1B,0x0E1B,0x0E1B,0x0E1B,0x0E1B,0x0E1B,0x0E1B,0x0E1B,0x0E1B,0x0E1B,0x0E1B,0x0E1B,0x0E1B,0x0E1B,0x0E1B,0x0E1B,0x0E1B,0x0E1B,0x0E1B,0x0E1B,0x0E1B,0x0E1B,0x0E1B,0x0E1B,0x0E1B,0x0E1B,0x0E1B,0x0E1B,0x0E1B,0x0E1B,0x0E1B,0x0E1B,0x0E1B,0x0E1A,0x0E1A,0x0E1B,0x0E1B,0x0E1B,0x0E1B,0x0E1B,0x0E1B,0x0E1B,0x0E1B,0x0E1B,0x0E1B,0x0E1B,0x0E1B,0x0E1B,0x0E1B,0x0E1B,0x0E1B,0x0E1B,0x0E1B,0x0E1B,0x0E1A,0x0E1A,0x0E1A,0x0E1A,0x0E1A,0x0E1A,0x0E1A,0x0E1A,0x0E1A,0x0E1A,0x0E1B,0x0E1A,0x0E1A,0x0E1A,0x0E1A,0x0E1A,0x0E1A,0x0E1B,0x0E1B,0x0E1B,0x0E1B,0x0E1B,0x0E1B,0x0E1B,0x0E1B,0x0E1B,0x0E1B,0x0E1B,0x0E1B,0x0E1B,0x0E1B,0x0E1B,0x0E1B,0x0E1B,0x0E1B,0x0E1A,0x0E1A,0x0E1B,0x0E1B,0x0E1B,0x0E1B,0x0E1B,0x0E1B,0x0E1B,0x0E1B,0x0DFA,0x0DFA,0x0DFA,0x0DFA,0x0DFB,0x0DFB,0x0DFB,0x0DFB,0x0E1B,0x0DFA,0x0DFA,0x0E1A,0x0E1A,0x0E1A,
0x0E1B,0x0E1B,0x0E1B,0x0E1B,0x0E1B,0x0E1B,0x0E1B,0x0E1B,0x0E1B,0x0E1B,0x0E1B,0x0E1B,0x0E1B,0x0E1B,0x0E1B,0x0E1A,0x0E1A,0x0E1A,0x0E1B,0x0E1B,0x0E1B,0x0E1B,0x0E1B,0x0E1B,0x0E1B,0x0E1B,0x0E1B,0x0E1B,0x0E1B,0x0E1B,0x0E1B,0x0E1B,0x0E1B,0x0E1B,0x0E1B,0x0E1B,0x0E1B,0x0E1B,0x0E1B,0x0E1B,0x0E1B,0x0E1B,0x0E1B,0x0E1B,0x0E1B,0x0E1B,0x0E1B,0x0E1B,0x0E1B,0x0E1B,0x0E1B,0x0E1B,0x0E1B,0x0E1B,0x0E1B,0x0E1B,0x0E1B,0x0E1B,0x0E1B,0x0E1B,0x0E1A,0x0E1A,0x0E1A,0x0E1A,0x0E1A,0x0E1A,0x0E1B,0x0E1B,0x0E1B,0x0E1B,0x0E1B,0x0E1B,0x0E1B,0x0E1B,0x0E1B,0x0E1B,0x0E1B,0x0E1B,0x0E1B,0x0E1B,0x0E1B,0x0E1B,0x0E1B,0x0E1B,0x0E1B,0x0E1B,0x0E1B,0x0E1B,0x0E1B,0x0E1B,0x0E1B,0x0E1B,0x0E1B,0x0E1B,0x0E1B,0x0E1B,0x0E1B,0x0E1B,0x0E1B,0x0E1B,0x0E1A,0x0E1A,0x0E1B,0x0E1B,0x0E1B,0x0E1B,0x0E1B,0x0E1B,0x0E1B,0x0E1B,0x0E1B,0x0E1A,0x0E1A,0x0E1A,0x0E1A,0x0E1A,0x0E1A,0x0E1A,0x0E1A,0x0E1B,0x0E1B,0x0E1B,0x0E1B,0x0E1B,0x0E1B,0x0E1B,0x0E1B,0x0E1B,0x0E1B,0x0E1B,0x0E1B,0x0E1B,0x0E1A,0x0E1A,0x0E1A,0x0E1A,0x0E1A,0x0E1A,0x0E1A,0x0E1A,0x0E1A,0x0E1A,0x0E1A,0x0E1B,0x0E1A,0x0E1A,0x0E1A,0x0DFA,0x0DFA,0x0DFA,0x0E1A,0x0E1A,0x0E1B,0x0E1B,0x0E1B,0x0E1B,0x0E1A,0x0E1A,0x0E1B,0x0E1B,0x0E1B,0x0E1B,0x0E1B,0x0E1B,0x0E1B,0x0E1B,0x0E1B,0x0E1B,0x0E1B,0x0E1B,0x0E1B,0x0E1B,0x0E1B,0x0E1B,0x0E1B,0x0E1B,0x0E1B,0x0E1B,0x0DFA,0x0DFA,0x0DFB,0x0DFA,0x0DFA,0x0DFA,0x0DFA,0x0DFB,0x0DFA,0x0DFA,0x0DFA,0x0DFA,0x0DFA,0x0E1A,
0x0E1B,0x0E1B,0x0E1B,0x0E1A,0x0E1A,0x0E1B,0x0E1B,0x0E1B,0x0E1B,0x0E1B,0x0E1B,0x0E1B,0x0E1B,0x0E1B,0x0E1B,0x0E1A,0x0E1A,0x0E1B,0x0E1B,0x0E1B,0x0E1B,0x0E1B,0x0E1B,0x0E1B,0x0E1B,0x0E1B,0x0E1B,0x0E1B,0x0E1B,0x0E1B,0x0E1B,0x0E1B,0x0E1B,0x0E1B,0x0E1B,0x0E1B,0x0E1B,0x0E1B,0x0E1B,0x0E1B,0x0E1B,0x0E1B,0x0E1B,0x0E1B,0x0E1B,0x0E1B,0x0E1B,0x0E1B,0x0E1B,0x0E1B,0x0E1B,0x0E1B,0x0E1B,0x0E1B,0x0E1B,0x0E1B,0x0E1B,0x0E1B,0x0E1A,0x0E1A,0x0DFA,0x0DFA,0x0DFA,0x0E1A,0x0DFA,0x0DFA,0x0E1A,0x0E1A,0x0E1B,0x0E1B,0x0E1B,0x0E1B,0x0E1B,0x0E1B,0x0E1B,0x0E1B,0x0E1B,0x0E1B,0x0E1B,0x0E1B,0x0E1B,0x0E1B,0x0E1B,0x0E1B,0x0E1B,0x0E1B,0x0E1B,0x0E1B,0x0E1B,0x0E1B,0x0E1B,0x0E1B,0x0E1B,0x0E1B,0x0E1B,0x0E1B,0x0E1A,0x0E1A,0x0E1A,0x0E1A,0x0E1A,0x0E1A,0x0E1A,0x0E1A,0x0E1A,0x0E1A,0x0E1A,0x0E1A,0x0E1A,0x0E1A,0x0E1A,0x0E1A,0x0E1A,0x0E1A,0x0DFA,0x0DFA,0x0E1A,0x0E1A,0x0E1A,0x0E1B,0x0E1B,0x0E1A,0x0E1A,0x0E1A,0x0E1A,0x0E1A,0x0E1A,0x0E1A,0x0E1A,0x0E1A,0x0E1A,0x0E1B,0x0E1A,0x0E1A,0x0E1A,0x0E1A,0x0E1A,0x0E1A,0x0E1A,0x0E1A,0x0E1A,0x0E1A,0x0E1A,0x0E1A,0x0E1A,0x0DFA,0x0DFA,0x0DFA,0x0DFA,0x0DFA,0x0DFA,0x0DFA,0x0DFA,0x0DFA,0x0DFA,0x0DFA,0x0E1B,0x0E1B,0x0E1B,0x0E1B,0x0E1B,0x0E1B,0x0E1B,0x0E1B,0x0E1B,0x0E1B,0x0E1B,0x0E1B,0x0E1B,0x0E1B,0x0E1B,0x0E1B,0x0E1B,0x0E1B,0x0E1B,0x0E1B,0x0E1B,0x0DFB,0x0DFB,0x0DFB,0x0E1B,0x0DFB,0x0DFB,0x0DFB,0x0DFB,0x0DFB,0x0DFA,0x0DFA,0x0DFA,0x0DFA,0x0DFA,0x0DFA,
0x0E1B,0x0E1B,0x0E1B,0x0E1A,0x0E1A,0x0E1B,0x0E1B,0x0E1B,0x0E1B,0x0E1B,0x0E1B,0x0E1B,0x0E1B,0x0E1B,0x0E1B,0x0E1A,0x0E1A,0x0E1A,0x0E1A,0x0E1A,0x0E1A,0x0E1B,0x0E1B,0x0E1B,0x0E1B,0x0E1A,0x0E1A,0x0E1A,0x0E1A,0x0E1A,0x0E1A,0x0E1A,0x0E1A,0x0E1B,0x0E1B,0x0E1B,0x0E1B,0x0E1B,0x0E1B,0x0E1A,0x0E1A,0x0E1A,0x0E1A,0x0E1A,0x0E1B,0x0E1B,0x0E1B,0x0E1B,0x0E1B,0x0E1A,0x0E1A,0x0E1A,0x0E1A,0x0E1B,0x0E1B,0x0E1B,0x0E1B,0x0E1B,0x0E1A,0x0E1A,0x0DFA,0x0DFA,0x0DFA,0x0DFA,0x0DFA,0x0DFA,0x0DFA,0x0DFA,0x0DFA,0x0DFA,0x0DFA,0x0E1A,0x0E1B,0x0E1A,0x0E1A,0x0E1B,0x0E1B,0x0E1B,0x0E1A,0x0E1A,0x0E1A,0x0E1A,0x0E1A,0x0E1B,0x0E1B,0x0E1A,0x0E1A,0x0E1A,0x0E1A,0x0E1A,0x0E1A,0x0E1A,0x0E1B,0x0E1A,0x0DFA,0x0DFA,0x0DFA,0x0DFA,0x0DFA,0x0DFA,0x0DFA,0x0DFA,0x0E1A,0x0E1A,0x0E1A,0x0DFA,0x0DFA,0x0E1A,0x0DFA,0x0DFA,0x0DFA,0x0DFA,0x0DFA,0x0DFA,0x0DFA,0x0DFA,0x0DFA,0x0DFA,0x0DFA,0x0E1A,0x0E1A,0x0E1A,0x0E1A,0x0DFA,0x0DFA,0x0DFA,0x0DFA,0x0DFA,0x0DFA,0x0DFA,0x0DFA,0x0DFA,0x0DFA,0x0DFA,0x0DFA,0x0E1A,0x0DFA,0x0DFA,0x0DFA,0x0DFA,0x0E1A,0x0DFA,0x0DFA,0x0DFA,0x0E1A,0x0E1A,0x0E1A,0x0E1A,0x0DFA,0x0DFA,0x0DFA,0x0DFA,0x0DFA,0x0DFA,0x0DFA,0x0DFA,0x0DFB,0x0DFB,0x0E1B,0x0E1B,0x0E1B,0x0E1B,0x0E1B,0x0E1B,0x0E1B,0x0E1B,0x0DFB,0x0DFB,0x0DFB,0x0DFB,0x0E1B,0x0DFB,0x0DFB,0x0DFB,0x0DFB,0x0DFB,0x0DFB,0x0DFA,0x0DFA,0x0DFA,0x0DFB,0x0DFB,0x0DFB,0x0DFB,0x0DFB,0x0DFB,0x0DFA,0x0DFA,0x0DFA,0x0DFA,0x0DFA,0x0DFA,
0x0E1B,0x0E1B,0x0E1B,0x0E1A,0x0E1A,0x0E1B,0x0E1B,0x0E1B,0x0E1B,0x0E1B,0x0E1B,0x0E1B,0x0E1A,0x0E1A,0x0E1A,0x0E1A,0x0E1A,0x0E1A,0x0E1A,0x0E1A,0x0E1A,0x0E1A,0x0E1A,0x0E1B,0x0E1A,0x0E1A,0x0E1A,0x0DFA,0x0DFA,0x0DFA,0x0DFA,0x0DFA,0x0E1A,0x0E1A,0x0E1A,0x0E1B,0x0E1A,0x0E1A,0x0E1A,0x0E1B,0x0E1B,0x0E1B,0x0E1A,0x0E1A,0x0E1A,0x0E1A,0x0E1A,0x0E1A,0x0E1A,0x0E1A,0x0E1A,0x0E1A,0x0E1A,0x0E1A,0x0E1A,0x0E1A,0x0E1B,0x0E1A,0x0E1A,0x0E1A,0x0DFA,0x0DFA,0x0DFA,0x0DFA,0x0DFA,0x0DFA,0x0DFA,0x0DFA,0x0DFA,0x0DFA,0x0DFA,0x0DFA,0x0DFA,0x0DFA,0x0DFA,0x0E1B,0x0E1B,0x0E1B,0x0E1A,0x0E1A,0x0E1A,0x0E1A,0x0E1A,0x0E1A,0x0E1A,0x0E1A,0x0E1A,0x0E1A,0x0E1A,0x0E1A,0x0E1A,0x0E1A,0x0E1A,0x0DFA,0x0DFA,0x0E1A,0x0DFA,0x0DFA,0x0DFA,0x0DFA,0x0DFA,0x0DFA,0x0DFA,0x0DFA,0x0E1A,0x0E1A,0x0DFA,0x0DFA,0x0DFA,0x0DFA,0x0DFA,0x0DFA,0x0DFA,0x0DFA,0x0DFA,0x0DFA,0x0DFA,0x0DFA,0x0DFA,0x0E1A,0x0E1A,0x0E1A,0x0E1A,0x0DFA,0x0DFA,0x0DFA,0x0DFA,0x0DFA,0x0DFA,0x0DFA,0x0DFA,0x0DFA,0x0DFA,0x0DFA,0x0DFA,0x0E1B,0x0DFB,0x0DFA,0x0DFB,0x0DFA,0x0E1A,0x0DFA,0x0DFA,0x0DFA,0x0E1A,0x0E1A,0x0E1A,0x0E1B,0x0DFA,0x0DFA,0x0DFB,0x0DFA,0x0E1A,0x0DFA,0x0DFA,0x0DFB,0x0DFA,0x0DFA,0x0E1B,0x0E1B,0x0E1B,0x0E1B,0x0DFB,0x0DFB,0x0DFB,0x0DFB,0x0DFB,0x0DFB,0x0DFB,0x0DFB,0x0DFB,0x0DFB,0x0DFA,0x0DFA,0x0DFA,0x0DFA,0x0DFA,0x0DFA,0x0DFA,0x0DFA,0x0DFB,0x0DFB,0x0DFB,0x0DFB,0x0DFB,0x0DFB,0x0DFA,0x0DFA,0x0DFA,0x0DFA,0x0DFA,0x0DFA,
0x0E1B,0x0E1A,0x0E1A,0x0E1A,0x0E1A,0x0E1A,0x0E1A,0x0E1A,0x0E1A,0x0E1A,0x0E1A,0x0E1A,0x0DFA,0x0DFA,0x0DFA,0x161A,0x161A,0x0E1A,0x0DFA,0x0DFA,0x0DFA,0x0E1B,0x0DFA,0x0DFA,0x0DFA,0x0DFA,0x0DFA,0x0DFA,0x0DFA,0x0DFA,0x0DFA,0x0DFA,0x0E1B,0x0E1A,0x0E1A,0x0E1A,0x0E1B,0x0E1A,0x0E1A,0x0E1A,0x0E1A,0x0E1A,0x15FA,0x0DFA,0x0E1A,0x0E1A,0x0DFA,0x0DFB,0x0E1A,0x0E1A,0x0E1A,0x0E1A,0x0E1A,0x0E1A,0x0DFA,0x0DFA,0x0DFA,0x0DFA,0x0DFA,0x0E1A,0x0DFA,0x0DFA,0x0DFA,0x0DFA,0x0DFA,0x0E1A,0x0DFA,0x0DFA,0x0DFA,0x0E1B,0x0DFA,0x0DFA,0x0E1B,0x0DFA,0x0DFA,0x0E1A,0x0E1A,0x0DFB,0x0E1A,0x0DFA,0x0DFA,0x0DFA,0x0DFA,0x0DFA,0x0E1A,0x0DFA,0x0DFA,0x0DFA,0x0DFA,0x0DFA,0x0DFA,0x0DFA,0x0E1A,0x0DFA,0x0DFA,0x0DFB,0x0E1A,0x0E1B,0x0E1B,0x05FB,0x05FA,0x05FA,0x0DFA,0x0DFA,0x0DFA,0x0DFA,0x0DFA,0x0DFA,0x0DFA,0x0DFA,0x0DFA,0x0E1A,0x0E1A,0x0E1A,0x0E1B,0x0E1B,0x0E1B,0x0DFA,0x0DFB,0x0E1B,0x0DFA,0x0DFA,0x0DFA,0x0E1A,0x0E1A,0x0E1A,0x0DFA,0x0DFA,0x0E1A,0x0DFA,0x0E1A,0x0E1A,0x0E1A,0x0E1A,0x0DFB,0x0DFA,0x0DFA,0x0DFB,0x0E1B,0x0E1A,0x0E1A,0x0E1A,0x0E1A,0x0E1A,0x0E1A,0x0E1A,0x0E1A,0x0E1A,0x0E1A,0x0DFA,0x0E1B,0x0E1B,0x0E1B,0x0E1A,0x0E1A,0x0DFB,0x0DFB,0x0DFB,0x0DFA,0x0DFB,0x0DFB,0x0DFB,0x0DFA,0x0DFA,0x0DFA,0x0DFA,0x0DFA,0x0DFA,0x0DFA,0x0DFA,0x0DFA,0x0DFA,0x0DFA,0x0DFA,0x0DFA,0x0DFA,0x0DFA,0x0DFA,0x0DFA,0x0DFA,0x0DFA,0x0DFA,0x0DFA,0x0DFA,0x0DFA,0x0DFA,0x0DFB,0x0DFA,0x0DFA,0x0DFA,0x0DFA,0x0DFA,
0x0E1A,0x0E1A,0x0DFA,0x0E1A,0x0DFA,0x0DFA,0x0DFA,0x0DFA,0x0DFA,0x0E1A,0x0DFA,0x0DFA,0x0DFA,0x0DFA,0x0DFA,0x161A,0x0DFA,0x0DFA,0x0DFA,0x0DFA,0x0DFA,0x0DFA,0x0DFA,0x0DFA,0x0DFA,0x0DFA,0x0DFA,0x0DFA,0x0DFA,0x0DFA,0x0DFA,0x0DFA,0x0DFA,0x0DFA,0x0DFA,0x0E1A,0x0E1A,0x0E1A,0x0DFA,0x0DFA,0x0DFA,0x0E1A,0x0E1A,0x0E3A,0x0E3A,0x0E1A,0x0DFA,0x0DFA,0x0DFA,0x0DFA,0x0DFA,0x0DFA,0x0DFA,0x0DFA,0x0DFA,0x0DFA,0x0DFA,0x0DFA,0x0DFA,0x0DFA,0x0DFA,0x0DFA,0x0DFA,0x0DFA,0x0DFA,0x0DFA,0x0E1A,0x0DFA,0x0DFA,0x0E1A,0x0DFA,0x0DFB,0x161A,0x161B,0x161B,0x0E1B,0x0E1B,0x0E1B,0x0E1B,0x0DFA,0x0DFA,0x0DFA,0x0DFA,0x0DFA,0x0DFA,0x0DFA,0x0DFA,0x0DFA,0x0DFA,0x0DFA,0x0DFA,0x0DFA,0x0DFA,0x0E1A,0x0E19,0x0E19,0x061A,0x061A,0x061A,0x061B,0x061A,0x0DFA,0x0DFB,0x0DFA,0x0DFA,0x0E1A,0x0E1A,0x0E1A,0x0DFA,0x0DFA,0x0E1A,0x0E1B,0x0E1A,0x0E1A,0x0E1B,0x0E1A,0x0DFA,0x0DFA,0x0DFA,0x0E1A,0x0DFA,0x0DFA,0x0DFA,0x0DFA,0x0DFA,0x0DFA,0x0E1A,0x0DFA,0x15FA,0x15FA,0x15D9,0x1DD9,0x1DD9,0x1DD9,0x1DB8,0x1DB8,0x1DB8,0x25B8,0x25B8,0x25B8,0x2DB8,0x35B8,0x35B8,0x35B8,0x3D98,0x3D97,0x4597,0x4D97,0x4D76,0x4D76,0x5575,0x5576,0x45B7,0x1DFA,0x0DFA,0x0DFA,0x0DFA,0x0DFA,0x0DFA,0x0DFA,0x0DFA,0x0DFA,0x0DFA,0x0DFA,0x0DFA,0x0DFA,0x0DFA,0x0DFA,0x0DFA,0x0DFA,0x0DFA,0x0DFA,0x0DFA,0x0DFA,0x0DFA,0x0DFA,0x0DFA,0x0DFA,0x0DFA,0x0DFA,0x0DFA,0x0DFA,0x0DFA,0x0DFA,0x0DFA,0x0DFA,0x0DFB,0x0DFB,0x0DFB,0x0DFA,0x0DFA,0x0DFA,
0x0E1A,0x0DFA,0x0DFA,0x0DFA,0x0DFA,0x0DFA,0x0DFA,0x0DFA,0x0DFA,0x0DFA,0x0DFA,0x0E1A,0x0DFA,0x0DFA,0x0DFA,0x0E1A,0x0DFA,0x0DFA,0x0DFA,0x0DFA,0x0DFA,0x0DFA,0x0DFA,0x0DFA,0x0DFA,0x0DFA,0x0DFA,0x0DFA,0x0DFA,0x0DFA,0x0DFA,0x0DFA,0x0DFA,0x0DFA,0x0DFB,0x0DFB,0x0DFA,0x15F9,0x1DF9,0x25D8,0x2DF7,0x3DF6,0x4E15,0x5635,0x4637,0x1E1A,0x0DFB,0x0DFB,0x0DFA,0x0DFA,0x0DFA,0x0DFA,0x0DFA,0x0DFA,0x0DFA,0x0DFA,0x0DFA,0x0DFA,0x0DFA,0x0DFA,0x0DFA,0x0DFA,0x15FB,0x0DFA,0x0DFA,0x0DFA,0x0DFA,0x0DFA,0x15FA,0x15FA,0x1DFA,0x25FA,0x261A,0x2E3A,0x3E7B,0x4EFC,0x367B,0x15FA,0x0E1B,0x0E1A,0x0DFA,0x0DFA,0x0DFA,0x0DFA,0x0DFA,0x0DFA,0x0DFA,0x0DFA,0x0DFA,0x0DFA,0x0DFA,0x0DFA,0x0DFB,0x0DFB,0x15DA,0x25B9,0x4576,0x4576,0x4576,0x4D55,0x5555,0x5D35,0x5D34,0x5D34,0x6514,0x6513,0x64F3,0x6CF3,0x7513,0x7D13,0x7D13,0x84F3,0x8CD2,0x94D2,0x9CD2,0xA4B1,0xAC91,0xB490,0xB46F,0xBC4F,0xBC4F,0xBC4F,0xC42E,0xC3ED,0xCBCD,0xCBCD,0xCB8D,0xD34C,0xD30B,0xDB0A,0xDAC9,0xDAA9,0xE289,0xE248,0xDA27,0xE227,0xE207,0xE206,0xE206,0xE206,0xE206,0xE1E6,0xE1E6,0xEA06,0xEA06,0xEA06,0xEA06,0xEA06,0xEA05,0xF206,0xF206,0xE206,0xB2CA,0x3D57,0x1DFA,0x15FA,0x0DFA,0x0DFA,0x0DFA,0x0DFA,0x0DFA,0x0DFA,0x0DFA,0x0DFA,0x0DFA,0x0DFA,0x0DFA,0x0DFA,0x0DFA,0x0DFA,0x0DFA,0x0DFA,0x0DFA,0x0DFA,0x0DFA,0x0DFA,0x0DFA,0x0DFA,0x0DFA,0x0DFA,0x0DFA,0x0DFA,0x0DFA,0x0DFA,0x0DFA,0x0DFA,0x0DFB,0x0DFA,0x0DFA,0x0DFA,0x0DFA,0x0DFA,
0x0DFA,0x0DFA,0x0DFA,0x0DDA,0x0DFA,0x0DFA,0x0DFA,0x0DFA,0x0DFA,0x0DFB,0x0DFA,0x15FA,0x15FB,0x15FA,0x0E1A,0x0E1A,0x0E1A,0x0DFA,0x0E1A,0x0E1B,0x0E1B,0x0E1A,0x061A,0x05FB,0x0DFB,0x0DFB,0x0DFB,0x161A,0x15D9,0x1DB7,0x2595,0x2D94,0x3DB2,0x6633,0x8EB3,0xB712,0xCF30,0xDEEE,0xE6AC,0xEE8B,0xF66A,0xF669,0xF648,0xF6CD,0xC713,0x3638,0x15FA,0x15FA,0x0E1A,0x0E1A,0x0E1A,0x0DFA,0x0E1B,0x0E1B,0x061B,0x05FB,0x0DFB,0x0DFB,0x0DFA,0x15F9,0x15F9,0x15D9,0x15D9,0x263A,0x36BC,0x473D,0x4F3D,0x46DC,0x367A,0x2639,0x1E19,0x15F8,0x15F9,0x0DF9,0x0E19,0x0DF9,0x15F9,0x2619,0x161A,0x0E1A,0x0E1A,0x0E1A,0x0DFA,0x0DFA,0x061B,0x061B,0x061B,0x0E1B,0x0E1B,0x161B,0x15FA,0x15FA,0x1DF9,0x1DD8,0x5411,0x9A49,0xDA06,0xE9E6,0xE9E6,0xE9C6,0xE9E6,0xE9E6,0xE9E6,0xE9E6,0xE9E6,0xE9E6,0xE9E6,0xE9E6,0xE9E6,0xF1E6,0xF1E6,0xE9C5,0xE9C6,0xE9E6,0xE9E5,0xE9E5,0xF1E6,0xF1E6,0xF1E6,0xF1E6,0xF1E6,0xF1E6,0xF1E6,0xF1E6,0xF1E6,0xF1E5,0xE9E5,0xE9C5,0xF1C5,0xF1C5,0xF1C5,0xF1C5,0xF1C5,0xF1C5,0xF1C5,0xF1C5,0xF1C5,0xF1E5,0xF1E5,0xF1C5,0xE9C5,0xE9C5,0xE9C5,0xF1E5,0xF1E5,0xF1E5,0xF1E6,0xF1E6,0xF1E5,0xF1E6,0xF1E6,0xE9C6,0xC269,0x3D56,0x15FA,0x0E1A,0x0E1B,0x0E1B,0x0DFA,0x0DFA,0x0DFA,0x0DFA,0x0DFA,0x0DFA,0x0DFA,0x0DFA,0x0DFA,0x0DFA,0x0DFA,0x0DFA,0x0DFA,0x0DFA,0x0DFA,0x0DFA,0x0DFA,0x0DFA,0x0DFA,0x0DFA,0x0DFA,0x0DFA,0x0DFA,0x0DFA,0x0DFA,0x0DFA,0x0DFA,0x0DFA,0x0DFA,0x0DFA,0x0DFA,0x0DFA,0x0DFA,0x0DFA,
0x0DFA,0x0DFA,0x0DDA,0x0DFA,0x0DFA,0x0DFA,0x0DFA,0x0E1A,0x0E1A,0x0E1A,0x0E1A,0x0E1A,0x0E19,0x0E1A,0x0E1A,0x0E1A,0x0E1A,0x15F9,0x15D8,0x1DB7,0x25B6,0x35B4,0x55F3,0x7652,0x8E71,0xA690,0xBEAF,0xCECE,0xDECD,0xEECC,0xF6AA,0xF689,0xFE69,0xFE48,0xFE49,0xFE69,0xFE69,0xFE69,0xFE49,0xFE49,0xFE49,0xFE48,0xFE49,0xF68A,0xCE8E,0x3617,0x0DFB,0x0E1C,0x0DFB,0x0DFA,0x15F9,0x15F9,0x1E1A,0x2E5A,0x369B,0x369B,0x369B,0x367A,0x367A,0x2E5A,0x2619,0x1DD9,0x15D9,0x15D9,0x0DF9,0x0E19,0x0E19,0x0E19,0x0E19,0x0E1A,0x0DFA,0x0DFA,0x0DFA,0x0DFA,0x0DF9,0x0619,0x267A,0x369C,0x163B,0x15FB,0x15DA,0x15DA,0x1DD9,0x25FA,0x2E3B,0x3E7C,0x4E9C,0x565C,0x5E7D,0x669D,0x667D,0x5E3D,0x5E1D,0x561D,0x7414,0xA22A,0xE206,0xEA05,0xEA05,0xF1E5,0xF1E5,0xF1E5,0xF1E5,0xF1E5,0xF1E5,0xF1E6,0xF1E5,0xE9E5,0xF1E5,0xF1E5,0xF1E5,0xF1E5,0xE9E5,0xE9C5,0xE9E5,0xE9E5,0xE9E5,0xF1E5,0xF1E5,0xF1E5,0xF1E5,0xF1E5,0xF1E5,0xF1E5,0xF1E5,0xF1E5,0xF1C5,0xF1C5,0xF1C5,0xF1C5,0xF1C5,0xF1C5,0xF1C5,0xF1C5,0xF1C5,0xF1C5,0xF1C5,0xF1E5,0xF1E5,0xF1C5,0xF1C5,0xF1C5,0xF1C5,0xF1E5,0xF1E5,0xF1E5,0xF1E6,0xF1E6,0xF1E6,0xF1E6,0xF1E6,0xE9C6,0xC269,0x3D36,0x15FA,0x0E1A,0x0DFA,0x0DFA,0x0DFA,0x0DFA,0x0DFA,0x0DFA,0x0DFA,0x0DFA,0x0DFA,0x0DFA,0x0DFA,0x0DFA,0x15FA,0x0DFA,0x0DFA,0x0DFA,0x0DFA,0x0DFA,0x0DFA,0x0DFA,0x0DFA,0x0DFA,0x0DFA,0x0DFA,0x0DFA,0x0DFA,0x0DFA,0x0DFA,0x0DFA,0x0DFA,0x0DFA,0x0DFA,0x0DFA,0x0DFA,0x0DFA,0x0DFA,
0x0E1B,0x0DFB,0x0DFB,0x0DFA,0x0DFA,0x15FB,0x15FB,0x15FA,0x15F9,0x1DD8,0x25B6,0x3594,0x45B4,0x55F3,0x7632,0xA691,0xC6F1,0xDF10,0xDECD,0xEE8C,0xF66A,0xF66A,0xFE69,0xFE49,0xFE48,0xFE48,0xFE48,0xFE48,0xFE48,0xFE49,0xFE49,0xFE49,0xFE68,0xFE69,0xFE69,0xFE69,0xFE49,0xFE49,0xFE69,0xFE69,0xF68A,0xEEAB,0xE6AC,0xCEAE,0xA691,0x4637,0x365A,0x3EBC,0x4EFD,0x3E9B,0x2619,0x15D8,0x15D9,0x0DF9,0x0DF9,0x0E19,0x0E1A,0x061A,0x061A,0x0E1A,0x061A,0x063A,0x0639,0x061A,0x061A,0x0DFA,0x0DF9,0x0E19,0x0E1A,0x0E19,0x0DF9,0x0DF9,0x15F9,0x15F9,0x1DF9,0x25F9,0x4E7C,0x6F1E,0x6F1E,0x6EFE,0x6EBE,0x5E5D,0x55FD,0x4DDD,0x55FD,0x4DFE,0x4DFE,0x4DFE,0x4DFE,0x461E,0x461E,0x461E,0x461E,0x461E,0x6414,0x9229,0xDA06,0xEA06,0xEA06,0xF206,0xF1E6,0xF1E6,0xF1E6,0xF1E6,0xF1E6,0xF206,0xF1E6,0xE9E5,0xE9E5,0xF1E5,0xF1E6,0xF1E5,0xF1E5,0xF1E5,0xF1E6,0xF1E5,0xF1E5,0xF1E5,0xF1E5,0xF1E5,0xF1E5,0xF1E5,0xF1E5,0xF1E5,0xF1E5,0xF1E5,0xF1C5,0xF1C5,0xF1C5,0xF1C5,0xF1C5,0xF1C5,0xF1C5,0xF1E5,0xF1E5,0xF1E5,0xF1E5,0xF205,0xF1E5,0xF1E5,0xF1E5,0xF1E5,0xF1E5,0xF1E5,0xF1E5,0xF1E5,0xF1E6,0xF1E6,0xF1E6,0xF1E6,0xF1E6,0xE9E6,0xC289,0x4536,0x15FA,0x0E1B,0x0DFA,0x0DFA,0x0DFA,0x0DFA,0x0DFA,0x0DFA,0x0DFA,0x0DFA,0x0DFA,0x0DFA,0x0DFA,0x15FA,0x15FA,0x15FA,0x15FA,0x15FA,0x15FA,0x15FA,0x0DFA,0x0DFA,0x0DFA,0x0DFA,0x0DFA,0x0DFA,0x0DFA,0x0DFA,0x0DFA,0x0DFA,0x0DFA,0x0DFA,0x0DFA,0x0DFA,0x0DFA,0x0DFA,0x0DFA,0x0DFA,
0x25B7,0x2D95,0x3D93,0x55F3,0x7E73,0xA6F3,0xC711,0xD6CF,0xDE8C,0xE66B,0xEE4A,0xF629,0xF649,0xF649,0xFE49,0xFE29,0xF628,0xF648,0xFE48,0xFE48,0xFE48,0xFE28,0xFE28,0xFE48,0xFE68,0xFE68,0xFE69,0xFE69,0xFE69,0xF669,0xF68A,0xEEAC,0xDECD,0xC6AE,0xAE8F,0x9E71,0x96D4,0x7EB6,0x5E77,0x4636,0x3617,0x2DF8,0x1DD9,0x1DD9,0x15F9,0x0DF9,0x0DF9,0x0DF9,0x0DFA,0x0DFA,0x05FA,0x0DF9,0x0DF9,0x0E1A,0x061A,0x061A,0x0619,0x0619,0x0619,0x0E1A,0x0E1A,0x0E1A,0x0E1A,0x15FA,0x15D9,0x1DB9,0x361B,0x4EBC,0x671E,0x66FE,0x5E9D,0x563D,0x563D,0x4E1D,0x4E1E,0x45FE,0x45FE,0x45DE,0x45FE,0x45FE,0x45FE,0x45FE,0x45FE,0x45FE,0x45FE,0x45FE,0x45FD,0x45FE,0x45FE,0x45FE,0x461E,0x461E,0x461E,0x45FE,0x5C14,0x822A,0xD9E6,0xF1E6,0xF1E6,0xF1E6,0xF1E6,0xF1E6,0xF1E6,0xF1E6,0xF1E6,0xF1E6,0xF1E6,0xF1E6,0xF1E6,0xF1E6,0xF1E6,0xF1E6,0xF1E5,0xF1E5,0xF1E6,0xF1E5,0xF1E5,0xF1E5,0xF1C5,0xF1C5,0xF1E5,0xF1E5,0xF1E5,0xF1E5,0xF1E5,0xF1E6,0xF1E6,0xF1E6,0xF1E6,0xF1E6,0xE9C6,0xE985,0xE144,0xD944,0xD924,0xE124,0xE144,0xE185,0xF1E6,0xF206,0xF206,0xF206,0xF1E5,0xF1C5,0xF1E5,0xF1E5,0xF1E6,0xF1E5,0xF1E6,0xF1E6,0xF1E6,0xE9E6,0xCA89,0x4536,0x1DFA,0x15FB,0x0DFA,0x0DFA,0x0DFA,0x0DFA,0x0DFA,0x0DFA,0x0DFB,0x0DFA,0x0DFA,0x0DFA,0x0DFA,0x15FB,0x0DFA,0x0DFA,0x0DFA,0x0DFA,0x0DFA,0x0DFA,0x0DFA,0x0DFA,0x0DFA,0x0DFA,0x0DDA,0x0DDA,0x0DDA,0x0DDA,0x0DDA,0x0DFA,0x0DFA,0x0DFA,0x0DFA,0x0DFA,0x0DFA,0x0DFA,0x0DFA,0x0DFA,
0xEE8B,0xEE6A,0xF649,0xF649,0xFE49,0xFE49,0xFE48,0xFE48,0xFE48,0xFE48,0xFE48,0xFE48,0xFE49,0xFE28,0xFE28,0xFE28,0xFE28,0xFE28,0xFE28,0xFE48,0xFE49,0xFE48,0xFE48,0xF648,0xE689,0xBE8E,0x9692,0x7E73,0x6634,0x5636,0x4637,0x3638,0x2618,0x1DF8,0x15F8,0x0DF8,0x0E19,0x0E1A,0x0E1A,0x0E19,0x0619,0x05F9,0x0E1A,0x0E19,0x05F9,0x05F9,0x05F9,0x0E19,0x0DF9,0x0DF9,0x0DF9,0x0DFA,0x05F9,0x0619,0x0DF9,0x1E1A,0x263B,0x367C,0x3E5C,0x3E5C,0x465D,0x567D,0x565D,0x563D,0x4DFD,0x4DFD,0x4DFD,0x4DFD,0x45FE,0x45FE,0x45FE,0x45FE,0x3DFE,0x3DFE,0x3DFE,0x3DDD,0x3DDD,0x3DDD,0x3DFE,0x3DFE,0x3DFE,0x3DFE,0x461E,0x461E,0x45FD,0x45FE,0x45FE,0x45FD,0x45FD,0x461D,0x461D,0x45FE,0x3DDE,0x3DFD,0x5434,0x824B,0xDA07,0xF1E6,0xF1E6,0xF1E6,0xF1E6,0xF1E6,0xF1E5,0xF1E5,0xF1E5,0xF1E5,0xF1E5,0xF1E5,0xF1E5,0xF1E5,0xF1E6,0xF1E5,0xF1E5,0xF1E5,0xF1E6,0xF1E5,0xF1E5,0xF1E5,0xF1C5,0xF1C5,0xE9E5,0xF1E5,0xF1E5,0xF1E5,0xF1E6,0xF1C6,0xE985,0xD924,0xD904,0xD0E4,0xD0E4,0xD0E4,0xD8E4,0xD8E4,0xD8E4,0xD8E4,0xD8E4,0xD8E4,0xD904,0xD904,0xD904,0xD903,0xE144,0xE9A5,0xF1C5,0xF1E5,0xF1E5,0xF205,0xF1E6,0xF1E7,0xF1E6,0xE9E6,0xCAA9,0x4536,0x1DFA,0x0E1B,0x0DFA,0x0DFA,0x0DFA,0x0DFA,0x0DFA,0x0DFA,0x0DFA,0x0DFA,0x0DFA,0x0DFA,0x0DFA,0x0DFA,0x0DFA,0x0DFA,0x0DFA,0x0DFA,0x0DFA,0x0DFA,0x0DFA,0x0DFA,0x0DFA,0x0DFA,0x0DDA,0x0DDA,0x0DDA,0x0DDA,0x0DFA,0x0DFA,0x0DFA,0x0DFA,0x0DFA,0x0DFA,0x0DFA,0x0DFA,0x0DFA,0x0DFA,
0xFE69,0xFE68,0xFE48,0xFE48,0xFE48,0xFE49,0xFE48,0xFE48,0xFE48,0xFE48,0xFE49,0xFE49,0xFE49,0xFE49,0xFE48,0xFE48,0xFE28,0xFE28,0xFE48,0xFE49,0xFE49,0xFE29,0xFE49,0xEE4A,0xA64E,0x4E34,0x0E1A,0x061A,0x063A,0x0639,0x0639,0x0639,0x0E1A,0x0E1A,0x0E1A,0x0DFA,0x0E1A,0x0E1A,0x0E1A,0x0E1A,0x0E1A,0x05F9,0x0DF9,0x0DF9,0x0DF9,0x0E1A,0x0E1A,0x0DF9,0x0DFA,0x0DF9,0x0DF9,0x0DDA,0x0DD9,0x15D9,0x3DDC,0x45DD,0x45DD,0x4DFE,0x45DE,0x45DE,0x45FE,0x45FE,0x45FE,0x45DE,0x45FE,0x45FE,0x45DE,0x45FE,0x45FE,0x45FE,0x3DFE,0x3DFE,0x3DFE,0x3DFE,0x3DFE,0x3DFE,0x3DFE,0x3DFE,0x3DFE,0x3DFE,0x45FE,0x45FE,0x45FD,0x45FD,0x45FD,0x45FD,0x45FE,0x3DFE,0x359D,0x253C,0x14BA,0x0C7A,0x0C5A,0x0C59,0x3373,0x728C,0xD207,0xF1E5,0xF1E6,0xF1E5,0xF1E5,0xF1E5,0xF1E5,0xF1E5,0xF1E5,0xF1E5,0xF1E5,0xF1E5,0xF1E5,0xF1E5,0xF1E5,0xF1E5,0xF1E5,0xF1E5,0xF1E6,0xF1E5,0xF1E5,0xF1E5,0xF1E5,0xE9E5,0xF1E5,0xF1E5,0xF1C5,0xE164,0xD924,0xD104,0xD8E4,0xD8E4,0xD8E4,0xD8E4,0xD8E4,0xD8E4,0xD8E4,0xD8E4,0xD8E4,0xD8E4,0xD8E4,0xD8E4,0xD904,0xD904,0xD8E5,0xD8E4,0xD8E4,0xD8E4,0xD903,0xE144,0xF1C5,0xF1E5,0xF206,0xF206,0xF206,0xF1E6,0xD289,0x5515,0x1DD9,0x0E1A,0x0DFA,0x0DFA,0x0DFA,0x0DFA,0x0DFA,0x0DFA,0x0DFA,0x0DFA,0x0DFA,0x0DFA,0x0DFA,0x0DFA,0x0DFA,0x0DFA,0x0DFA,0x0DFA,0x0DFA,0x0DFA,0x0DFA,0x0DFA,0x0DFA,0x0DFA,0x0DDA,0x0DDA,0x0DDA,0x0DDA,0x0DFA,0x0DFA,0x0DFA,0x0DFA,0x0DFA,0x0DFA,0x0DFA,0x0DFA,0x0DFA,0x0DFA,
0xFE49,0xFE49,0xFE49,0xFE49,0xFE49,0xFE49,0xFE49,0xFE49,0xFE49,0xFE49,0xFE49,0xFE49,0xFE49,0xFE49,0xFE49,0xFE48,0xFE28,0xFE28,0xFE49,0xFE49,0xFE49,0xFE49,0xFE29,0xEE29,0xBE0C,0x5E33,0x063A,0x0659,0x063A,0x0DFB,0x15FA,0x0DFA,0x0619,0x05F9,0x05F9,0x0DF9,0x05F9,0x05F9,0x05FA,0x061A,0x05FA,0x05FA,0x0DFA,0x0DF9,0x0DF9,0x0DF9,0x0DF9,0x0DF9,0x0DF9,0x0DF9,0x0DF9,0x05F9,0x0DD9,0x1DB9,0x45DD,0x45DE,0x45DE,0x45DE,0x3DFE,0x45FE,0x3DFE,0x3DFD,0x3DFD,0x3DFD,0x3DFD,0x3DFD,0x3DFD,0x3DFE,0x3DFE,0x45FE,0x3DFE,0x3DFE,0x3DFE,0x3DFE,0x3DFE,0x3DFE,0x3DFE,0x3DFE,0x3DFE,0x3DFD,0x3DFD,0x45FD,0x3DFE,0x35BE,0x1CFB,0x0C9B,0x045B,0x045B,0x045B,0x045B,0x045A,0x043A,0x043A,0x043A,0x2B74,0x6A8D,0xD207,0xE9E5,0xF1E5,0xF1E5,0xF1E5,0xF1E5,0xF1E5,0xE9E5,0xE9E5,0xF1E5,0xF1E5,0xF1E5,0xF1E5,0xF1E5,0xF1E6,0xF1E5,0xF1E5,0xF1E5,0xF1E5,0xF1E5,0xF1E5,0xF1E5,0xF1E5,0xF1E6,0xF1E6,0xE185,0xD104,0xD0E4,0xD0E4,0xD8E4,0xD8E4,0xD8E4,0xD8E4,0xD8E4,0xD8E4,0xD8E4,0xD8E4,0xD8E4,0xD904,0xD8E4,0xD8E4,0xD904,0xD904,0xD8E4,0xD8E4,0xD8E4,0xD0E4,0xD8E4,0xD8E4,0xD904,0xD904,0xD923,0xE985,0xF1E6,0xF206,0xF1E6,0xD269,0x54F4,0x25D9,0x15FA,0x15FA,0x0DFA,0x0DFA,0x0DFA,0x0DFA,0x0DFA,0x0DFA,0x0DFA,0x0DFA,0x0DFA,0x0DFA,0x0DFA,0x0DFA,0x0DFA,0x0DFA,0x0DFA,0x0DFA,0x0DFA,0x0DFA,0x0DFA,0x0DFA,0x0DFA,0x0DFA,0x0DFA,0x0DFA,0x0DFA,0x0DFA,0x0DFA,0x0DFA,0x0DFA,0x0DFA,0x0DFA,0x0DFA,0x0DFA,0x0DFA,0x0DFA,
0xFE49,0xFE49,0xFE49,0xFE49,0xFE49,0xFE49,0xFE49,0xFE49,0xFE49,0xFE49,0xFE49,0xFE49,0xFE49,0xFE49,0xFE49,0xFE49,0xFE48,0xFE48,0xFE49,0xFE48,0xFE28,0xF5C6,0xF565,0xED45,0xDDA8,0x75F1,0x0E19,0x0E1A,0x0E1A,0x0E39,0x0639,0x0619,0x05F9,0x0E1A,0x0E1A,0x0E1A,0x05F9,0x05F9,0x0DF9,0x05F9,0x05F9,0x0DFA,0x0DF9,0x0DF9,0x0DF9,0x0DF9,0x0E1A,0x0E1A,0x0DF9,0x0DF9,0x0DD9,0x0577,0x0515,0x0D16,0x35BC,0x3DDD,0x3DDE,0x45FE,0x3DFE,0x3DFE,0x3DDD,0x3DDD,0x3DDD,0x3DFE,0x3DDD,0x3DDD,0x3DDE,0x3DFE,0x3DFE,0x3DFE,0x3DFE,0x3DFE,0x3DDE,0x3DFE,0x3DFE,0x3DFE,0x3DFE,0x3DFE,0x45FD,0x45FD,0x3DDD,0x2D5C,0x14BB,0x045B,0x045B,0x045B,0x043B,0x043A,0x043A,0x043A,0x043A,0x041A,0x0419,0x041A,0x1B74,0x5A8D,0xD207,0xF1E5,0xF1E5,0xF1E5,0xF1E5,0xF1E5,0xF1E5,0xE9E5,0xE9E5,0xF1E6,0xF1E5,0xF1E5,0xF1E5,0xF1E5,0xF1E5,0xF1E5,0xF1E5,0xF1E5,0xF1E5,0xF1E5,0xF1E5,0xF1E6,0xF1C5,0xE9A5,0xD924,0xD0E4,0xD0E4,0xD904,0xD8E4,0xD8E4,0xD8E4,0xD8E4,0xD8E4,0xD8E4,0xD8E4,0xD8E4,0xD8E4,0xD8E4,0xD8E4,0xD8E4,0xD8E4,0xD8E4,0xD8E4,0xD8E4,0xD8E4,0xD904,0xD904,0xD8E4,0xD8E4,0xD8E4,0xD8E4,0xD904,0xD904,0xD944,0xE9A5,0xE9C5,0xD288,0x5CF4,0x25B9,0x15FB,0x0DFA,0x0DFA,0x0DFA,0x0DFA,0x0DFA,0x0DFA,0x0DFA,0x0DFA,0x0DFA,0x0DFA,0x0DFA,0x0DFA,0x0DFA,0x0DFA,0x0DFA,0x0DFA,0x0DFA,0x0DFA,0x0DFA,0x0DFA,0x0DFA,0x0DFA,0x0DFA,0x0DFA,0x0DFA,0x0DFA,0x0DFA,0x0DFA,0x0DFA,0x0DFA,0x0DFA,0x0DFA,0x0DFA,0x0DFA,0x0DFA,0x0DFA,
0xFE69,0xFE49,0xFE49,0xFE49,0xFE49,0xFE49,0xFE49,0xFE49,0xFE49,0xFE49,0xFE49,0xFE49,0xFE49,0xFE48,0xFE49,0xFE49,0xFE49,0xFE49,0xFE29,0xF5C6,0xF544,0xFD24,0xFD24,0xF545,0xED86,0x7DD0,0x161A,0x063A,0x061A,0x0E1A,0x0DF9,0x0DF9,0x0DF9,0x0E1A,0x0E1A,0x0E1A,0x0E1A,0x0E1A,0x0E1A,0x0DFA,0x0DFA,0x0DFA,0x0DF9,0x0DF9,0x0DF9,0x0DFA,0x0DF9,0x0DF9,0x0DF9,0x0597,0x0515,0x04F5,0x04F4,0x0CF5,0x1CF8,0x357B,0x45FE,0x3DDE,0x3DDE,0x3DDE,0x3DDD,0x3DDD,0x3DDD,0x3DFD,0x3DFD,0x45FD,0x3DFE,0x3DFE,0x3DFE,0x3DFE,0x3DFE,0x3DFE,0x3DFE,0x3DFE,0x3DFE,0x45FE,0x3DFE,0x45FE,0x45FE,0x2D5C,0x0C9B,0x045B,0x043B,0x043B,0x043A,0x043A,0x043A,0x043A,0x043A,0x043A,0x0419,0x0419,0x0419,0x03F9,0x1B54,0x5A8E,0xD207,0xF1E5,0xF1E5,0xF1E6,0xF1E6,0xF1E6,0xF1E5,0xF1E5,0xE9E5,0xE9E5,0xE9E5,0xE9E5,0xF1E5,0xF1E5,0xF1E5,0xF1E6,0xF1E6,0xF1E6,0xE9E5,0xF1E5,0xF1C5,0xF1C6,0xE165,0xD904,0xD904,0xD0E4,0xD8E4,0xD8E4,0xD8E4,0xD904,0xD0E4,0xD0E4,0xD8E4,0xD8E4,0xD8E4,0xD8E4,0xD8E4,0xD8E4,0xD0E4,0xD8E4,0xD8E4,0xD8E4,0xD8E4,0xD8E4,0xD8E4,0xD8E4,0xD8E4,0xD904,0xD8E4,0xD8E4,0xD8E4,0xD8E4,0xD904,0xD904,0xD904,0xE144,0xCA28,0x64D4,0x2DB9,0x0DFB,0x0DFA,0x0DFA,0x0DFA,0x0DFA,0x0DFA,0x0DFA,0x0DFA,0x0DFA,0x0DFA,0x0DFA,0x0DFA,0x0DFA,0x0DFA,0x0DFA,0x0DFA,0x0DFA,0x0DFA,0x0DFA,0x0DFA,0x0DFA,0x0DFA,0x0DFA,0x0DFA,0x0DFA,0x0DFA,0x0DFA,0x0DFA,0x0DFA,0x0DFA,0x0DFA,0x0DFA,0x0DFA,0x0DFA,0x0DFA,0x0DFA,0x0DFA,
0xFE49,0xFE49,0xFE49,0xFE49,0xFE49,0xFE49,0xFE49,0xFE49,0xFE49,0xFE49,0xFE49,0xFE49,0xFE49,0xFE49,0xFE49,0xFE49,0xFE49,0xFE28,0xF585,0xF524,0xFD04,0xF524,0xF524,0xF524,0xF544,0x8D8E,0x25F8,0x0E39,0x0E1A,0x0DFA,0x0DFA,0x0E1A,0x0E1A,0x0E1A,0x0E1A,0x0E1A,0x0E1A,0x0DF9,0x0DF9,0x0DF9,0x0DF9,0x0DF9,0x05D9,0x0DF9,0x0DFA,0x0DF9,0x0DF9,0x0DD9,0x0556,0x0515,0x04F5,0x04F5,0x04F4,0x04D4,0x0C55,0x24F9,0x45DE,0x45DD,0x3DDD,0x3DDE,0x3DDE,0x3DDE,0x3DDE,0x3DFE,0x3DFE,0x45FE,0x3DFE,0x3DFE,0x3DFE,0x3DFE,0x3DFE,0x3DFE,0x3DFE,0x3DFE,0x3DFE,0x45FE,0x3DFE,0x35BD,0x14DB,0x045B,0x043B,0x043B,0x043B,0x043A,0x043A,0x043A,0x041A,0x0419,0x0419,0x0419,0x0419,0x0419,0x03F9,0x0419,0x1B54,0x5A8E,0xD207,0xF1E5,0xF1E6,0xF206,0xF1E6,0xF1E6,0xF1E6,0xF1E5,0xF1E5,0xE9E5,0xE9E6,0xF1E6,0xF1E6,0xF1E6,0xF1E6,0xF1E6,0xF1E6,0xF1E5,0xF1E5,0xF1C5,0xE9A5,0xD924,0xD8E4,0xD8E4,0xD8E4,0xD8E4,0xD8E4,0xD8E4,0xD0E4,0xD0E4,0xD8E4,0xD904,0xD905,0xD8E4,0xD8E4,0xD8E4,0xD8E4,0xD8E4,0xD8E4,0xD8E4,0xD8E4,0xD8E4,0xD904,0xD8E4,0xD8E4,0xD904,0xD904,0xD904,0xD904,0xD8E4,0xD8E4,0xD904,0xD8E4,0xD904,0xD104,0xD0E4,0xC187,0x6493,0x2D98,0x0DFB,0x0DFA,0x0DFA,0x0DFA,0x0DFA,0x0DFA,0x0DFA,0x0DFA,0x0DFA,0x0DFA,0x0DFA,0x0DFA,0x0DFA,0x0DFA,0x0DFA,0x0DFA,0x0DFA,0x0DFA,0x0DFA,0x0DFA,0x0DFA,0x0DFA,0x0DFA,0x0DFA,0x0DFA,0x0DFA,0x0DFA,0x0DFA,0x0DFA,0x0DFA,0x0DFA,0x0DFA,0x0DFA,0x0DFA,0x0DFA,0x0DFA,0x0DFA,
0xFE49,0xFE49,0xFE49,0xFE49,0xFE49,0xFE49,0xFE49,0xFE49,0xFE49,0xFE49,0xFE49,0xFE49,0xFE49,0xFE49,0xFE28,0xFE49,0xF5E7,0xF565,0xFD24,0xFD24,0xF524,0xF524,0xF524,0xF524,0xF544,0x8D4B,0x1D94,0x0DF9,0x0E1A,0x0DFA,0x0E1A,0x0DFA,0x0DF9,0x05F9,0x05F9,0x0E1A,0x0DFA,0x0DF9,0x0DF9,0x0DF9,0x0DF9,0x0DFA,0x0DFA,0x0DF9,0x0DF9,0x0DF9,0x0598,0x0536,0x0515,0x04F5,0x04F5,0x04F5,0x04F4,0x04D4,0x0475,0x2519,0x45DE,0x3DFD,0x3DDD,0x3DDE,0x3DFE,0x3DDE,0x3DDE,0x3DDE,0x3DDE,0x3DDE,0x3DDD,0x3DDD,0x3DFE,0x3DFE,0x3DFE,0x3DFE,0x3DFE,0x3DFE,0x45FE,0x45FE,0x2D5C,0x0C9B,0x047B,0x045B,0x043A,0x043A,0x043A,0x043A,0x041A,0x041A,0x0419,0x0419,0x0419,0x03F9,0x03F8,0x03F8,0x03D8,0x03D8,0x1B54,0x52AE,0xD208,0xF1E6,0xF1E6,0xF1E6,0xF1E6,0xF1E6,0xF1E6,0xF1E5,0xF1E5,0xF1E5,0xF1E6,0xF1E6,0xE9E6,0xE9E6,0xF1E6,0xF1E6,0xF1E5,0xF1E5,0xF1E5,0xE185,0xD924,0xD8E4,0xD8E4,0xD8E4,0xD8E4,0xD8E4,0xD8E4,0xD8E4,0xD8E4,0xD0C4,0xC904,0xDA69,0xEB6D,0xD946,0xD8C4,0xD8E4,0xD8E4,0xD8E4,0xD904,0xD0E4,0xD0E4,0xD0E4,0xD8E4,0xD8E4,0xD8E4,0xD904,0xD904,0xD904,0xD904,0xD904,0xD904,0xD904,0xD904,0xD904,0xD904,0xD904,0xC1A7,0x6C73,0x3598,0x0DFA,0x0DFA,0x0DFA,0x0DFA,0x0DFA,0x0DFA,0x0DFA,0x0DFA,0x0DFA,0x0DFA,0x0DFA,0x0DFA,0x0DFA,0x0DFA,0x0DFA,0x0DFA,0x0DFA,0x0DFA,0x0DFA,0x0DFA,0x0DFA,0x0DFA,0x0DFA,0x0DFA,0x0DFA,0x0DFA,0x0DFA,0x0DFA,0x0DFA,0x0DFA,0x0DFA,0x0DFA,0x0DFA,0x0DFA,0x0DFA,0x0DFA,0x0DFA,
0xFE69,0xFE49,0xFE49,0xFE49,0xFE49,0xFE49,0xFE49,0xFE49,0xFE49,0xFE49,0xFE49,0xFE49,0xFE49,0xFE49,0xFE49,0xFE28,0xFDA5,0xFD23,0xFD23,0xF524,0xF524,0xF524,0xF524,0xF524,0xF524,0x8D2A,0x2531,0x0DF8,0x061A,0x0E1A,0x0DFA,0x0DFA,0x0DFA,0x0DFA,0x0DFA,0x0DF9,0x05D9,0x05D9,0x0DD9,0x0DF9,0x0DFA,0x0DFA,0x0DFA,0x0E1A,0x0E1A,0x0DD8,0x0D56,0x04F5,0x04F5,0x04F5,0x04F5,0x04F4,0x04F5,0x04D5,0x0CD6,0x2D5A,0x45DE,0x45DE,0x45DE,0x3DDE,0x3DDE,0x3DDE,0x3DDE,0x3DFE,0x3DFE,0x3DDE,0x3DFE,0x3DFE,0x3DFE,0x3DFE,0x3DFE,0x45FE,0x3DFD,0x45FD,0x3DFD,0x3DDE,0x1D1C,0x043A,0x045B,0x043B,0x043A,0x043B,0x043B,0x041A,0x03D8,0x03D8,0x03D8,0x03F8,0x03F8,0x03F8,0x03F8,0x03D8,0x03B8,0x03B7,0x1354,0x4AAF,0xD208,0xF1E6,0xF206,0xF1E6,0xF1E6,0xF1E6,0xF206,0xF1E6,0xF1E6,0xF1E6,0xF1E6,0xF1E6,0xE9E6,0xE9E6,0xE9E6,0xF1E5,0xE9E5,0xE9E5,0xF1E6,0xE165,0xD904,0xD8E4,0xD8E4,0xD8E4,0xD8E4,0xD0E4,0xD0E4,0xD8C4,0xE1C7,0xEAEB,0xEB8E,0xD28A,0xB925,0xD0E4,0xD8E4,0xD904,0xD904,0xD8E4,0xD0E4,0xD0E4,0xD0E4,0xD0E4,0xD8E4,0xD8E4,0xD8E4,0xD8E4,0xD0E4,0xD8E4,0xD904,0xD904,0xD904,0xD904,0xD904,0xD904,0xD105,0xD8E4,0xC987,0x7452,0x3578,0x0DFA,0x0DFA,0x0DFA,0x0DFA,0x0DFA,0x0DFA,0x0DFA,0x0DFA,0x0DFA,0x0DFA,0x0DFA,0x0DFA,0x0DFA,0x0DFA,0x0DFA,0x0DFA,0x0DFA,0x0DFA,0x0DFA,0x0DFA,0x0DFA,0x0DFA,0x15FA,0x15FA,0x0DFA,0x0DFA,0x0DFA,0x0DFA,0x0DFA,0x0DFA,0x0DFA,0x0DFA,0x0DFA,0x0DFA,0x0DFA,0x0DFA,0x0DFA,
0xFE49,0xFE49,0xFE49,0xFE49,0xFE49,0xFE49,0xFE49,0xFE49,0xFE49,0xFE49,0xFE49,0xFE49,0xFE49,0xFE49,0xFE08,0xF564,0xF523,0xFD24,0xFD23,0xFD24,0xF524,0xF504,0xF524,0xF545,0xF567,0x954D,0x3573,0x0DF9,0x061A,0x0E1A,0x0DFA,0x0DF9,0x0DD9,0x0DF9,0x0DF9,0x0DF9,0x0DF9,0x0DF9,0x0DF9,0x0DFA,0x0DF9,0x0DF9,0x05FA,0x0DF9,0x0DB8,0x0535,0x04F4,0x04F4,0x04F5,0x04F4,0x04F5,0x04F5,0x0CD4,0x14D4,0x2D16,0x3D7A,0x45DD,0x3DFE,0x3DDE,0x3DDE,0x3DDE,0x3DDE,0x3DFE,0x3DDE,0x3DDE,0x3DFE,0x3DDE,0x3DFE,0x3DFE,0x3DFE,0x3DFE,0x3DFE,0x45FD,0x461E,0x3DBD,0x0C9B,0x043B,0x043B,0x043B,0x043A,0x045A,0x043A,0x043A,0x1C9A,0x4DDC,0x459C,0x2CDB,0x0C19,0x03F8,0x03F8,0x03D8,0x03B7,0x03B7,0x0397,0x1354,0x42D0,0xD228,0xF1E6,0xF1E6,0xF1E6,0xF1E6,0xF1E5,0xF1E5,0xF1E5,0xF1E6,0xF1E6,0xF1E6,0xF1E6,0xE9E6,0xE9E6,0xE9E6,0xF1E5,0xF1E5,0xE9C5,0xD904,0xD0E4,0xD8E4,0xD8E4,0xD8E4,0xD8E4,0xD8E4,0xD8E4,0xD104,0xD904,0xD986,0xE269,0xE32C,0xCA69,0xB145,0xD0E4,0xD8E4,0xD904,0xD8E4,0xD8E4,0xD8E4,0xD8E4,0xD8E4,0xD8E4,0xD8E4,0xD8E4,0xD904,0xD8E4,0xD8E4,0xD0E4,0xD904,0xD904,0xD904,0xD904,0xD904,0xD905,0xD8E5,0xD8E4,0xC187,0x7C52,0x3D98,0x0E1B,0x0DFA,0x0DFA,0x0DFA,0x0DFA,0x0DFA,0x0DFA,0x0DFA,0x0DFA,0x0DFA,0x0DFA,0x0DFA,0x0DFA,0x0DFA,0x0DFA,0x0DFA,0x0DFA,0x0DFA,0x0DFA,0x0DFA,0x0DFA,0x0DFA,0x0DFA,0x0DFA,0x0DFA,0x0DFA,0x0DFA,0x0DFA,0x0DFA,0x0DFA,0x0DFA,0x0DFA,0x0DFA,0x0DFA,0x0DFA,0x0DFA,0x0DFA,
0xFE49,0xFE49,0xFE49,0xFE49,0xFE49,0xFE49,0xFE49,0xFE49,0xFE49,0xFE49,0xFE49,0xFE49,0xFE49,0xFE28,0xFDC7,0xFD24,0xFD24,0xFD24,0xFD03,0xF504,0xF504,0xF504,0xED05,0xED47,0xF5CB,0xB5AE,0x6592,0x1E18,0x061A,0x0DFA,0x0DFA,0x0DF9,0x0DF9,0x0DF9,0x0DF9,0x0DF9,0x0DF9,0x0DF9,0x0DF9,0x0DFA,0x0DFA,0x05FA,0x05F9,0x05B8,0x0577,0x0515,0x04F4,0x04F5,0x04F5,0x04F4,0x04D4,0x04D4,0x2535,0x4576,0x3CF4,0x4579,0x4DFD,0x3DDE,0x3DDE,0x3DDE,0x3DDE,0x3DDE,0x3DDE,0x3DFE,0x3DDD,0x3DDD,0x3DDE,0x3DDE,0x3DDE,0x3DDE,0x3DFE,0x45FD,0x45FD,0x35BD,0x251D,0x0C7C,0x043B,0x043B,0x043A,0x043A,0x043A,0x043A,0x24FB,0x4D9C,0x3CB9,0x3CBA,0x34BB,0x0BF8,0x03D8,0x03D8,0x03B8,0x03B7,0x0397,0x0397,0x0B34,0x3AD0,0xCA28,0xF1E6,0xF1E6,0xF1E6,0xF1E6,0xF1E6,0xF1E5,0xE9E5,0xE9E5,0xF1E6,0xF1E6,0xF1E6,0xF1E5,0xF1E5,0xF1E5,0xF206,0xF206,0xF1C6,0xD905,0xD0E4,0xD0E4,0xD8E4,0xD8E4,0xD8E4,0xD8E4,0xD8E4,0xD0E4,0xD8E4,0xD8E4,0xD8E4,0xD104,0xD1C7,0xE249,0xD905,0xD8E4,0xD104,0xD904,0xD8E4,0xD8E4,0xD8E4,0xD8E4,0xD8E4,0xD8E4,0xD8E4,0xD8E4,0xD8E4,0xD904,0xD904,0xD904,0xD904,0xD904,0xD904,0xD904,0xD904,0xD904,0xD904,0xC1A7,0x8452,0x3D78,0x0DFB,0x0DFB,0x0DFA,0x0DFA,0x0DFA,0x0DFA,0x0DFA,0x0DFA,0x0DFA,0x0DFA,0x0DFA,0x0DFA,0x0DFA,0x0DFA,0x0DFA,0x0DFA,0x0DFA,0x0DFA,0x0DFA,0x0DFA,0x0DFA,0x0DFA,0x0DFA,0x0DFA,0x0DFA,0x0DFA,0x0DFA,0x0DFA,0x0DFA,0x0DFA,0x0DFA,0x0DFA,0x0DFA,0x0DFA,0x0DFB,0x0DFA,0x0DFA,
0xFE49,0xFE49,0xFE49,0xFE49,0xFE49,0xFE49,0xFE49,0xFE49,0xFE49,0xFE49,0xFE49,0xFE49,0xFE49,0xF5C6,0xF524,0xFD24,0xFD24,0xFD24,0xFD24,0xFD04,0xF504,0xF504,0xF504,0xF525,0xF588,0xD5CC,0x9DF1,0x2639,0x063A,0x0E1A,0x0DFA,0x0E1A,0x0E1A,0x0E1A,0x0DFA,0x0DF9,0x0DFA,0x0DFA,0x0DFA,0x0DFA,0x0DFA,0x05FA,0x0DF9,0x0597,0x0515,0x0515,0x04F5,0x04F5,0x04D5,0x04F5,0x04F5,0x04D4,0x2D97,0x4E19,0x34F4,0x3D58,0x4E1E,0x45DE,0x3DDE,0x3DFE,0x3DFE,0x3DFE,0x3DFE,0x3DDE,0x3DDE,0x3DDE,0x45FE,0x3DFE,0x3DFE,0x45FE,0x45FE,0x45FD,0x45FE,0x251C,0x043A,0x043B,0x043B,0x043B,0x043A,0x043A,0x043A,0x041A,0x147B,0x24BB,0x2459,0x3CDA,0x453C,0x0C19,0x03B8,0x03B7,0x03B7,0x0397,0x0376,0x0376,0x0B34,0x3AD0,0xCA28,0xEA05,0xF1E5,0xF1E6,0xF1E5,0xF1E5,0xF1E6,0xF1E5,0xF1E5,0xF1E5,0xF1E5,0xF1E5,0xF1E5,0xF1E5,0xF1E5,0xF205,0xE184,0xD904,0xD0E4,0xD0E4,0xD8E4,0xD0E4,0xD0E4,0xD8E4,0xD8E4,0xD8E4,0xD8E4,0xD8E4,0xD8E4,0xD8E4,0xD8C3,0xD8C4,0xD8C4,0xD8C4,0xD8E4,0xD8E4,0xD8E4,0xE0C4,0xE0C4,0xD8C4,0xD8E4,0xD8E4,0xE0E4,0xD8E4,0xD0E4,0xD8E4,0xD8E4,0xD904,0xD904,0xD904,0xD904,0xD904,0xD904,0xD924,0xD124,0xD104,0xC187,0x8C51,0x4577,0x0E1A,0x0DFA,0x0DFA,0x0DFA,0x0DFA,0x0DFA,0x0DFA,0x0DFA,0x0DFA,0x0DFA,0x0DFA,0x0DFA,0x0DFA,0x0DFA,0x0DFA,0x0DFA,0x0DFA,0x0DFA,0x0DFA,0x0DFA,0x0DFA,0x0DFA,0x0DFA,0x0DFA,0x0DFA,0x0DFA,0x0DFA,0x0DFA,0x0DFA,0x0DFA,0x0DFA,0x0DFA,0x0DFA,0x0DFA,0x0DFB,0x0DFB,0x0DFB,
0xFE49,0xFE49,0xFE49,0xFE49,0xFE49,0xFE49,0xFE49,0xFE49,0xFE49,0xFE49,0xFE49,0xFE49,0xFE48,0xFDC6,0xFD44,0xFD24,0xFD24,0xFD24,0xFD24,0xFD24,0xFD24,0xF504,0xF525,0xF526,0xF524,0xE525,0xBD4A,0x2DF6,0x0E1A,0x0E1A,0x0E1A,0x0DFA,0x0DF9,0x0DF9,0x0DF9,0x0DFA,0x0DFA,0x0DF9,0x0DF9,0x05F9,0x05F9,0x0DFA,0x0DF9,0x0577,0x0515,0x0515,0x04F5,0x04F5,0x04F5,0x04F4,0x04F4,0x04F5,0x04D4,0x04D4,0x0CF3,0x1D17,0x355B,0x3DDD,0x3DDE,0x3DDE,0x3DDE,0x3DDE,0x3DDE,0x45FE,0x3DFE,0x3DFE,0x3DFE,0x3DDD,0x3DDD,0x3DFE,0x45FD,0x45FD,0x463F,0x251D,0x041B,0x041B,0x043B,0x043B,0x041A,0x041A,0x041A,0x041A,0x03FA,0x03DA,0x03D9,0x0BFA,0x0C1A,0x03B9,0x03B8,0x03B8,0x03B7,0x0377,0x0376,0x0375,0x0B13,0x32B0,0xC248,0xEA06,0xF1E5,0xF1E5,0xF1E5,0xF1E5,0xF1E6,0xF1E6,0xF1E6,0xF1C5,0xF1C5,0xF1E6,0xF1E5,0xF1E6,0xF1E6,0xF1E6,0xE165,0xD8E4,0xD0E4,0xD0C4,0xD8E4,0xD0C4,0xD0E4,0xD0E4,0xD0E4,0xD0E4,0xD8E4,0xD8E4,0xD0E4,0xD145,0xDA49,0xEB4C,0xF40F,0xF470,0xF470,0xEC0F,0xD269,0xDA6A,0xE2CC,0xDAAA,0xC1A7,0xB0C4,0xB925,0xDAEC,0xF491,0xEBEE,0xDA49,0xD8E4,0xD8E4,0xD8E4,0xD8E4,0xD8E4,0xD904,0xD904,0xD904,0xD904,0xC987,0x9431,0x4577,0x0E1B,0x0E1A,0x0DFA,0x0DFA,0x0DFA,0x0DFA,0x0DFA,0x0DFA,0x0DFA,0x0DFA,0x0DFA,0x0DFA,0x0DFA,0x0DFA,0x0DFA,0x0DFA,0x0DFA,0x0DFA,0x0DFB,0x0DFA,0x0DFA,0x0DFA,0x0DFA,0x0DFA,0x0DFA,0x0DFA,0x0DFA,0x0DFA,0x0DFA,0x0DFA,0x0DFA,0x0DFA,0x0DFA,0x0DFB,0x0DFB,0x0DFB,0x0E1B,
0xFE49,0xFE49,0xFE29,0xFE49,0xFE49,0xFE49,0xFE49,0xFE49,0xFE49,0xFE49,0xFE49,0xFE48,0xFE07,0xFD85,0xFD23,0xFD44,0xFD24,0xFD24,0xF524,0xF524,0xF524,0xF524,0xF524,0xF524,0xED25,0xE546,0xC58A,0x35F6,0x0DF9,0x0E1A,0x0E1A,0x0DFA,0x0DFA,0x0DFA,0x0DF9,0x05F9,0x0DFA,0x05F9,0x05F9,0x0DF9,0x05F9,0x05D9,0x0557,0x0515,0x04F5,0x04F5,0x04F5,0x04F5,0x04F5,0x04D4,0x04D4,0x04D4,0x04D4,0x04D4,0x0CF4,0x14D6,0x24F9,0x35BC,0x3DFD,0x3DDE,0x3DDE,0x3DDE,0x3DDD,0x3DFE,0x3DDE,0x3DDE,0x3DFD,0x3DDD,0x3DDD,0x3DFE,0x3DFD,0x3DBD,0x149B,0x043A,0x041B,0x041A,0x041A,0x041A,0x041A,0x041A,0x041A,0x041A,0x03F9,0x03F9,0x03D9,0x03F9,0x0BF9,0x1C59,0x2459,0x2C59,0x2C59,0x2C39,0x2C18,0x1B96,0x2354,0x4B11,0xCA68,0xEA05,0xF1E5,0xF1E5,0xF1E5,0xF1E5,0xE9C5,0xE9C5,0xF1C5,0xF1E5,0xF1E5,0xF1E5,0xF1E6,0xF1E5,0xF1E6,0xF1E6,0xE165,0xD8E4,0xD8E4,0xD8E4,0xD8E4,0xD0E4,0xD0E4,0xD0E4,0xD0E4,0xD0E4,0xD0E4,0xD0E4,0xD104,0xD125,0xD1E8,0xDA49,0xE28A,0xD269,0xDA6A,0xDA69,0xC1A7,0xC9E8,0xD249,0xDA49,0xDA28,0xDA28,0xDA69,0xD1E8,0xD166,0xD9A7,0xD966,0xD904,0xD904,0xD904,0xD904,0xD8E4,0xD8E4,0xD904,0xD104,0xD0E4,0xC987,0x9411,0x4577,0x0E1B,0x0E1A,0x0DFA,0x0DFA,0x0DFA,0x0DFA,0x0DFA,0x0DFA,0x0DFA,0x0DFA,0x0DFA,0x0DFA,0x0DFA,0x0DFA,0x0DFA,0x0DFA,0x0DFA,0x0DFA,0x0DFB,0x0DFA,0x0DFA,0x0DFA,0x0DFA,0x0DFA,0x0DFA,0x0DFA,0x0DFA,0x0DFA,0x0DFA,0x0DFA,0x0DFA,0x0DFA,0x0DFA,0x0DFA,0x0DFB,0x0DFB,0x0DFB,
0xFE69,0xFE49,0xFE49,0xFE49,0xFE49,0xFE49,0xFE49,0xFE49,0xFE48,0xFE49,0xFE49,0xFE48,0xF585,0xF544,0xFD23,0xFD23,0xFD24,0xFD24,0xF524,0xF524,0xF524,0xF524,0xF524,0xED45,0xED88,0xED67,0xC549,0x3D94,0x0DD8,0x061A,0x0E1A,0x05FA,0x05FA,0x05F9,0x05F9,0x05FA,0x0DFA,0x0DF9,0x0DF9,0x05F9,0x05F9,0x05D9,0x0556,0x0515,0x0515,0x0515,0x0515,0x04F5,0x04F5,0x04F5,0x04D4,0x04D4,0x04D3,0x14D3,0x2D35,0x2CF6,0x24D8,0x3DBC,0x3DDD,0x3DFE,0x3DFE,0x3DDE,0x3DDE,0x45FE,0x45FE,0x45FE,0x3DFD,0x3DFD,0x3DFD,0x3DFE,0x3DFE,0x3D9D,0x0C7A,0x041A,0x041A,0x041A,0x041A,0x041A,0x041A,0x041A,0x0419,0x03F9,0x03F9,0x0C19,0x34FC,0x249A,0x1C38,0x453C,0x451C,0x349A,0x23D7,0x1355,0x0B14,0x0314,0x0AF3,0x3290,0xC229,0xEA06,0xF1E5,0xF1E5,0xF1E5,0xF1E5,0xF1E5,0xF1E5,0xF1E5,0xF1E6,0xF1E6,0xF1E6,0xF1E5,0xF1E5,0xF1E6,0xF1E6,0xE165,0xD8E4,0xD8E4,0xD8E4,0xD8E4,0xD8E4,0xD0E4,0xD0E4,0xD8E4,0xD8E4,0xD8E4,0xD8E4,0xD104,0xC946,0xE28A,0xEAEB,0xEB2C,0xEBAE,0xF40F,0xF40F,0xF30C,0xE9E8,0xD8E4,0xD8C4,0xD8C4,0xD8C4,0xD8E4,0xD8C4,0xD8E4,0xD8E4,0xD904,0xD904,0xD904,0xD8E4,0xD8E4,0xD8E4,0xD8E4,0xD904,0xD904,0xD904,0xC987,0x9BF0,0x4D57,0x0DFB,0x0DFB,0x0DFA,0x0E1A,0x0DFA,0x0DFA,0x0DFA,0x0DFA,0x0DFA,0x0DFA,0x0DFA,0x0DFA,0x0DFA,0x0DFA,0x0DFA,0x0DFA,0x0DFA,0x0DFA,0x0DFA,0x0DFA,0x0DFA,0x0DFA,0x0DFA,0x0DFA,0x0DFA,0x0DFA,0x0DFA,0x0DFA,0x0DFA,0x0DFA,0x0DFA,0x0DFA,0x0DFA,0x0DFA,0x0DFB,0x0DFB,0x0DFB,
0xFE69,0xFE49,0xFE49,0xFE49,0xFE49,0xFE49,0xFE49,0xFE49,0xFE49,0xFE49,0xFE49,0xFE28,0xF585,0xF544,0xFD24,0xFD24,0xFD24,0xFD24,0xF524,0xF524,0xF524,0xF525,0xF524,0xF524,0xED26,0xED26,0xC527,0x3D10,0x0D96,0x0619,0x0619,0x05F9,0x05F9,0x05F9,0x05F9,0x061A,0x0DFA,0x0DF9,0x0DF9,0x0E1A,0x0DF9,0x05D8,0x0536,0x0515,0x0515,0x04F5,0x04F5,0x04F5,0x04F5,0x04F5,0x04F4,0x04D4,0x04F4,0x0CF4,0x1D14,0x14B4,0x1496,0x359C,0x3DDE,0x3DDD,0x3DDE,0x3DDD,0x3DDD,0x3DFE,0x3DFE,0x3DFE,0x3DFE,0x3DFD,0x3DFE,0x3DDE,0x3DDE,0x359D,0x0C5B,0x041A,0x043B,0x041A,0x041A,0x041A,0x041A,0x041A,0x03FA,0x03F9,0x03F9,0x03D9,0x0BD9,0x0BB8,0x0BB7,0x2459,0x2CBA,0x34BA,0x2C9A,0x13D8,0x0335,0x0335,0x02F4,0x32B1,0xC228,0xEA06,0xF1E5,0xF1E5,0xF1E5,0xF1E5,0xF1E5,0xF1E5,0xF1E5,0xF1E5,0xF1E5,0xF1E6,0xF1E5,0xF1E5,0xF1C5,0xE144,0xD904,0xD904,0xD8E4,0xD8E4,0xD8E4,0xD8E4,0xD8E4,0xD8E4,0xD8E4,0xD8E4,0xD8E4,0xD0E4,0xC904,0xC945,0xE249,0xCA08,0xB986,0xC166,0xC9A7,0xDA08,0xE228,0xD986,0xD8E4,0xD8E4,0xD8E4,0xD8E4,0xD8E4,0xD8E4,0xD8E4,0xD8E4,0xD904,0xD904,0xD904,0xD904,0xD904,0xD8E4,0xD8E4,0xD8E4,0xD904,0xD8E4,0xC987,0xA3CF,0x5536,0x0DFB,0x0DFB,0x0DFA,0x0E1A,0x0DFA,0x0DFA,0x0DFA,0x0DFA,0x0DFA,0x0DFA,0x0DFA,0x0DFA,0x0DFA,0x0DFA,0x0DFA,0x0DFA,0x0DFA,0x0DFA,0x0DFA,0x0DFA,0x0DFA,0x0DFA,0x0DFA,0x0DFA,0x0DFA,0x0DFA,0x0DFA,0x0DFA,0x0DFA,0x0DFA,0x0DFA,0x0DFA,0x0DFA,0x0DFA,0x0DFA,0x0DFA,0x0DFA,
0xFE49,0xFE49,0xFE49,0xFE49,0xFE49,0xFE49,0xFE49,0xFE49,0xFE49,0xFE49,0xFE49,0xFE28,0xFD85,0xF544,0xFD44,0xFD24,0xFD24,0xFD24,0xF524,0xF524,0xF524,0xF544,0xF524,0xED45,0xED67,0xED67,0xC549,0x550E,0x1D74,0x0619,0x05FA,0x0DF9,0x0DF9,0x05D9,0x05F9,0x0E1A,0x0E1A,0x0DFA,0x05FA,0x05FA,0x05F9,0x0DD8,0x0536,0x0515,0x04F5,0x0515,0x0515,0x0515,0x04F5,0x04F5,0x04F5,0x04D4,0x04D4,0x14F4,0x45B7,0x4598,0x3D59,0x3DDD,0x3DFE,0x3DDD,0x3DDD,0x3DDD,0x3DDE,0x3DFE,0x3DFD,0x3DFD,0x3DFE,0x3DFD,0x3DFD,0x3DFE,0x45FE,0x3DBE,0x0C7B,0x041B,0x041B,0x041A,0x041A,0x041A,0x041A,0x03FA,0x03F9,0x03F9,0x03D9,0x1439,0x455D,0x4D9D,0x4D5D,0x453C,0x2418,0x0B55,0x13B7,0x0B76,0x0335,0x0334,0x02F3,0x2AB0,0xC249,0xEA06,0xF1E5,0xF1E5,0xF1E5,0xF1E5,0xF1E5,0xF1E5,0xF1E6,0xF1E5,0xF1E5,0xF1E5,0xF1E6,0xF1E6,0xE9C5,0xD923,0xD8E4,0xD8E4,0xD904,0xD8E4,0xD8E4,0xD8E4,0xD8E4,0xD8E4,0xD8E4,0xD0E4,0xD0E4,0xD8E4,0xD904,0xD904,0xD8E5,0xD8E4,0xD8E4,0xD8C4,0xD8E4,0xD104,0xD8E4,0xD8E4,0xD904,0xD8E4,0xD8E4,0xD8E4,0xD8E4,0xD8E4,0xD8E4,0xD8E4,0xD8E4,0xD904,0xD904,0xD904,0xD904,0xD904,0xD904,0xD904,0xD104,0xD8E4,0xD187,0xABAF,0x5D16,0x0E1B,0x0DFB,0x0DFB,0x0DFA,0x0DFA,0x0DFA,0x0DFA,0x0DFA,0x0DFA,0x0DFA,0x0DFA,0x0DFA,0x0DFA,0x0DFA,0x0DFA,0x0DFA,0x0DFA,0x0DFA,0x0DFA,0x0DFA,0x0DFA,0x0DFA,0x0DFA,0x0DFA,0x0DFA,0x0DFA,0x0DFA,0x0DFA,0x0DFA,0x0DFA,0x0DFA,0x0DFA,0x0DFA,0x0DFA,0x0DFA,0x0DFA,0x0DFA,
0xF669,0xFE69,0xFE49,0xFE68,0xFE48,0xFE49,0xFE49,0xFE49,0xFE49,0xFE49,0xFE69,0xFE28,0xFD85,0xFD44,0xFD44,0xFD44,0xFD24,0xFD24,0xFD44,0xF524,0xF524,0xF544,0xF544,0xED24,0xF524,0xED04,0xD505,0x750B,0x3593,0x0619,0x0E1A,0x0DF9,0x0DF9,0x05F9,0x05F9,0x0DF9,0x0DF9,0x0DF9,0x05FA,0x061A,0x05F9,0x05B8,0x0536,0x04F5,0x04F5,0x0515,0x0515,0x04F5,0x04F5,0x04F5,0x04F5,0x04F4,0x04D3,0x04B3,0x0472,0x0C53,0x1495,0x3DDD,0x3DFE,0x3DFE,0x3DDD,0x3DDD,0x3DDE,0x3DDD,0x3DDE,0x3DFE,0x3DFE,0x3DDD,0x3DDE,0x3DFE,0x45FE,0x3DBE,0x0C7C,0x041B,0x041B,0x041B,0x041A,0x041A,0x03FA,0x03FA,0x03F9,0x03D9,0x03D8,0x03D8,0x03B8,0x0397,0x0376,0x0376,0x0356,0x0355,0x0355,0x0335,0x0334,0x0314,0x02F3,0x2AB0,0xC249,0xEA06,0xF1E5,0xF1E5,0xF1E5,0xE9E5,0xF1E5,0xF1E5,0xF1E5,0xF1E5,0xF1E5,0xF1E6,0xF1E6,0xF1E5,0xE9C5,0xD924,0xD8E4,0xD8E4,0xD904,0xD8E4,0xD8E4,0xD8E4,0xD8E4,0xD8E4,0xD8E4,0xD8E4,0xD8E4,0xD904,0xD904,0xD904,0xD104,0xD104,0xD904,0xD104,0xD104,0xD104,0xD124,0xD104,0xD8E4,0xD8E4,0xD8E4,0xD8E4,0xD8E4,0xD8E4,0xD8E4,0xD904,0xD904,0xD904,0xD904,0xD904,0xD904,0xD904,0xD904,0xD904,0xD104,0xD0E4,0xD186,0xB38E,0x5D15,0x0DFB,0x0E1B,0x0E1B,0x0E1B,0x0DFB,0x0DFA,0x0DFA,0x0DFA,0x0DFA,0x0DFA,0x0DFA,0x0DFA,0x0DFA,0x0DFA,0x0DFA,0x0DFA,0x0DFA,0x0DFA,0x0DFA,0x0DFA,0x0DFA,0x0DFA,0x0DFA,0x0DFA,0x0DFA,0x0DFA,0x0DFA,0x0DFA,0x0DFA,0x0DFA,0x0DFA,0x0DFA,0x0DFA,0x0DFA,0x0DFA,0x0DFA,0x0DFA,
0xEE8B,0xF669,0xFE48,0xFE48,0xFE48,0xFE49,0xFE49,0xFE49,0xFE69,0xFE49,0xFE49,0xFE28,0xFD65,0xFD44,0xFD43,0xFD44,0xF524,0xF524,0xF524,0xF524,0xF524,0xED44,0xED44,0xED24,0xED24,0xED04,0xDD25,0x9D6B,0x4DB3,0x05FA,0x05FA,0x05F9,0x0DF9,0x0E1A,0x0DF9,0x05F9,0x0DF9,0x0DF9,0x05F9,0x05FA,0x05F9,0x05B8,0x0536,0x0515,0x0515,0x04F5,0x04F5,0x04F5,0x04F5,0x04F5,0x04F5,0x04F4,0x04D4,0x04B4,0x0C93,0x0C94,0x14B5,0x35DC,0x3DFD,0x3DDE,0x3DFE,0x3DDD,0x3DDD,0x3DDD,0x3DDD,0x3DDD,0x3DFE,0x3DDD,0x3DDD,0x3DFE,0x3DFE,0x359E,0x0C5B,0x041A,0x041A,0x041A,0x041A,0x041A,0x03FA,0x03F9,0x03F9,0x03D8,0x03B8,0x03B8,0x03B8,0x0397,0x0377,0x0376,0x0376,0x0356,0x0355,0x0334,0x0314,0x0313,0x02F3,0x2AB0,0xC229,0xF1E6,0xF1C5,0xF1C5,0xF1C5,0xE9E5,0xF1E5,0xF1E5,0xF1E6,0xF1E5,0xF1E5,0xF1E5,0xF1E5,0xF1E5,0xE9C5,0xD904,0xD8E4,0xD8E4,0xD8E4,0xD8E4,0xD8E4,0xD8E4,0xD8E4,0xD8E4,0xD8E4,0xD8E4,0xD8E4,0xD8E4,0xD8E4,0xD8E4,0xD904,0xD904,0xD904,0xD0E4,0xD0E4,0xD8E4,0xD8E4,0xD904,0xD904,0xD904,0xD8E4,0xD8E4,0xD904,0xD904,0xD904,0xD904,0xD904,0xD0E4,0xD8E4,0xD904,0xD904,0xD904,0xD904,0xD104,0xD104,0xD0E4,0xC966,0xB38E,0x5D15,0x0E1B,0x0E1A,0x0E1A,0x0E1B,0x0DFB,0x0DFA,0x0DFA,0x0DFA,0x0DFA,0x0DFA,0x0DFA,0x0DFA,0x0DFA,0x0DFA,0x0DFA,0x0DFA,0x0DFA,0x0DFA,0x0DFA,0x0DFA,0x0DFA,0x0DFA,0x0DFA,0x0DFA,0x0DFA,0x0DFA,0x0DFA,0x0DFA,0x0DFA,0x0DFA,0x0DFA,0x0DFA,0x0DFA,0x0DFA,0x0DFA,0x0DFA,0x0DFA,
0xDE6C,0xEE6A,0xFE68,0xFE48,0xFE48,0xFE49,0xFE49,0xFE49,0xFE49,0xFE49,0xFE49,0xFE28,0xFD65,0xFD44,0xFD43,0xFD24,0xF523,0xF523,0xF524,0xF524,0xF524,0xF524,0xED24,0xED24,0xED24,0xED04,0xDD05,0xBD49,0x5DB2,0x0DFA,0x0E1A,0x0E1A,0x0E1A,0x05F9,0x05F9,0x0DF9,0x0DF9,0x05F9,0x05F9,0x05F9,0x05D9,0x0DB8,0x0536,0x04F5,0x04F5,0x04F5,0x04F5,0x04F5,0x04F5,0x04D5,0x04D5,0x04D4,0x04D4,0x04B4,0x04B3,0x0493,0x14B5,0x35BB,0x3DFD,0x3DDE,0x3DDD,0x3DDD,0x3DDE,0x3DFE,0x3DDD,0x3DDD,0x3DDD,0x3DDD,0x3DDD,0x3DDE,0x3DDE,0x2D9E,0x0C5B,0x041A,0x041A,0x041A,0x041A,0x03FA,0x03F9,0x03F9,0x03D9,0x03D8,0x03B8,0x03B8,0x0397,0x0397,0x0377,0x0376,0x0356,0x0335,0x0335,0x0314,0x0314,0x02F3,0x02D2,0x2A90,0xC249,0xEA06,0xF1E5,0xF1C5,0xF1C5,0xF1E5,0xF1E5,0xF1E5,0xF1E5,0xF1E6,0xF1E5,0xF1E5,0xF1E5,0xF1E5,0xE9A5,0xD924,0xD8E4,0xD8E4,0xD8E4,0xD0E4,0xD0E4,0xD0E4,0xD0E4,0xD8E4,0xD0E4,0xD0E4,0xD8E4,0xD8E4,0xD8E4,0xD8E4,0xD8E4,0xD8E4,0xD904,0xD8E4,0xD8E4,0xD904,0xD8E4,0xD8E4,0xD904,0xD904,0xD8E4,0xD8E4,0xD904,0xD904,0xD904,0xD904,0xD8E4,0xD0E4,0xD8E4,0xD8E4,0xD904,0xD904,0xD904,0xD904,0xD904,0xD904,0xD166,0xBB6D,0x64F5,0x0DFB,0x0E1A,0x0DFA,0x0DFA,0x0DFA,0x0DFA,0x0DFA,0x0DFA,0x0DFA,0x0DFA,0x0DFA,0x0DFA,0x0DFA,0x0DFA,0x0DFA,0x0DFA,0x0DFA,0x0DFA,0x0DFA,0x0DFA,0x0DFA,0x0DFA,0x0DFA,0x0DFA,0x0DFA,0x0DFA,0x0DFA,0x0DFA,0x0DFA,0x0DFA,0x0DFA,0x0DFA,0x0DFA,0x0DFA,0x0DFA,0x0DFA,0x0DFA,
0xB62D,0xDE4B,0xFE49,0xFE48,0xFE48,0xFE49,0xFE49,0xFE49,0xFE49,0xFE49,0xFE69,0xFE48,0xF565,0xF524,0xFD23,0xFD24,0xF523,0xF524,0xF524,0xF524,0xF524,0xF524,0xED24,0xED24,0xED04,0xE504,0xE4E4,0xCD27,0x6590,0x05F9,0x0E1A,0x0E1A,0x0E19,0x0E1A,0x0DF9,0x05D9,0x0DF9,0x0DF9,0x0DF9,0x05F9,0x0DF9,0x0DD8,0x0536,0x0515,0x04F5,0x04F5,0x04F5,0x04F5,0x04F5,0x04D5,0x04D4,0x04D4,0x04D4,0x04B4,0x04B3,0x0493,0x0CB4,0x2539,0x359C,0x3DDE,0x3DDE,0x3DDE,0x3DDD,0x3DDD,0x3DDD,0x3DDD,0x3DFD,0x3DFE,0x3DFE,0x3DFE,0x3DFE,0x35BE,0x0C5B,0x041A,0x03FA,0x03FA,0x03FA,0x041A,0x03F9,0x03F9,0x03D9,0x03D8,0x03B8,0x0397,0x0397,0x0377,0x0376,0x0376,0x0356,0x0335,0x0335,0x0314,0x0313,0x02F3,0x02D2,0x2A90,0xC229,0xEA06,0xF1E5,0xF1E5,0xF1C5,0xF1E5,0xE9E5,0xF1E5,0xF1E6,0xF1E6,0xF1E6,0xF1E5,0xF1E5,0xF1E5,0xE9C5,0xD924,0xD8E4,0xD8E4,0xD8E4,0xD8E4,0xD8E4,0xD8E4,0xD8E4,0xD904,0xD904,0xD904,0xD904,0xD8E4,0xD8E4,0xD904,0xD904,0xD8E4,0xD8E4,0xD904,0xD8E4,0xD8E4,0xD8E4,0xD904,0xD904,0xD904,0xD904,0xD904,0xD104,0xD104,0xD904,0xD8E4,0xD8E4,0xD904,0xD8E4,0xD8E4,0xD904,0xD8E4,0xD8E4,0xD904,0xD104,0xD904,0xD166,0xC34C,0x64D4,0x05FA,0x0DFA,0x0DFA,0x0DFA,0x0DFA,0x0DFA,0x0DDA,0x0DFA,0x0DFA,0x0DFA,0x0DFA,0x0DFA,0x0DFA,0x0DFA,0x0DFA,0x0DFA,0x0DFA,0x0DFA,0x0DFA,0x0DFA,0x0DFA,0x0DFA,0x0DFA,0x0DFA,0x0DFA,0x0DFA,0x0DFA,0x0DFA,0x0DFA,0x0DFA,0x0DFA,0x0DFA,0x0DFA,0x0DFA,0x0DFA,0x0DFA,0x0DFA,
0x85CF,0xBDEC,0xFE28,0xFE48,0xFE49,0xFE49,0xFE49,0xFE49,0xFE49,0xFE49,0xFE69,0xFE48,0xF565,0xF544,0xFD43,0xF524,0xF523,0xF524,0xF524,0xF524,0xF524,0xF524,0xED24,0xED24,0xE504,0xE504,0xE504,0xDCE5,0x6D6F,0x0DF8,0x0DF9,0x0DF9,0x0619,0x0E19,0x0DF9,0x05D9,0x0DF9,0x0DF9,0x0DF9,0x0DF9,0x0DF9,0x0DB8,0x0536,0x04F5,0x04F5,0x04F5,0x04F5,0x04F5,0x04F5,0x04D4,0x04D4,0x04D4,0x04D4,0x04D4,0x04B3,0x0493,0x0C94,0x1CD7,0x2D5B,0x3DFE,0x3DFE,0x3DDE,0x3DDD,0x3DDD,0x3DDD,0x3DDD,0x3DDD,0x3DDE,0x3DDE,0x3DFE,0x3DFE,0x35BE,0x0C5B,0x03FA,0x041A,0x041A,0x041A,0x03F9,0x03F9,0x03F9,0x03D8,0x03D8,0x03B8,0x0397,0x0377,0x0377,0x0376,0x0356,0x0356,0x0335,0x0334,0x0314,0x02F3,0x02F3,0x02B2,0x2A70,0xBA49,0xEA07,0xF1E5,0xF1C5,0xF1E5,0xF1E5,0xF1E5,0xF1E5,0xF1E6,0xF1E6,0xF1E5,0xF1E5,0xF1E5,0xF1E5,0xE9C5,0xD924,0xD8E4,0xD8E4,0xD8E4,0xD8E4,0xD8E4,0xD8E4,0xD8E4,0xD8E4,0xD8E4,0xD8E4,0xD8E4,0xD8E4,0xD0E4,0xD0E4,0xD904,0xD904,0xD904,0xD904,0xD8E4,0xD8E4,0xD8E4,0xD8E4,0xD904,0xD904,0xD8E4,0xD8E4,0xD8E4,0xD904,0xD904,0xD904,0xD8E4,0xD8E4,0xD8E4,0xD904,0xD904,0xD904,0xD8E4,0xD8E4,0xD904,0xD904,0xD145,0xC30B,0x64B4,0x0DFB,0x0DFB,0x0DFA,0x0E1B,0x0DFA,0x0DFA,0x0DFA,0x0DFA,0x0DFA,0x0DFA,0x0DFA,0x0DFA,0x0DFA,0x0DFA,0x0DFA,0x0DFA,0x0DDA,0x0DDA,0x0DDA,0x0DDA,0x0DDA,0x0DDA,0x0DDA,0x0DDA,0x0DFA,0x0DFA,0x0DFA,0x0DFA,0x0DFA,0x0DFA,0x0DFA,0x0DFA,0x0DFA,0x0DFA,0x0DFA,0x0DFA,0x0DFA,
0x5591,0xA60D,0xFE69,0xFE49,0xFE49,0xFE49,0xFE49,0xFE49,0xFE49,0xFE49,0xFE49,0xF628,0xF565,0xF524,0xF523,0xF523,0xF524,0xF524,0xF524,0xF524,0xF524,0xED24,0xED04,0xED04,0xE504,0xE504,0xDCE4,0xDCA3,0x752D,0x0DD7,0x0DF9,0x0E1A,0x061A,0x061A,0x0DF9,0x0DF9,0x0DF9,0x0DF9,0x0DF9,0x05F9,0x05D9,0x05B8,0x0556,0x0515,0x04F5,0x04F5,0x04F5,0x04F5,0x04F5,0x04F5,0x04D5,0x04D4,0x04D4,0x04B4,0x04B3,0x0473,0x0453,0x0C14,0x24F9,0x3DDD,0x3DDE,0x3DDE,0x3DDD,0x3DDD,0x3DDD,0x3DFE,0x3DFE,0x3DDE,0x3DDE,0x3DFE,0x3DFE,0x35BD,0x0C5B,0x041A,0x041A,0x041A,0x041A,0x03F9,0x03F9,0x03D9,0x03D8,0x03D8,0x03B8,0x0397,0x0397,0x0377,0x0356,0x0356,0x0335,0x0335,0x0314,0x0313,0x02F3,0x02D3,0x02B2,0x2A90,0xBA6A,0xE207,0xF1E5,0xF1C5,0xF1E5,0xF1E5,0xF1E6,0xF1E5,0xF1E5,0xF1E5,0xF1E5,0xF1E6,0xF1E5,0xF1E5,0xE9C5,0xE144,0xD904,0xD8E4,0xD8E4,0xD8E4,0xD8E4,0xD8E4,0xD8E4,0xD8E4,0xD8E4,0xD8E4,0xD8E4,0xD8E4,0xD8E4,0xD904,0xD904,0xD904,0xD904,0xD8E4,0xD8E4,0xD8E4,0xD8E4,0xD904,0xD904,0xD904,0xD8E4,0xD0E4,0xD904,0xD904,0xD904,0xD8E4,0xD8E4,0xD8E4,0xD8E4,0xD8E4,0xD904,0xD904,0xD904,0xD8E4,0xD904,0xD904,0xD145,0xC2AA,0x6473,0x0DFA,0x0DFA,0x0DFA,0x0DFA,0x0DFA,0x0DFA,0x0DFA,0x0DFA,0x0DFA,0x0DFA,0x0DFA,0x0DFA,0x0DFA,0x0DFA,0x0DFA,0x0DFA,0x0DFA,0x0DDA,0x0DDA,0x0DDA,0x0DDA,0x0DDA,0x0DDA,0x0DDA,0x0DDA,0x0DFA,0x0DFA,0x0DFA,0x0DFA,0x0DFA,0x0DFA,0x0DDA,0x0DDA,0x0DDA,0x0DFA,0x0DDA,0x0DDA,
0x3593,0x95EE,0xFE49,0xFE48,0xFE49,0xFE49,0xFE49,0xFE49,0xFE49,0xFE49,0xFE49,0xFE48,0xFDE6,0xFD65,0xFD24,0xFD24,0xF524,0xF524,0xF524,0xF524,0xF504,0xED04,0xED04,0xED04,0xE504,0xDCE4,0xDCE3,0xDCA3,0x7CEB,0x1574,0x0DF8,0x0E1A,0x061A,0x061A,0x05F9,0x05F9,0x05F9,0x05F9,0x0DF9,0x05F9,0x05F9,0x05B8,0x0556,0x0515,0x0515,0x0515,0x0515,0x04F5,0x04F5,0x04F5,0x04F5,0x04D5,0x04D4,0x04D4,0x04B4,0x0493,0x0453,0x0414,0x24F9,0x3DDE,0x3DDE,0x3DDE,0x3DDE,0x3DDD,0x3DDD,0x3DDD,0x3DFE,0x3DFE,0x3DDD,0x3DFE,0x3DFD,0x359D,0x0C5A,0x041A,0x041A,0x041A,0x041A,0x03F9,0x03F9,0x03D9,0x03D8,0x03D8,0x03B8,0x0397,0x0377,0x0376,0x0356,0x0356,0x0335,0x0314,0x0314,0x02F3,0x02F3,0x02F2,0x02B2,0x2A90,0xB26A,0xE207,0xF1E5,0xF1E5,0xF1E5,0xF1E6,0xF1E5,0xF1E5,0xF1E6,0xF1E5,0xF1E5,0xF1E5,0xF1E6,0xF206,0xF206,0xE9C6,0xE145,0xD0E4,0xD8E4,0xD8E4,0xD8E4,0xD8E4,0xD8E4,0xD8E4,0xD8E4,0xD8E4,0xD8E4,0xD8E4,0xD8E4,0xD904,0xD904,0xD904,0xD8E4,0xD8E4,0xD8E4,0xD8E4,0xD904,0xD8E4,0xD8E4,0xD8E4,0xD8E4,0xD8E4,0xD8E4,0xD904,0xD904,0xD904,0xD8E4,0xD0E4,0xD904,0xD904,0xD904,0xD904,0xD904,0xD904,0xD904,0xD8E4,0xD945,0xCA69,0x6C72,0x0E1A,0x0DFA,0x0DFA,0x0DFA,0x0DFA,0x0DFA,0x0DFA,0x0DFA,0x0DFA,0x0DFA,0x15FA,0x15FA,0x15FA,0x0DFA,0x0DFA,0x0DFA,0x0DFA,0x0DDA,0x0DDA,0x0DDA,0x0DDA,0x0DDA,0x0DDA,0x0DDA,0x0DFA,0x0DFA,0x0DFA,0x0DFA,0x0DFA,0x0DDA,0x0DDA,0x0DFA,0x0DFA,0x0DFA,0x0DFA,0x0DFA,0x0DFA,
0x1DB7,0x8E10,0xFE49,0xFE29,0xFE29,0xFE49,0xFE49,0xFE49,0xFE49,0xFE49,0xFE49,0xFE48,0xFE28,0xFDA6,0xFD24,0xFD24,0xFD24,0xFD23,0xF524,0xF504,0xED04,0xED04,0xED04,0xED04,0xE4E4,0xDCE4,0xDCE4,0xDCC3,0x7CA9,0x1CF0,0x0DD8,0x061A,0x0E1A,0x05F9,0x05F9,0x05D9,0x05F9,0x05F9,0x05F9,0x05F9,0x05F9,0x0DF9,0x05B8,0x0556,0x0515,0x0515,0x0515,0x04F5,0x04F5,0x04F5,0x04D5,0x04D4,0x04D4,0x0CB4,0x0493,0x0473,0x0453,0x0C33,0x24F8,0x3DDE,0x3DDD,0x3DDD,0x3DDE,0x3DDD,0x3DDD,0x3DDE,0x3DDD,0x3DDD,0x3DDD,0x35FE,0x3DFD,0x359C,0x14BB,0x0C3A,0x041A,0x041A,0x041A,0x03F9,0x03F9,0x03D9,0x03D8,0x03D8,0x03B8,0x0397,0x0377,0x0376,0x0356,0x0355,0x0335,0x0335,0x0314,0x02F3,0x02F3,0x02F2,0x02B1,0x2290,0xB26A,0xE227,0xF1E5,0xF1E5,0xF1E5,0xF1E6,0xF1E6,0xF1E5,0xF1E5,0xF1E5,0xF1E5,0xF1E6,0xF1E6,0xF206,0xF226,0xF227,0xE185,0xD8E4,0xD8E4,0xD8E4,0xD8E4,0xD0E4,0xD0C4,0xD0C4,0xD8E4,0xD8E4,0xD904,0xD8E4,0xD8E4,0xD904,0xD904,0xD904,0xD904,0xD8E4,0xD8E4,0xD8E4,0xD8E4,0xD8E4,0xD8E4,0xD904,0xD904,0xD904,0xD904,0xD904,0xD904,0xD8E4,0xD8E4,0xD8E4,0xD904,0xD904,0xD904,0xD104,0xD904,0xD904,0xD904,0xD8E4,0xD125,0xC208,0x6432,0x0E1B,0x0DFB,0x0DFA,0x0DFA,0x0DFA,0x0DFA,0x0DFA,0x0DFA,0x0DFA,0x0DFA,0x0DFA,0x0DFA,0x0DFA,0x0DFA,0x0DFA,0x0DFA,0x0DFA,0x0DFA,0x0DFA,0x0DFA,0x0DDA,0x0DDA,0x0DFA,0x0DFA,0x0DFA,0x0DFA,0x0DFA,0x0DFA,0x0DFA,0x0DFA,0x0DFA,0x0DFA,0x0DFA,0x0DFA,0x0DFA,0x0DFA,0x0DFA,
0x0DD9,0x8611,0xFE6A,0xFE49,0xFE49,0xFE49,0xFE49,0xFE49,0xFE49,0xFE29,0xFE29,0xFE28,0xFE28,0xF5A6,0xF524,0xFD23,0xFD23,0xF523,0xF504,0xF504,0xF504,0xED04,0xED04,0xECE4,0xE4E5,0xDCC4,0xDCA3,0xD483,0x8CA7,0x350E,0x15F8,0x061A,0x061A,0x0DF9,0x0DF9,0x05F9,0x0DF9,0x05F9,0x05F9,0x0DF9,0x0DF9,0x0DF9,0x0DF9,0x0577,0x0515,0x0515,0x0515,0x04F5,0x04F5,0x04F5,0x04D5,0x04D4,0x04B4,0x04B4,0x04B3,0x0473,0x0453,0x0412,0x24F8,0x3DDD,0x3DFE,0x3DDD,0x3DDD,0x3DDD,0x35DD,0x3DDD,0x3DDD,0x3DDD,0x3DDD,0x35DE,0x3DFD,0x3DFD,0x3DFE,0x1CFC,0x041A,0x041A,0x041A,0x0419,0x03F9,0x03F9,0x03D8,0x03D8,0x03B7,0x0397,0x0377,0x0376,0x0356,0x0355,0x0335,0x0314,0x0314,0x02F3,0x02F2,0x02D2,0x02B1,0x2290,0xAA4A,0xDA27,0xF1E5,0xF205,0xF1E6,0xF1E7,0xF1E6,0xF1E6,0xF1E6,0xF1E6,0xF1E6,0xF1E6,0xEA05,0xEA06,0xF206,0xF206,0xE185,0xD904,0xD8E4,0xD8E4,0xD8E4,0xD8E4,0xD8E4,0xD8E4,0xD904,0xD904,0xD904,0xD104,0xD904,0xD904,0xD904,0xD904,0xD904,0xD904,0xD8E4,0xD8E4,0xD8E4,0xD8E4,0xD8E4,0xD904,0xD8E4,0xD8E4,0xD124,0xD104,0xD904,0xD904,0xD904,0xD105,0xD103,0xD104,0xD104,0xD904,0xD904,0xD904,0xD904,0xD8E4,0xD125,0xC9E8,0x6411,0x0E1B,0x0DFA,0x0DFA,0x0DFA,0x0DFA,0x0DFA,0x0DFA,0x0DFA,0x0DFA,0x0DFA,0x0DFA,0x0DFA,0x0DFA,0x0DFA,0x0DFA,0x0DFA,0x0DFA,0x0DFA,0x0DFA,0x0DFA,0x0DFA,0x0DFA,0x0DFA,0x0DFA,0x0DFA,0x0DFA,0x0DFA,0x0DFA,0x0DFA,0x0DFA,0x0DFA,0x0DFA,0x0DFA,0x0DFA,0x0DFA,0x0DFA,0x0DFA,
0x05DA,0x7E33,0xF66B,0xFE49,0xFE49,0xFE49,0xFE49,0xFE49,0xFE29,0xFE49,0xFE29,0xFE29,0xFE49,0xFDE7,0xF565,0xFD23,0xFD03,0xFD03,0xF504,0xF504,0xF504,0xED03,0xED04,0xECE4,0xE4E4,0xDCC4,0xD4A3,0xDC63,0xA4C7,0x654D,0x15F7,0x061A,0x0E19,0x05F9,0x05F9,0x0DFA,0x061A,0x05FA,0x05F9,0x05F9,0x05F9,0x0E1A,0x0DFA,0x0598,0x0536,0x0515,0x0515,0x0515,0x04F5,0x04F5,0x04D5,0x04D4,0x04B4,0x04B4,0x0493,0x0473,0x0432,0x0411,0x24F8,0x45FE,0x3DDE,0x3DDD,0x3DDD,0x3DDD,0x3DDD,0x3DDD,0x3DDD,0x3DDE,0x3DDE,0x3DFD,0x3DDD,0x3DDD,0x3DFE,0x1D1C,0x041A,0x041A,0x041A,0x0419,0x03F9,0x03F9,0x03D8,0x03D8,0x03B7,0x0397,0x0376,0x0376,0x0356,0x0356,0x0335,0x0334,0x0314,0x02F3,0x02F2,0x02D2,0x02B1,0x226F,0x9A2A,0xD1E7,0xF1E5,0xF1E5,0xF205,0xF205,0xF205,0xF205,0xF206,0xF1E6,0xF1E6,0xF1E6,0xF1E6,0xF1E6,0xF1E6,0xF206,0xE184,0xD923,0xD8E4,0xD8E4,0xD8E4,0xD904,0xD904,0xD904,0xD8E4,0xD8E4,0xD8E4,0xD8E4,0xD904,0xD904,0xD104,0xD124,0xD124,0xD904,0xD8E4,0xD8E4,0xD8E4,0xD8E4,0xD8E4,0xD904,0xD8E4,0xD8E4,0xD8E4,0xD904,0xD105,0xD924,0xD904,0xD905,0xD104,0xD904,0xD904,0xD905,0xD104,0xD104,0xD0E4,0xD0E4,0xD125,0xC9C7,0x6411,0x0E1B,0x0DFB,0x0DFA,0x0DFB,0x0DFA,0x0DFA,0x0DFA,0x0DFA,0x0DFA,0x0DFA,0x0DFA,0x0DFA,0x0DFA,0x0DFA,0x0DFA,0x0DFA,0x0DFA,0x0DFA,0x0DFA,0x0DFA,0x0DFA,0x0DFA,0x0DFA,0x0DFA,0x0DFA,0x0DFA,0x0DFA,0x0DFA,0x0DFA,0x0DFA,0x0DFA,0x0DFA,0x0DFA,0x0DFA,0x0DFA,0x0DFA,0x0DFA,
0x05DB,0x6E34,0xDE8D,0xF64A,0xFE49,0xFE49,0xFE49,0xFE49,0xFE49,0xFE48,0xFE28,0xFE28,0xFE28,0xFE48,0xFE07,0xFD44,0xF503,0xF503,0xF503,0xF503,0xED03,0xED03,0xECE3,0xECE4,0xE4C4,0xDCA3,0xDCC5,0xE610,0xBD8D,0x84EA,0x1DD7,0x05FA,0x061A,0x0619,0x0619,0x0619,0x05F9,0x05F9,0x061A,0x061A,0x0619,0x05F9,0x05F9,0x0DB9,0x0577,0x0535,0x0514,0x04F5,0x0515,0x0515,0x04F5,0x04D4,0x04D4,0x04B4,0x0C94,0x24B4,0x34D3,0x3492,0x3D17,0x45DD,0x3DFE,0x3DFE,0x3DFE,0x3DFE,0x3DDE,0x3DDE,0x3DDE,0x3DDD,0x3DDD,0x3DDD,0x3DFD,0x45FD,0x45FD,0x2D5C,0x14BB,0x041A,0x03FA,0x03F9,0x03F9,0x03F9,0x03D8,0x03B8,0x03B7,0x0397,0x0397,0x23F7,0x3C37,0x1375,0x0314,0x0314,0x0314,0x02F3,0x02D2,0x02B2,0x0290,0x224E,0x89E8,0xC9E6,0xF1E5,0xEA05,0xEA06,0xE207,0xE227,0xEA26,0xF206,0xF206,0xF206,0xF206,0xF225,0xE206,0xD9E6,0xE1E5,0xE9E5,0xF1C6,0xE105,0xD8E4,0xD8E4,0xD8E4,0xD8E4,0xD8E4,0xD8E4,0xD904,0xD104,0xD104,0xD104,0xD186,0xDB2D,0xCAAB,0xC187,0xD124,0xD104,0xD104,0xD8E4,0xD8E4,0xD904,0xD8E4,0xD8E4,0xD8E4,0xD125,0xE410,0xF5F7,0xD9E8,0xC0E4,0xB9A7,0xE451,0xDB0C,0xD104,0xD904,0xC966,0xC2CA,0xF637,0xEBCF,0xD0E4,0xC186,0x63F1,0x0E1B,0x0DFB,0x0DFA,0x0DFB,0x0DFB,0x0DFA,0x0DFA,0x0DFA,0x0DFA,0x0DFA,0x0DFA,0x0DFA,0x0DFA,0x0DFA,0x0DFA,0x0DFA,0x0DFA,0x0DFA,0x0DFA,0x0DFA,0x0DFA,0x0DFA,0x0DFA,0x0DFA,0x0DFA,0x0DFA,0x0DFA,0x0DFA,0x0DFA,0x0DFA,0x0DFA,0x0DFA,0x0DFA,0x0DFA,0x0DFA,0x0DFA,0x0DFA,
0x05DA,0x5E14,0xBE2C,0xEE29,0xFE49,0xFE69,0xFE49,0xFE48,0xFE28,0xFE28,0xFE28,0xFE28,0xFE28,0xF649,0xF629,0xF565,0xF504,0xFCE3,0xF4E3,0xF4E4,0xF504,0xF4E4,0xED04,0xE504,0xDD05,0xDCC4,0xD506,0xD634,0xC5F3,0x9D90,0x2DF7,0x0E19,0x0E1A,0x0E19,0x0E1A,0x0E1B,0x0DFA,0x0DF9,0x0DFA,0x0DFA,0x0DF9,0x0DF9,0x1DB7,0x15D8,0x0DD9,0x0535,0x0514,0x0515,0x04F5,0x04D5,0x0CD5,0x0CD4,0x0CD4,0x0CD3,0x0C92,0x1452,0x3472,0x7555,0x5D37,0x353A,0x3DDC,0x3DFD,0x3DFD,0x3DDE,0x3DFE,0x3DFD,0x3DDD,0x35DD,0x35FD,0x3DFD,0x45DC,0x45BC,0x45DC,0x45FD,0x35BD,0x0C7B,0x041A,0x03FA,0x03F9,0x03F9,0x03D8,0x03B8,0x0397,0x0376,0x0356,0x4C99,0x7D5A,0x3352,0x3B73,0x4BF5,0x1313,0x3C16,0x5CD8,0x1AD1,0x1AD0,0x3AF0,0x9208,0xC9C6,0xF1E6,0xE9E6,0xEB2B,0xF4B1,0xFDD5,0xF40E,0xEA05,0xF206,0xF205,0xF206,0xFA06,0xFCD2,0xF69A,0xD32B,0xE227,0xE9C5,0xD944,0xD104,0xC903,0xD0E4,0xD8E4,0xD8E4,0xD0E4,0xD104,0xD145,0xC966,0xD125,0xD9C7,0xED54,0xD451,0xB24A,0xC9C8,0xD146,0xD0E4,0xD904,0xD145,0xC986,0xD904,0xD1A7,0xCA29,0xC966,0xE472,0xF69A,0xD9E8,0xC8C3,0xC9C7,0xE514,0xEEBA,0xF75D,0xF67A,0xF6FB,0xF6BB,0xCB2D,0xC9A6,0xD104,0xC965,0x63D0,0x0DFB,0x0DFA,0x0DFA,0x0DFA,0x0DFB,0x0DFA,0x0DFA,0x0DFA,0x0DFA,0x0DFA,0x0DFA,0x0DFA,0x0DFA,0x0DFA,0x0DFA,0x0DFA,0x0DFA,0x0DFA,0x0DFA,0x0DFA,0x0DFA,0x0DFA,0x0DFA,0x0DFA,0x0DFA,0x0DFA,0x0DFA,0x0DFA,0x0DFA,0x0DFA,0x0DFA,0x0DFA,0x0DFA,0x0DFA,0x0DFA,0x0DFA,0x0DFA,
0x05FA,0x45D5,0x9DEE,0xEE29,0xFE49,0xF68C,0xFF52,0xFECD,0xFE27,0xFE47,0xFE26,0xFE27,0xE64A,0xEED0,0xF712,0xF629,0xF587,0xED48,0xEDCB,0xF62E,0xF64F,0xE548,0xE5AD,0xEE75,0xEED8,0xE694,0xE672,0xE696,0xCE13,0x9DB1,0x2DF7,0x0E19,0x0E3A,0x0E1A,0x2E19,0x45F8,0x1E19,0x0DF9,0x0DF9,0x05F8,0x0DD8,0x2E3A,0xAF9E,0x6EFC,0x15D8,0x0D77,0x2556,0x3555,0x1CF4,0x1D14,0x3D97,0x8EDC,0xAF3E,0xBF3E,0xC6FD,0x6D76,0x3471,0x95D7,0x6D17,0x2C57,0x3DBC,0x45FD,0x45DD,0x55DC,0x55DB,0x4DDC,0x3DDD,0x35DD,0x35DD,0x35DD,0x5E1C,0x7E5B,0x765B,0x561C,0x359D,0x24BA,0x1C79,0x1C59,0x2438,0x13D7,0x1C18,0x75DC,0xA6BE,0xBEFE,0xAE9E,0x6D39,0x4C37,0xA5BA,0x9559,0x74F7,0xA5BA,0x8517,0x4BF3,0x3351,0x1AD0,0x224E,0x81C8,0xC1C6,0xF1C6,0xF1C5,0xE206,0xD2A8,0xE46F,0xE3ED,0xDB8C,0xF5F6,0xED95,0xE490,0xE40D,0xEDD5,0xF7BE,0xF77C,0xE4B1,0xDAAA,0xED55,0xF6BA,0xFF5C,0xF6BA,0xE4F3,0xE3F0,0xFEBA,0xFEFB,0xFEBA,0xFF7D,0xDD13,0xC2EB,0xDCD2,0xEE38,0xF71C,0xF71C,0xFF3B,0xF658,0xC229,0xDC51,0xF658,0xE1E8,0xEC30,0xF679,0xC26A,0xDC92,0xF679,0xE208,0xD0E4,0xDA29,0xF69A,0xF7BE,0xF7BE,0xF7DF,0xF7DF,0xEEFC,0xC34D,0xC9A7,0xD0E4,0xC945,0x6BB0,0x0DFB,0x0DFA,0x0DFA,0x0DFA,0x0DFA,0x0DFA,0x0DFA,0x0DFA,0x0DFA,0x0DFA,0x0DFA,0x0DFA,0x0DFA,0x0DFA,0x0DFA,0x0DFA,0x0DFA,0x0DFA,0x0DFA,0x0DFA,0x0DFA,0x0DFA,0x0DFA,0x0DFA,0x0DFA,0x0DFA,0x0DFA,0x0DFA,0x0DFA,0x0DFA,0x0DFA,0x0DFA,0x0DFA,0x0DFA,0x0DFA,0x0DFA,0x0DFA,
0x05FB,0x35B5,0x7DAE,0xE629,0xFE28,0xF649,0xE68E,0xE68C,0xEE8C,0xF753,0xF753,0xF732,0xFF98,0xFFBB,0xF79A,0xEEF0,0xF734,0xF779,0xE62F,0xEED4,0xF759,0xD5CB,0xE650,0xF6F5,0xE546,0xDDAC,0xE675,0xE653,0xCD4C,0x9CA9,0x3D93,0x15F8,0x0E3A,0x0E3A,0x56DC,0x7F5E,0x263B,0x2E19,0x4E59,0x5679,0x5EBA,0x771B,0xD79D,0xD7DE,0xAFBE,0x7699,0x9F1B,0xCFBE,0xCFBE,0xAF5D,0x96FC,0xBF7E,0x6DF8,0x2CD2,0x8E5A,0x6575,0x3471,0x95D7,0x5CF5,0x1414,0x357B,0x3DDD,0x45FD,0x5E1B,0x663B,0x661B,0x459B,0x55BA,0x65FA,0x4DBB,0x7E7C,0xBF5D,0xDFBE,0xA71D,0x769C,0xBF9E,0xD7DF,0xD7DF,0xEFDF,0x85BA,0x3457,0xB6DD,0x757A,0x2C17,0xA61B,0x6CB7,0x2B74,0x857B,0x4C79,0x1B96,0x8D77,0x6433,0x32F0,0x6C74,0x4BF3,0x3ACE,0x81E7,0xC1C6,0xF1C5,0xF1C5,0xDA26,0xD34B,0xF658,0xFF3B,0xF699,0xC34C,0xCB6C,0xE40D,0xEAC8,0xF4D0,0xF698,0xD3CD,0xCAC9,0xDB6B,0xF6B9,0xEC91,0xDA8A,0xF638,0xED75,0xDC71,0xFF1C,0xD4B2,0xA9A7,0xA9C7,0xD4B2,0xF71B,0xDD14,0xD411,0xCB4D,0xD166,0xEC30,0xEE79,0xB249,0xD472,0xFE99,0xE1E7,0xEC30,0xF699,0xCA8A,0xE492,0xF69A,0xDA08,0xD0E3,0xD9C7,0xED13,0xF6DB,0xFFDF,0xF7FE,0xFFDE,0xF699,0xD208,0xD0E4,0xD0E4,0xC904,0x6B8F,0x0DFA,0x0E1A,0x0DFA,0x0DFB,0x0DFA,0x0DFA,0x0DFA,0x0DFA,0x0DFA,0x0DFA,0x0DFA,0x0DFA,0x0DFA,0x0DFA,0x0DFA,0x0DFA,0x0DFA,0x0DFA,0x0DFA,0x0DFA,0x0DFA,0x0DFA,0x0DFA,0x0DFA,0x0DFA,0x0DFA,0x0DFA,0x0DFA,0x0DFA,0x0DFA,0x0DFA,0x0DFA,0x0DFA,0x0DFA,0x0DFA,0x0DFA,0x0DFA,
0x05DA,0x1DB6,0x5D90,0xDE4A,0xFE69,0xFE8C,0xFFBA,0xFFBA,0xF756,0xE714,0xE6F1,0xEEEF,0xEE6B,0xF712,0xFF98,0xF6AC,0xF732,0xFF78,0xF609,0xF68E,0xF735,0xE5CA,0xEE71,0xF6F7,0xE507,0xE5AC,0xE674,0xCD6D,0xCD8E,0xB5D3,0x3574,0x0DB7,0x0639,0x0E19,0x6EFC,0xAF9E,0x4E18,0x76BA,0xA77D,0x871B,0x4E59,0x4619,0xBF7E,0x7EDB,0x3E38,0xB77E,0x7EBA,0x2D76,0x2554,0x7679,0xBFBE,0xAF3D,0x5DB7,0x1C72,0x44F4,0x4D14,0x5D54,0xA618,0x8598,0x4D19,0x3D9D,0x3DDD,0x3DDD,0x4DBB,0x86BD,0xBFBF,0xCFDF,0xB73D,0x969C,0x86BD,0x767C,0x867C,0xCF9F,0x96BD,0x65DC,0xD77E,0x8E7E,0x355D,0x8E9D,0x6579,0x3C97,0xB6FD,0x6D9B,0x2419,0xA65D,0x6CF8,0x2B74,0x9DB9,0x8D58,0x64B7,0x8DB9,0x5456,0x1B33,0x6CD6,0x64B5,0x53B2,0x6A4A,0xB1E7,0xE9E5,0xF1E5,0xE227,0xD34B,0xF678,0xED74,0xE44F,0xF658,0xFF3C,0xF699,0xEB0A,0xF4B0,0xF676,0xDBAC,0xD2A8,0xDB2B,0xF6B9,0xF4B1,0xEA69,0xF5B5,0xE554,0xE4B2,0xFF1B,0xD492,0xA965,0xB144,0xDC71,0xFF3C,0xDCD3,0xE4F4,0xE4F3,0xCA08,0xE471,0xEE99,0xB249,0xD472,0xF69A,0xCAAB,0xDCB2,0xF69A,0xCA8B,0xDC72,0xF6DB,0xDBEF,0xD208,0xC905,0xB905,0xDB8F,0xF679,0xF75D,0xE4D3,0xD26A,0xEC91,0xE2EB,0xD8E4,0xC904,0x6B6F,0x15DA,0x0E1A,0x0DFA,0x0DFA,0x0DFA,0x0DFA,0x0DFA,0x0DFA,0x0DFA,0x0DFA,0x0DFA,0x0DFA,0x0DFA,0x0DFA,0x0DFA,0x0DFA,0x0DFA,0x0DFA,0x0DFA,0x0DFA,0x0DFA,0x0DFA,0x0DFA,0x0DFA,0x0DFA,0x0DFA,0x0DFA,0x0DFA,0x0DFA,0x0DFA,0x0DFA,0x0DFA,0x0DFA,0x0DFA,0x0DFA,0x0DFA,0x0DFA,
0x05FA,0x15B7,0x4DB2,0xD62A,0xFE49,0xFE8C,0xFF99,0xF734,0xEECE,0xF755,0xF7B9,0xF7B8,0xEEED,0xF753,0xFFB9,0xEEF0,0xF734,0xFFB9,0xFF99,0xF778,0xEF15,0xE5EB,0xEE2E,0xF671,0xE526,0xDCC5,0xD4A6,0xCC63,0xC422,0xA424,0x3C6B,0x1553,0x0E19,0x0E1A,0x5EFC,0x977D,0x3DB6,0x7679,0xBFBE,0xC7DF,0x871C,0x569A,0x9F7E,0x7EBA,0x45D6,0x55F7,0x96FB,0xD7DF,0xCFDF,0xCFDF,0xBF7E,0x7659,0x4535,0x1C72,0x1451,0x2493,0x2CB3,0x1C30,0x0BD0,0x0C13,0x355B,0x3DBD,0x3DDD,0x45DC,0x8EDE,0xCFDF,0xBF7E,0xC79F,0xDFDF,0xCFDF,0x86BD,0x5DFD,0xC77E,0x9EDD,0x661C,0xBF9F,0xAEDC,0x8E3A,0xC77E,0x8E5B,0x6579,0xBF1D,0x6D7B,0x1BF8,0x7E1C,0x4CD9,0x0B35,0x2BD6,0x2394,0x0B13,0x0AF2,0x02F3,0x02F4,0x02D3,0x02D2,0x128F,0x520A,0xA9E7,0xF1E6,0xF1E5,0xDA06,0xCB0A,0xF699,0xFF3B,0xF657,0xDC70,0xE5D6,0xF6DB,0xD32B,0xDBCD,0xF5B4,0xFEFB,0xE4D2,0xD32A,0xF698,0xFF7C,0xFF7D,0xF71C,0xEDD7,0xED14,0xF69A,0xD410,0xA945,0xB904,0xDC51,0xF6FB,0xDC92,0xD4D3,0xDDF7,0xF6FB,0xFEDA,0xED75,0xD9C7,0xEBEF,0xFEDA,0xFEFB,0xF6BA,0xED95,0xD24A,0xDB2D,0xE534,0xF637,0xDBAF,0xC9A8,0xEC71,0xDB2C,0xC924,0xC966,0xD208,0xE2EB,0xE410,0xE28B,0xD8C4,0xC904,0x738F,0x15FB,0x0DFA,0x0DFA,0x0DDA,0x0DDA,0x0DDA,0x0DFA,0x0DFA,0x0DFA,0x0DFA,0x0DFA,0x0DFA,0x0DFA,0x0DFA,0x0DFA,0x0DFA,0x0DFA,0x0DFA,0x0DFA,0x0DFA,0x0DFA,0x0DFA,0x0DFA,0x0DFA,0x0DFA,0x0DFA,0x0DFA,0x0DFA,0x0DFA,0x0DFA,0x0DFA,0x0DFA,0x0DFA,0x0DFA,0x0DFA,0x0DFA,0x0DFA,
0x0DFA,0x0DD9,0x35D5,0xD64B,0xFE68,0xFEAB,0xFF95,0xF754,0xEF11,0xF798,0xFFD9,0xFFB6,0xF6AA,0xEE8A,0xEE8E,0xEEAF,0xF68C,0xF648,0xF669,0xF628,0xEDA7,0xED25,0xECE4,0xECC4,0xE4C4,0xDCA4,0xD463,0xCC44,0xCC23,0xB424,0x548A,0x2573,0x0E39,0x0E39,0x3E7A,0x66BA,0x5E58,0x86FB,0xAF9E,0xAF7D,0x8F3C,0x66BB,0x3638,0x76FB,0xA79E,0x3618,0x25D7,0x2E18,0x2638,0x1DB7,0x0D15,0x0CD4,0x04B5,0x0C95,0x0C74,0x0C53,0x0412,0x0C12,0x0BF2,0x1414,0x355B,0x3DDD,0x3DFD,0x45FD,0x96FE,0xCFBF,0x8EDD,0x7E3B,0x965A,0xD79E,0x96BD,0x5DFD,0xBF7F,0xCFFF,0xB79F,0x663D,0x6E1C,0x765C,0x4DBB,0x2CDA,0x0C19,0x0BB8,0x03B8,0x03B8,0x0397,0x0396,0x0376,0x0376,0x0335,0x0334,0x0334,0x0313,0x02F2,0x02D3,0x02B2,0x128F,0x49EA,0xA9C7,0xF1E6,0xF1E6,0xEA06,0xDA67,0xE3AC,0xE32A,0xE288,0xDB6B,0xD34B,0xD2A9,0xEA25,0xEA05,0xE226,0xDAA9,0xE268,0xEA06,0xE1E6,0xE227,0xDA67,0xE226,0xD9A5,0xD145,0xC945,0xC925,0xD104,0xD0E3,0xD0E4,0xC8E5,0xD0E4,0xD0E3,0xD103,0xC8E4,0xD0E4,0xD0E4,0xD8E4,0xD8E4,0xD104,0xD124,0xD104,0xD0E4,0xD104,0xD0E4,0xD8C4,0xD8E4,0xD8E4,0xE0C4,0xE0C4,0xD8E4,0xD8E4,0xD905,0xD105,0xD105,0xD8E5,0xD905,0xD925,0xC924,0x738F,0x15FA,0x0DFA,0x0DFA,0x0DFA,0x0DFA,0x0DFA,0x0DFA,0x0DFA,0x0DFA,0x0DFA,0x0DFA,0x0DFA,0x0DFA,0x0DFA,0x0DFA,0x0DFA,0x0DFA,0x0DFA,0x0DFA,0x0DFA,0x0DFA,0x0DFA,0x0DFA,0x0DFA,0x0DFA,0x0DFA,0x0DFA,0x0DFA,0x0DFA,0x0DFA,0x0DFA,0x0DFA,0x0DFA,0x0DFA,0x0DFA,0x0DFA,0x0DFA,
0x05FB,0x0DDA,0x35F7,0xCE8D,0xF689,0xFE69,0xF6AC,0xF68B,0xF669,0xF64A,0xF64A,0xFE49,0xFE69,0xFE68,0xFE68,0xF668,0xFE48,0xFE48,0xFE28,0xFE28,0xF607,0xF5A6,0xED24,0xECC3,0xE4A4,0xDCA3,0xD483,0xCC63,0xC443,0xB424,0x7489,0x3552,0x063A,0x0619,0x1E19,0x3618,0x4E9A,0x467A,0x3E19,0x3E39,0x2619,0x0DF9,0x0DFA,0x0E1A,0x0E19,0x0E19,0x0E1A,0x0E1A,0x1619,0x0DF9,0x0DD8,0x0515,0x04B4,0x04B4,0x0493,0x0453,0x0432,0x0411,0x0BF1,0x1433,0x357C,0x3DDD,0x3DDD,0x3DDD,0x6EBD,0x9F3E,0x663D,0x6E5D,0x86BD,0x661C,0x4DDD,0x3DBD,0x3DDD,0x45DD,0x45BD,0x3DDD,0x3DBD,0x3DBD,0x3D9C,0x357C,0x24FC,0x03F9,0x03B8,0x03B8,0x0397,0x0396,0x0376,0x0356,0x0335,0x0334,0x0313,0x02F3,0x02D2,0x02D2,0x02B1,0x128F,0x41EA,0x99C7,0xF1E6,0xE9E5,0xE9E5,0xF1E6,0xF1C5,0xE9E5,0xE9E6,0xE9E6,0xF1C5,0xF1C5,0xE9E5,0xE9C5,0xE9C5,0xE9E5,0xE9E5,0xF1C5,0xE9E5,0xE9E5,0xE9C5,0xF1C5,0xE984,0xE124,0xD904,0xD8E4,0xD8E4,0xD103,0xD0E3,0xD8E4,0xD8E4,0xD904,0xD124,0xD104,0xD8E4,0xD904,0xD904,0xD104,0xD104,0xD104,0xD904,0xD8E4,0xD904,0xD104,0xD104,0xD104,0xD8E4,0xD8E4,0xD904,0xD904,0xD104,0xD104,0xD904,0xD904,0xD924,0xD124,0xD104,0xC924,0x738F,0x161A,0x0E1A,0x0DFA,0x0DFA,0x0DFA,0x0DFA,0x0DFA,0x0DFA,0x0DFA,0x0DFA,0x0DFA,0x0DFA,0x0DFA,0x0DFA,0x0DFA,0x0DFA,0x0DFA,0x0DFA,0x0DFA,0x0DFA,0x0DFA,0x0DFA,0x0DFA,0x0DFA,0x0DFA,0x0DFA,0x0DFA,0x0DFA,0x0DFA,0x0DFA,0x0DFA,0x0DFA,0x0DFA,0x0DFA,0x0DFA,0x0DFA,0x0DFA,
0x0DFB,0x05DA,0x2DF8,0xBE8F,0xEEAA,0xF668,0xFE68,0xFE49,0xFE49,0xFE49,0xFE49,0xFE49,0xFE49,0xFE48,0xFE48,0xFE48,0xFE28,0xFE29,0xFE29,0xFE28,0xF628,0xF628,0xEDA6,0xE504,0xE4C4,0xDC83,0xD483,0xCC63,0xC443,0xBC23,0x8C66,0x4551,0x0E1A,0x061A,0x0619,0x0E1A,0x0E19,0x0E19,0x0E19,0x0619,0x0619,0x0619,0x0DF9,0x0DF9,0x0DF9,0x0E19,0x0E19,0x0E1A,0x0E19,0x0DF9,0x0DD9,0x0DB8,0x0536,0x04D4,0x0493,0x0473,0x0452,0x0432,0x0C11,0x1433,0x35BB,0x3DFD,0x3DFE,0x3DDD,0x3DDD,0x3DDD,0x3DFD,0x35FD,0x35FD,0x3DFD,0x3DDD,0x3DDD,0x3DFD,0x35FD,0x35FD,0x35DD,0x35DD,0x35BC,0x359C,0x359C,0x2D5C,0x1CDA,0x0C19,0x0398,0x0397,0x0396,0x0376,0x0356,0x0335,0x0314,0x02F4,0x02F3,0x02D2,0x02D2,0x02B1,0x0A8F,0x31CB,0x99C8,0xF1E6,0xE9C5,0xE9C5,0xE9E6,0xE9E5,0xE9E5,0xE9E6,0xE9E5,0xE9E6,0xE9E6,0xF1C6,0xF1C5,0xE9C5,0xE9C5,0xE9C5,0xE9E5,0xE9E5,0xE9E5,0xE9E5,0xE9E6,0xE9E6,0xE9C5,0xD923,0xD104,0xD905,0xD904,0xD8E4,0xD8E4,0xD904,0xD8E4,0xD8E4,0xD104,0xD104,0xD904,0xD904,0xD0E4,0xD0E4,0xD8E4,0xD8E4,0xD8E4,0xD104,0xD0E4,0xD8E4,0xD904,0xD904,0xD904,0xD104,0xD104,0xD104,0xD104,0xD104,0xD8E4,0xD104,0xD104,0xD104,0xD104,0x738F,0x1DFA,0x0DFA,0x0DFA,0x0DFA,0x0DFA,0x0DFA,0x0DFA,0x0DFA,0x0DFA,0x0DFA,0x0DFA,0x0DFA,0x0DFA,0x0DFA,0x0DFA,0x0DFA,0x0DFA,0x0DFA,0x0DFA,0x0DFA,0x0DFA,0x0DFA,0x0DFA,0x0DFA,0x0DFA,0x0DFA,0x0DFA,0x0DFA,0x0DFA,0x0DFA,0x0DFA,0x0DFA,0x0DFA,0x0DFA,0x0DFA,0x0DFA,0x0DFA,
0x0DFB,0x0DDB,0x2DD9,0xA650,0xDE4B,0xFE49,0xFE48,0xFE48,0xFE29,0xFE49,0xFE49,0xFE49,0xFE49,0xFE49,0xFE49,0xFE48,0xFE48,0xFE49,0xFE28,0xFE28,0xF628,0xF628,0xF608,0xEDC7,0xE525,0xDCC4,0xD483,0xCC63,0xC423,0xBC23,0x9C03,0x550F,0x161A,0x0E1A,0x061A,0x0E1A,0x0E19,0x0E19,0x0E19,0x05F9,0x05F9,0x05F9,0x05F9,0x05F9,0x05F9,0x0DF9,0x0DF9,0x0E19,0x0E19,0x0DF9,0x0DD9,0x05B8,0x0577,0x0D36,0x04B4,0x0473,0x0452,0x0432,0x03F1,0x0C32,0x357A,0x3DDD,0x35DD,0x35DD,0x35DD,0x35DD,0x35DD,0x35DD,0x35DD,0x35DD,0x35DD,0x35DD,0x35DD,0x35DD,0x35DD,0x35DD,0x35BD,0x35BC,0x359C,0x359C,0x359C,0x2D7C,0x1CDA,0x0C19,0x03B8,0x0377,0x0376,0x0356,0x0355,0x0335,0x0314,0x02F3,0x02D3,0x02D2,0x02B1,0x0A70,0x31EB,0x91E8,0xF206,0xF1E6,0xF1C6,0xE9C5,0xE9C5,0xE9C5,0xE9C5,0xE9C5,0xE9C5,0xE9C5,0xE9C5,0xE9C5,0xF1C5,0xF1C5,0xF1C5,0xF1C5,0xF1C5,0xE9C5,0xE9C5,0xE9C5,0xE9E5,0xE9E5,0xE9C6,0xE165,0xD904,0xD8E4,0xD0E4,0xD0E4,0xD8E4,0xD8E4,0xD904,0xD8E4,0xD8E4,0xD8E4,0xD0E4,0xD0E4,0xD8E4,0xD8E4,0xD8E4,0xD8E4,0xD0E4,0xD8E4,0xD904,0xD8E4,0xD8E4,0xD8E4,0xD8E4,0xD904,0xD904,0xD904,0xD904,0xD904,0xD904,0xD904,0xD905,0xD105,0x7B6F,0x25F9,0x15FA,0x0DFA,0x0DFA,0x0DFA,0x0DFA,0x0DFA,0x0DFA,0x0DFA,0x0DFA,0x0DFA,0x0DFA,0x0DFA,0x0DFA,0x0DFA,0x0DFA,0x0DFA,0x0DFA,0x0DFA,0x0DFA,0x0DFA,0x0DFA,0x0DFA,0x0DFA,0x0DFA,0x0DFA,0x0DFA,0x0DFA,0x0DFA,0x0DFA,0x0DFA,0x0DFA,0x0DFA,0x0DFA,0x0DFA,0x0DFA,0x0DFA,
0x0DDB,0x0DDA,0x25D8,0x7DF0,0xCE0B,0xFE48,0xF648,0xFE48,0xFE49,0xFE49,0xFE48,0xFE48,0xFE49,0xFE49,0xFE49,0xFE49,0xFE48,0xFE48,0xFE28,0xFE28,0xF629,0xF608,0xF608,0xEDE8,0xE5C7,0xDD46,0xD4A4,0xCC63,0xC423,0xBC02,0xABE2,0x64ED,0x1E19,0x0E19,0x0619,0x0619,0x0E19,0x0E19,0x0619,0x05F9,0x05F9,0x05F9,0x05F9,0x05F9,0x05F9,0x0DF9,0x0DF9,0x0DF9,0x0DF9,0x0DD9,0x0DD9,0x0DB8,0x0D98,0x0D77,0x0D16,0x04B4,0x0472,0x0432,0x0411,0x0C12,0x1CB7,0x2D7B,0x35FD,0x35DD,0x35DD,0x35BD,0x35DD,0x35DD,0x35DD,0x35DD,0x35DD,0x35DD,0x35DD,0x35DD,0x35DD,0x35BD,0x35BD,0x35BD,0x35BC,0x359C,0x2D7C,0x2D7B,0x2D5B,0x251A,0x1438,0x03B7,0x0376,0x0376,0x0355,0x0335,0x0314,0x02F3,0x02D3,0x02D2,0x02B1,0x0A70,0x29EC,0x91E8,0xF1E6,0xF1C6,0xF1C6,0xE9C5,0xE9C5,0xE9C5,0xE9C5,0xE9C5,0xE9C5,0xE9C5,0xF1C5,0xE9C5,0xE9C5,0xE9C5,0xE9C5,0xF1C5,0xE9C5,0xE9C5,0xE9C5,0xF1E5,0xE9E5,0xE9E5,0xF1E5,0xE9A5,0xE185,0xD904,0xD0E4,0xD8E4,0xD8E4,0xD8E4,0xD904,0xD8E4,0xD8E4,0xD8E4,0xD8E4,0xD8E4,0xD8E4,0xD8E4,0xD8E4,0xD8E4,0xD904,0xD904,0xD904,0xD8E4,0xD8E4,0xD8E4,0xD8E4,0xD8E4,0xD904,0xD904,0xD904,0xD904,0xD904,0xD904,0xD904,0xD104,0x7B4F,0x25D9,0x15FA,0x0DFA,0x0DFA,0x0DFA,0x0DFA,0x0DFA,0x0DFA,0x0DFA,0x0DFA,0x0DFA,0x0DFA,0x0DFA,0x0DFA,0x0DFA,0x0DFA,0x0DFA,0x0DFA,0x0DFA,0x0DFA,0x0DFA,0x0DFA,0x0DFA,0x0DFA,0x0DFA,0x0DFA,0x0DFA,0x0DFA,0x0DFA,0x0DFA,0x0DFA,0x0DFA,0x0DFA,0x0DFA,0x0DFA,0x0DFA,0x0DFA,
0x0DFA,0x0DDA,0x15B9,0x5D91,0xB5EC,0xFE48,0xFE68,0xFE48,0xFE49,0xFE49,0xFE49,0xFE49,0xFE48,0xFE48,0xFE49,0xFE49,0xFE48,0xFE28,0xFE29,0xFE29,0xF629,0xF628,0xF608,0xEE08,0xEDE8,0xE5A7,0xDD66,0xCCA4,0xC443,0xBC02,0xB3E2,0x64CC,0x1DF8,0x0E19,0x061A,0x0E19,0x0DF9,0x0DF9,0x0DF9,0x05F9,0x0DF9,0x0DF9,0x05F9,0x05F9,0x0DF9,0x0DF9,0x0DF9,0x0DF9,0x0DF9,0x0DD9,0x0DD9,0x0DB8,0x0D98,0x0D97,0x0D77,0x0D16,0x0CD4,0x0453,0x0412,0x03F2,0x0C14,0x24F9,0x35DE,0x35DD,0x35DD,0x35DD,0x35DE,0x35DD,0x35DD,0x3DDD,0x35DD,0x35BD,0x35DD,0x35DD,0x35DD,0x35BD,0x35BD,0x35BC,0x359C,0x359C,0x357C,0x2D5B,0x2D5B,0x2D3A,0x251A,0x1478,0x0BB7,0x0376,0x0356,0x0335,0x0334,0x0313,0x02F3,0x02D2,0x02D1,0x0A90,0x222D,0x89E9,0xE9E5,0xF1C6,0xF1C5,0xE9C5,0xF1E5,0xE9C5,0xE9C5,0xE9C5,0xE9C5,0xF1C5,0xF1C5,0xF1C5,0xF1C5,0xF1E5,0xE9C5,0xE9C5,0xF1C5,0xE9C5,0xE9C5,0xF1C5,0xF1C5,0xF1E5,0xF1E5,0xF1C5,0xE9C5,0xE164,0xD904,0xD8E4,0xD904,0xD0E4,0xD0E4,0xD8E4,0xD8E4,0xD8E4,0xD8E4,0xD8E4,0xD904,0xD904,0xD8E4,0xD904,0xD904,0xD904,0xD904,0xD0E4,0xD904,0xD904,0xD904,0xD8E4,0xD8E4,0xD8E4,0xD8E4,0xD8E4,0xD904,0xD904,0xD904,0xD904,0x834E,0x25B9,0x15FA,0x0DFA,0x0DFA,0x0DFA,0x0DFA,0x0DFA,0x0DFA,0x0DFA,0x0DFA,0x0DFA,0x0DFA,0x0DFA,0x0DFA,0x0DFA,0x0DFB,0x0DFB,0x0DFA,0x0DFA,0x0DFA,0x0DFA,0x0DFA,0x0DFA,0x0DFA,0x0DFA,0x0DFA,0x0DFA,0x0DFA,0x0DFA,0x0DFA,0x0DFA,0x0DFA,0x0DFA,0x0DFA,0x0DFA,0x0DFA,0x0DFA,
0x0DFA,0x0DDA,0x15B9,0x3D53,0xA5CD,0xFE69,0xFE69,0xFE49,0xFE49,0xFE49,0xFE49,0xFE69,0xFE49,0xFE48,0xFE28,0xFE28,0xFE28,0xFE28,0xFE29,0xFE28,0xF628,0xF608,0xF608,0xEDE8,0xEDC8,0xE5A7,0xDD87,0xD527,0xC4A5,0xB423,0xB3E2,0x646A,0x1D33,0x0DF9,0x061A,0x0E19,0x0E19,0x0E19,0x0DF9,0x0DF9,0x0DD9,0x0DF9,0x0DF9,0x0DF9,0x0DF9,0x0DF9,0x0DF9,0x0DF9,0x0DF9,0x0DF9,0x0DD9,0x0DB8,0x0D98,0x0D97,0x0D77,0x0D36,0x0D16,0x0CD4,0x0453,0x03F1,0x03B2,0x1CB8,0x3DDE,0x3DDD,0x35DD,0x35DD,0x35DD,0x35DD,0x3DDD,0x3DDD,0x35BD,0x35BD,0x35DD,0x35DD,0x35DD,0x35BD,0x35BD,0x35BD,0x35BC,0x359C,0x357C,0x2D7C,0x2D5B,0x2D3A,0x2D3A,0x2D19,0x24B9,0x0BF7,0x0396,0x0356,0x0335,0x0314,0x02F3,0x02D2,0x02B2,0x0A90,0x222D,0x89E9,0xE9E6,0xF1C5,0xF1C5,0xE9C5,0xF1E5,0xF1C5,0xF1C5,0xE9C5,0xE9C5,0xF1C5,0xE9C5,0xE9C5,0xF1C5,0xE9C5,0xE9C5,0xE9C5,0xE9C5,0xE9C5,0xE9C5,0xE9C5,0xE9C5,0xE9C5,0xF1C5,0xF1C5,0xF1C5,0xF1C5,0xE164,0xD904,0xD8E4,0xD8E4,0xD904,0xD8E4,0xD8E4,0xD904,0xD8E4,0xD8E4,0xD904,0xD904,0xD904,0xD904,0xD904,0xD904,0xD904,0xD0E4,0xD8E4,0xD904,0xD904,0xD904,0xD904,0xD904,0xD904,0xD904,0xD904,0xD904,0xD904,0xD0E4,0x834E,0x2D98,0x1DDA,0x15FA,0x0DFA,0x0DFA,0x0DFA,0x0DFA,0x0DFA,0x0DFA,0x0DFA,0x0DFA,0x0DFA,0x0DFA,0x0DFA,0x0DFA,0x0DFA,0x0DFA,0x0DFA,0x0DFA,0x0DFA,0x0DFA,0x0DFA,0x0DFA,0x0DFA,0x0DFA,0x0DFA,0x0DFA,0x0DFA,0x0DFA,0x0DFA,0x0DFA,0x0DFA,0x0DFA,0x0DFA,0x0DFA,0x0DFA,0x0DFA,
0x05DA,0x05BA,0x0D99,0x2555,0x95CE,0xFE48,0xFE68,0xFE49,0xFE49,0xFE49,0xFE49,0xFE49,0xFE49,0xFE49,0xFE29,0xFE49,0xFE49,0xFE49,0xFE28,0xFE28,0xF628,0xF628,0xF608,0xEDE8,0xEDC7,0xE5A7,0xDD87,0xD567,0xCD26,0xC4E6,0xB423,0x6C48,0x1CB0,0x0DD8,0x061A,0x0E19,0x0E19,0x0DF9,0x0DF9,0x0DF9,0x0DF9,0x0DF9,0x0DFA,0x0DF9,0x0DF9,0x0DF9,0x0DF9,0x0DF9,0x0DF9,0x0DF9,0x0DD9,0x0DB9,0x0DB8,0x0D98,0x0D77,0x0D56,0x0D16,0x0CF5,0x0C94,0x0C53,0x03D2,0x1CB8,0x3DDE,0x35DD,0x35DD,0x35DD,0x35DD,0x35DD,0x35DD,0x3DDE,0x3DBD,0x35BD,0x35BD,0x35BD,0x35DD,0x35DE,0x35BD,0x35BD,0x359C,0x359C,0x359C,0x2D5C,0x2D5B,0x2D3B,0x2D3A,0x2519,0x24F9,0x24D8,0x1437,0x0BB6,0x0335,0x0314,0x02F3,0x02D2,0x02D2,0x0A90,0x1A2D,0x81E9,0xE9E6,0xF1C5,0xF1C5,0xE9C5,0xE9C5,0xE9C5,0xF1C5,0xE9C5,0xE9C5,0xE9C5,0xF1C5,0xF1C5,0xF1C5,0xF1C5,0xF1C5,0xF1C5,0xE9C5,0xE9C5,0xE9C5,0xE9C5,0xE9C5,0xE9C5,0xE9C5,0xE9C5,0xE9C5,0xF1C5,0xF1C5,0xE9A6,0xD924,0xD8E4,0xD8E4,0xD8E4,0xD8E4,0xD904,0xD8E4,0xD8E4,0xD904,0xD904,0xD904,0xD904,0xD904,0xD8E4,0xD8E4,0xD0E4,0xD8E4,0xD8E4,0xD904,0xD8E4,0xD8E4,0xD904,0xD904,0xD904,0xD904,0xD904,0xD904,0xD104,0x8B2E,0x3598,0x15FA,0x0DFB,0x0DFA,0x0DFA,0x0DFA,0x0DFA,0x0DFA,0x0DFA,0x0DFA,0x0DFA,0x0DFA,0x0DFA,0x0DFA,0x0DFA,0x0DFA,0x0DFA,0x0DFA,0x0DFA,0x0DFA,0x0DFA,0x0DFA,0x0DFA,0x0DFA,0x0DFA,0x0DFA,0x0DFA,0x0DFA,0x0DFA,0x0DFA,0x0DFA,0x0DFA,0x0DFA,0x0DFA,0x0DFA,0x0DFA,0x0DFA,
0x0DFA,0x0DDA,0x0DBA,0x1597,0x8DEF,0xFE68,0xFE68,0xFE48,0xFE48,0xFE49,0xFE49,0xFE49,0xFE49,0xFE49,0xFE49,0xFE49,0xFE49,0xFE49,0xFE29,0xFE28,0xF628,0xF628,0xF608,0xEDE8,0xEDC8,0xE5A7,0xDD87,0xD567,0xCD27,0xC506,0xBCA5,0x84A9,0x3D0F,0x15D8,0x0E19,0x0E19,0x0DF9,0x05F9,0x0DF9,0x0DF9,0x0DF9,0x0DF9,0x0DF9,0x0DF9,0x0DF9,0x0DF9,0x0DF9,0x0DF9,0x0E1A,0x0DF9,0x0DF9,0x0DD9,0x0DB8,0x0D98,0x0D77,0x0D56,0x0D36,0x0CF5,0x0CD4,0x0C94,0x0C53,0x24F9,0x3DDE,0x3DDE,0x35DD,0x35DD,0x35BD,0x35DD,0x3DDE,0x3DDE,0x3DDE,0x35DE,0x35DD,0x35BD,0x35BD,0x35BD,0x35BD,0x35BD,0x359C,0x359C,0x357C,0x2D7C,0x2D5B,0x2D3B,0x2D3A,0x2D19,0x24F9,0x24F8,0x24B8,0x1C77,0x13D6,0x0B54,0x02F3,0x02F2,0x02D1,0x0A90,0x122E,0x820A,0xE9E6,0xF1C6,0xF1C5,0xF1C5,0xF1C5,0xE9C5,0xE9C5,0xE9C5,0xE9C5,0xE9C5,0xE9C5,0xF1C5,0xF1E5,0xF1C5,0xF1C5,0xF1C5,0xF1C5,0xE9C5,0xE9C5,0xF1C5,0xF1C5,0xF1C5,0xF1C5,0xF1C5,0xF1C5,0xF1C5,0xF1C5,0xF1E5,0xF1E6,0xE165,0xD8E4,0xD8E4,0xD8E4,0xD904,0xD8E4,0xD8E4,0xD904,0xD0E4,0xD8E4,0xD904,0xD904,0xD8E4,0xD8E4,0xD904,0xD8E4,0xD8E4,0xD904,0xD8E4,0xD8E4,0xD904,0xD904,0xD904,0xD904,0xD904,0xD904,0xD0E4,0x8B2E,0x3598,0x15FA,0x0DFB,0x0DFB,0x0DFB,0x0DFA,0x0DFA,0x0DFA,0x0DFA,0x0DFA,0x0DFA,0x0DFA,0x0DFA,0x0DFA,0x0DFA,0x0DFA,0x0DFA,0x0DFA,0x0DFA,0x0DFA,0x0DFA,0x0DFA,0x0DFA,0x0DFA,0x0DFA,0x0DFA,0x0DFA,0x0DFA,0x0DFA,0x0DFA,0x0DFA,0x0DFA,0x0DFA,0x0DFA,0x0DFA,0x0DFA,0x0DFA,
0x0DFA,0x0DDA,0x0DBA,0x1599,0x8611,0xF669,0xFE48,0xFE48,0xFE49,0xFE49,0xFE49,0xFE49,0xFE49,0xFE49,0xFE49,0xFE49,0xFE49,0xFE49,0xFE28,0xFE28,0xF628,0xF628,0xF608,0xEDE8,0xE5C8,0xE5A8,0xDD87,0xD567,0xCD27,0xC506,0xBCC5,0x94E8,0x652E,0x1DD7,0x0DFA,0x0DFA,0x0E1A,0x0DF9,0x0DF9,0x0DF9,0x0DF9,0x0DF9,0x0DF9,0x0DF9,0x0DF9,0x0DF9,0x0DF9,0x05F9,0x05F9,0x05F9,0x0DF9,0x0DD9,0x0DD8,0x0DB8,0x0D98,0x0D57,0x0D36,0x04F5,0x04D4,0x0CB4,0x0C73,0x2518,0x3DDE,0x3DDE,0x35DE,0x35DE,0x35DE,0x35DE,0x3DDE,0x3DDD,0x3DDD,0x35DE,0x35DE,0x35BD,0x35BD,0x35BD,0x35BD,0x35BD,0x359C,0x359C,0x357C,0x357C,0x2D5B,0x2D5B,0x2D3A,0x2D3A,0x2519,0x24F9,0x24D8,0x24B8,0x2497,0x1C36,0x0BB5,0x02F3,0x02B1,0x0290,0x124F,0x820A,0xE9E5,0xF1C5,0xF1C5,0xE9C5,0xF1C5,0xF1C5,0xF1C5,0xF1C5,0xF1C5,0xF1C5,0xE9E6,0xE9E5,0xF1C5,0xF1C5,0xF1C5,0xF1C5,0xF1C5,0xE9C5,0xE9C5,0xE9C5,0xE9C5,0xE9C5,0xF1C5,0xF1C5,0xF1C5,0xF1C5,0xE9C5,0xE9C5,0xF1E5,0xE9C5,0xE185,0xD104,0xD0E4,0xD8E4,0xD904,0xD904,0xD904,0xD904,0xD904,0xD8E4,0xD904,0xD8E4,0xD8E4,0xD8E4,0xD8E4,0xD8E4,0xD8E4,0xD8E4,0xD8E4,0xD8E4,0xD904,0xD904,0xD104,0xD104,0xD104,0xD905,0x930D,0x3D57,0x15FA,0x0E1B,0x0DFB,0x0DFA,0x0DFA,0x0DFA,0x0DFA,0x0DFA,0x0DFA,0x0DFA,0x0DFA,0x0DFA,0x0DFA,0x0DFA,0x0DFA,0x0DFA,0x0DFA,0x0DFA,0x0DFA,0x0DFA,0x0DFA,0x0DFA,0x0DFA,0x0DFA,0x0DFA,0x0DFA,0x0DFA,0x0DFA,0x0DFA,0x0DFA,0x0DFA,0x0DFA,0x0DFA,0x0DFA,0x0DFA,0x0DFA,
0x05FB,0x0DDA,0x0D9A,0x0D99,0x7E12,0xF68B,0xFE69,0xFE48,0xFE49,0xFE49,0xFE49,0xFE49,0xFE49,0xFE49,0xFE49,0xFE49,0xFE49,0xFE49,0xFE29,0xFE28,0xF628,0xF608,0xF608,0xEDE8,0xE5C8,0xE5A7,0xDD87,0xD567,0xCD27,0xC506,0xBCE6,0xACE7,0x852C,0x25D7,0x0DFA,0x0E1A,0x0E1A,0x05F9,0x0DF9,0x05F9,0x05F9,0x05F9,0x0DF9,0x0DF9,0x0DF9,0x0DF9,0x0DF9,0x0DF9,0x0DF9,0x0DF9,0x0DD9,0x05D9,0x05B8,0x0D98,0x0D77,0x0D57,0x0D36,0x0D15,0x0CF5,0x0CB4,0x0493,0x2538,0x3DDD,0x3DDE,0x35DE,0x35DE,0x35DE,0x35DE,0x35DE,0x35DE,0x35DD,0x35DD,0x35BE,0x35BD,0x35BD,0x35BD,0x35BD,0x35BD,0x35BD,0x359C,0x357C,0x357C,0x2D5B,0x2D5B,0x2D3A,0x2D1A,0x2D19,0x24F9,0x24D8,0x24B8,0x2497,0x2497,0x1C56,0x13F5,0x0B33,0x02B1,0x0A6F,0x7A2A,0xE9E6,0xF1C5,0xF1C5,0xF1C5,0xE9C5,0xE9C5,0xE9C5,0xE9C5,0xE9C5,0xE9E5,0xE9C5,0xE9C5,0xE9C5,0xF1C5,0xE9C5,0xE9A5,0xF1C5,0xF1C5,0xF1C5,0xE9C5,0xE9C5,0xE9C5,0xF1C5,0xE9C5,0xE9C5,0xF1C5,0xF1C5,0xF1C5,0xE9C5,0xE9C5,0xE9C5,0xE9A5,0xE145,0xD0E4,0xD8E4,0xD8E4,0xD904,0xD904,0xD8E4,0xD8E4,0xD904,0xD8E4,0xD8E4,0xD8E4,0xD8E4,0xD8E4,0xD904,0xD904,0xD8E4,0xD904,0xD904,0xD904,0xD104,0xD104,0xD904,0xD905,0x92ED,0x4536,0x15DA,0x0DFA,0x0DFA,0x0DDA,0x0DFA,0x0DFA,0x0DFA,0x0DFA,0x0DFA,0x0DFA,0x0DFA,0x0DFA,0x0DFA,0x0DFA,0x0DFA,0x0DFA,0x0DFA,0x0DFA,0x0DFA,0x0DFA,0x0DFA,0x0DFA,0x0DFA,0x0DFA,0x0DFA,0x0DFA,0x0DFA,0x0DFA,0x0DFA,0x0DFA,0x0DFA,0x0DFA,0x0DFA,0x0DFA,0x0DFA,0x0DFA,
0x0DFB,0x0DDA,0x0DBA,0x0D9A,0x7614,0xE68D,0xF669,0xFE49,0xFE49,0xFE48,0xFE49,0xFE49,0xFE49,0xFE49,0xFE49,0xFE49,0xFE49,0xFE49,0xFE29,0xFE28,0xF628,0xF608,0xF608,0xF5E8,0xEDE8,0xE5C8,0xDDA7,0xD567,0xCD47,0xC507,0xC4E6,0xB4C6,0x94E9,0x2DF6,0x0E1A,0x0DFA,0x0E1A,0x0E1A,0x0E1A,0x0E1A,0x0DFA,0x0DFA,0x0DF9,0x0DF9,0x0E1A,0x0DF9,0x0DF9,0x0DF9,0x0DF9,0x0DF9,0x05D9,0x0DD9,0x0DB8,0x0DB8,0x0D98,0x0D77,0x0D56,0x0D36,0x0CF5,0x0CD4,0x0CB4,0x1D17,0x359C,0x3DDE,0x3DDE,0x3DDD,0x3DDE,0x35DE,0x35DE,0x35DD,0x35DD,0x3DDD,0x35DE,0x35DE,0x35DD,0x35BD,0x35BD,0x35BD,0x35BD,0x359C,0x359C,0x357C,0x2D5B,0x2D3B,0x2D3A,0x2D1A,0x2D19,0x24F9,0x24D8,0x24B8,0x24B7,0x2496,0x1C76,0x1C56,0x1C15,0x13B4,0x0AB0,0x7A2B,0xE9E6,0xF1C6,0xF1C5,0xF1C5,0xE9C5,0xE9C5,0xE9C5,0xE9C5,0xE9C5,0xF1C5,0xE9C5,0xE9C5,0xE9C5,0xF1C5,0xF1C5,0xF1C5,0xE9C5,0xE9C5,0xE9C5,0xF1C5,0xF1C5,0xE9C5,0xE9C5,0xE9C5,0xE9C5,0xF1C5,0xF1C5,0xF1C5,0xF1C5,0xF1C5,0xF1C5,0xE9E5,0xE9C5,0xE985,0xD924,0xD904,0xD905,0xD904,0xD904,0xD904,0xD8E4,0xD8E4,0xD8E4,0xD904,0xD904,0xD904,0xD904,0xD904,0xD905,0xD904,0xD904,0xD104,0xD904,0xD904,0xD904,0xD0E4,0x9ACC,0x4CF6,0x1DB9,0x0DFA,0x0DFA,0x0DFA,0x0DFA,0x0DFA,0x0DFA,0x0DFA,0x0DFA,0x0DFA,0x0DFA,0x0DFA,0x0DFA,0x0DFA,0x0DFA,0x0DFA,0x0DFA,0x0DFA,0x0DFA,0x0DFA,0x0DFA,0x0DFA,0x0DFA,0x0DFA,0x0DFA,0x0DFA,0x0DFA,0x0DFA,0x0DFA,0x0DFA,0x0DFA,0x0DFA,0x0DFA,0x0DFA,0x0DFA,0x0DFA,
0x0DDB,0x05DB,0x05DA,0x0DBA,0x5DF4,0xBE4E,0xEE6A,0xFE49,0xFE49,0xFE49,0xFE49,0xFE49,0xFE49,0xFE49,0xFE49,0xFE49,0xFE29,0xFE29,0xFE29,0xFE29,0xF629,0xF628,0xF608,0xEDE8,0xEDE8,0xE5C8,0xDDA8,0xDD87,0xD566,0xCD26,0xC505,0xBCE5,0x9CE8,0x35B4,0x0DF9,0x0DFA,0x0E1A,0x05F9,0x05F9,0x0DF9,0x0DF9,0x0DF9,0x0E1A,0x0DF9,0x0DF9,0x0DF9,0x0DF9,0x0DF9,0x0E19,0x0DF9,0x0DF9,0x05D9,0x05B9,0x0DB8,0x0D98,0x0D77,0x0D57,0x0D56,0x0D15,0x0CF5,0x04D4,0x0C95,0x1CB8,0x359D,0x3DDE,0x3DDD,0x3DDD,0x35DD,0x35DD,0x35DE,0x35DD,0x3DDD,0x35DE,0x35DE,0x35DE,0x35DD,0x35DD,0x35BD,0x35BD,0x359C,0x359C,0x357C,0x357C,0x355B,0x2D5B,0x2D3A,0x2D1A,0x2D19,0x24F9,0x24D8,0x24B7,0x2497,0x2476,0x2455,0x1C35,0x1BF4,0x23B3,0x82CC,0xE206,0xE9E6,0xF1C6,0xF1C6,0xF1C5,0xF1C5,0xF1C5,0xF1C5,0xF1C5,0xF1C5,0xF1C5,0xF1C5,0xF1C5,0xF1C5,0xF1C5,0xF1C5,0xF1C5,0xF1C5,0xF1E5,0xF1E5,0xF1C5,0xF1C5,0xE9C5,0xE9C5,0xE9C5,0xF1C5,0xF1C5,0xF1C5,0xF1C5,0xF1C5,0xF1C5,0xF1C5,0xF1C5,0xE9C5,0xE9A5,0xE145,0xD904,0xD904,0xD904,0xD904,0xD904,0xD8E4,0xD8E4,0xD904,0xD904,0xD904,0xD904,0xD904,0xD904,0xD904,0xD904,0xD904,0xD904,0xD904,0xD904,0xD904,0xA2CC,0x5CF5,0x1DD9,0x0DFA,0x0DFB,0x15FA,0x15FA,0x0DFA,0x0DFA,0x0DFA,0x0DFA,0x0DFA,0x0DFA,0x0DFA,0x0DFA,0x0DFA,0x0DFA,0x0DFA,0x0DFA,0x0DFA,0x0DFA,0x0DFA,0x0DFA,0x0DFA,0x0DFA,0x0DFA,0x0DFA,0x0DFA,0x0DFA,0x0DFA,0x0DFA,0x0DFA,0x0DFA,0x0DFA,0x0DFA,0x0DFA,0x0DFA,0x0DFA,
0x0DFB,0x0DFB,0x0DDA,0x0DBA,0x45D5,0x960F,0xE64A,0xFE49,0xFE49,0xFE49,0xFE49,0xFE49,0xFE49,0xFE49,0xFE49,0xFE49,0xFE49,0xFE49,0xFE49,0xFE29,0xF629,0xF628,0xF628,0xF608,0xEDE8,0xE5C8,0xE5A8,0xDD87,0xD567,0xCD46,0xC506,0xBCE5,0xA4C8,0x3572,0x15D7,0x061A,0x0E1A,0x0E19,0x0E1A,0x0DF9,0x0DF9,0x0DF9,0x0DF9,0x0DF9,0x0DF9,0x0DF9,0x0DF9,0x0DF9,0x0DF9,0x0DF9,0x0DF9,0x0DF9,0x0DD9,0x0DB8,0x0DB8,0x0D98,0x0D77,0x0556,0x0D36,0x0D15,0x0CD4,0x0C74,0x1476,0x357C,0x3DDE,0x3DDE,0x3DDE,0x3DDE,0x3DDE,0x3DDD,0x3DDE,0x3DDE,0x3DDE,0x35DE,0x35DE,0x3DDD,0x35DD,0x35DD,0x359D,0x359C,0x359C,0x359C,0x357C,0x355B,0x355B,0x2D3A,0x2D1A,0x2519,0x24F9,0x24D8,0x24B7,0x2497,0x2476,0x2455,0x2435,0x2414,0x23D3,0x82EC,0xE206,0xE9E6,0xF1C6,0xF1C6,0xF1C5,0xF1C5,0xF1C5,0xF1C5,0xE9C5,0xE9C5,0xE9C5,0xE9C5,0xF1C5,0xE9C5,0xE9C5,0xF1C5,0xF1C5,0xF1C5,0xF1C5,0xE9C5,0xE9C5,0xE9C5,0xE9C5,0xE9C5,0xF1E5,0xF1C5,0xE9C5,0xE9C5,0xF1C5,0xE9C5,0xE9C5,0xF1C5,0xE9C5,0xE9C5,0xF1E5,0xE9C5,0xE985,0xD924,0xD904,0xD8E4,0xD904,0xD904,0xD8E4,0xD904,0xD904,0xD904,0xD925,0xD905,0xD904,0xD904,0xD904,0xD904,0xD904,0xD904,0xD904,0xD8E5,0xA2CD,0x6516,0x1DDA,0x0E1A,0x0DFA,0x0DFA,0x0DFA,0x0DFA,0x0DFA,0x0DFA,0x0DFA,0x0DFA,0x0DFA,0x0DFA,0x0DFA,0x0DFA,0x0DFA,0x0DFA,0x0DFA,0x0DFA,0x0DFA,0x0DFA,0x0DFA,0x0DFA,0x0DFA,0x0DFA,0x0DFA,0x0DFA,0x0DFA,0x0DFA,0x0DFA,0x0DFA,0x0DFA,0x0DFA,0x0DFA,0x0DFA,0x0DFA,0x0DFA,
0x0DFB,0x0DFB,0x0DDA,0x0DBA,0x2D95,0x758F,0xE64A,0xFE69,0xFE49,0xFE49,0xFE49,0xFE49,0xFE49,0xFE49,0xFE49,0xFE49,0xFE49,0xFE49,0xFE49,0xFE49,0xFE49,0xF629,0xF629,0xF628,0xEE08,0xEDE8,0xE5C8,0xDDA7,0xD567,0xCD47,0xCD07,0xC4E6,0xA4C7,0x2C6C,0x0D34,0x061A,0x0E1A,0x0DF9,0x0DF9,0x0DFA,0x0DF9,0x0DF9,0x0DF9,0x0DF9,0x0DF9,0x0DF9,0x0DF9,0x0DF9,0x0DF9,0x0DF9,0x0DF9,0x05F9,0x05D9,0x0DD9,0x0DB8,0x0D98,0x0D77,0x0D57,0x0D56,0x0D36,0x0CF5,0x0C95,0x1496,0x359C,0x3DDE,0x3DDE,0x3DDE,0x3DDE,0x3DDE,0x3DDE,0x3DDE,0x3DDE,0x35DD,0x35DD,0x3DDE,0x3DDD,0x35DD,0x35DD,0x35BD,0x35BC,0x359C,0x359C,0x357C,0x357B,0x355B,0x2D3A,0x2D3A,0x2D1A,0x24F9,0x24D8,0x24B8,0x2497,0x2476,0x2455,0x1C35,0x1C14,0x1BF3,0x7B0D,0xE227,0xF1C6,0xF1C5,0xF1E5,0xF1C5,0xF1C5,0xF1C5,0xF1C5,0xE9C5,0xE9C5,0xF1C5,0xF1C5,0xF1C5,0xF1C5,0xF1C5,0xF1C5,0xF1E5,0xF1C5,0xF1C5,0xF1C5,0xF1C5,0xF1C5,0xF1C5,0xF1C5,0xF1E5,0xF1E5,0xF1C5,0xF1C5,0xE9C5,0xF1C5,0xF1C5,0xE9C5,0xF1C5,0xF1C5,0xF1E5,0xF1C5,0xF1C5,0xE9A5,0xE145,0xD904,0xD904,0xD904,0xD904,0xD904,0xD905,0xD925,0xD905,0xD904,0xD904,0xD904,0xD904,0xD904,0xD904,0xD904,0xD904,0xD8E4,0xAACC,0x74F5,0x1DD9,0x0E1B,0x0DFB,0x0DFB,0x0DFA,0x0DFA,0x0DFA,0x0DFA,0x0DFA,0x0DFA,0x0DFA,0x0DFA,0x0DFA,0x0DFA,0x0DFA,0x0DFA,0x0DFA,0x0DFA,0x0DFA,0x0DFA,0x0DFA,0x0DFA,0x0DFA,0x0DFA,0x0DFA,0x0DFA,0x0DFA,0x0DFA,0x0DFA,0x0DFA,0x0DFA,0x0DFA,0x0DFA,0x0DFA,0x0DFA,0x0DFA,
0x0E1B,0x0DFB,0x0DDB,0x0DBA,0x1D77,0x5571,0xDE2A,0xFE48,0xFE48,0xFE49,0xFE49,0xFE49,0xFE49,0xFE49,0xFE49,0xFE49,0xFE49,0xFE49,0xFE49,0xFE49,0xFE49,0xFE28,0xF628,0xF628,0xF608,0xEDE8,0xE5E8,0xDDA8,0xD587,0xD567,0xCD47,0xC506,0xACE7,0x54CC,0x2573,0x0E19,0x05F9,0x05F9,0x05F9,0x05F9,0x0DF9,0x0E19,0x0DF9,0x0DF9,0x0DF9,0x0E19,0x0E19,0x0E19,0x0619,0x0619,0x0E19,0x05F9,0x05D9,0x0DD9,0x0DB8,0x05B8,0x0597,0x0D77,0x0D56,0x0D36,0x0CF5,0x0CD6,0x14D7,0x359C,0x3DDE,0x3DDE,0x3DDE,0x3DDE,0x3DDD,0x35DD,0x3DDE,0x3DDE,0x35DE,0x35DE,0x35DE,0x35DE,0x35DD,0x35DD,0x35BD,0x35BC,0x35BC,0x359C,0x359C,0x357C,0x2D5B,0x2D5B,0x2D3A,0x2D1A,0x24F9,0x24D8,0x24B8,0x2497,0x2497,0x1C76,0x1C55,0x1C34,0x1C14,0x7B2E,0xDA48,0xF206,0xF1C5,0xF1C5,0xF1C5,0xF1C5,0xF1C5,0xE9C5,0xF1C5,0xF1E6,0xF1E6,0xF1E6,0xF1E6,0xF1E5,0xF1C5,0xF1C5,0xF1C5,0xF1C5,0xF1C5,0xF1E5,0xF1C5,0xF1C5,0xF1C5,0xE9C5,0xE9C5,0xE9C5,0xE9C5,0xF1E5,0xF1E6,0xF1E6,0xF1E5,0xF1C5,0xF1C5,0xF1C5,0xF1C5,0xE9C5,0xE9E5,0xE9C5,0xE9C5,0xE985,0xD924,0xD904,0xD905,0xD925,0xD925,0xD925,0xD925,0xD904,0xD904,0xD904,0xD904,0xD904,0xD904,0xD904,0xD904,0xD904,0xB2CB,0x7CD4,0x25D9,0x0E1B,0x0DFB,0x0DFB,0x0DFB,0x0DFB,0x0DFA,0x0DFA,0x0DFA,0x0DFA,0x0DFA,0x0DFA,0x0DFA,0x0DFA,0x0DFA,0x0DFA,0x0DFA,0x0DFA,0x0DFA,0x0DFA,0x0DFA,0x0DFA,0x0DFA,0x0DFA,0x0DFA,0x0DFA,0x0DFA,0x0DFA,0x0DFA,0x0DFA,0x0DFA,0x0DFA,0x0DFA,0x0DFA,0x0DFA,0x0DFA,
0x0DFB,0x0DDA,0x0DBA,0x0DBA,0x1578,0x4593,0xD62A,0xFE48,0xFE48,0xFE49,0xFE49,0xFE49,0xFE49,0xFE49,0xFE49,0xFE49,0xFE48,0xFE48,0xFE28,0xFE28,0xFE28,0xF628,0xF608,0xF608,0xF608,0xEDE8,0xEDC8,0xE5A8,0xDD87,0xD567,0xCD27,0xC507,0xB507,0x750B,0x3D93,0x0E1A,0x0E19,0x0DF9,0x0DF9,0x0DF9,0x05F9,0x05F9,0x0DF9,0x0DF9,0x0DF9,0x0DF9,0x0DF9,0x0E19,0x0619,0x0E1A,0x0E1A,0x0DF9,0x0DF9,0x0DD9,0x05D8,0x05B8,0x0D98,0x0D77,0x0D56,0x0D36,0x0D16,0x0CF5,0x1CF6,0x35BC,0x3DDE,0x3DDE,0x3DDE,0x3DDE,0x3DDD,0x35DD,0x35DD,0x35DD,0x35DD,0x35DD,0x35DE,0x35DD,0x35DD,0x35DD,0x35BD,0x35BC,0x35BC,0x35BC,0x359C,0x357C,0x2D5B,0x2D5A,0x2D3A,0x2D1A,0x2CF9,0x24D8,0x24D8,0x24B7,0x2497,0x2476,0x1C55,0x1C55,0x2434,0x7B2E,0xDA47,0xF206,0xF1C5,0xF1C5,0xF1C5,0xF1C5,0xE9C5,0xF1C5,0xF1C5,0xF1E5,0xF1C5,0xF1C5,0xF1C5,0xF1E5,0xF1C5,0xF1C5,0xE9C5,0xE9C5,0xF1C5,0xE9C5,0xE9C5,0xE9E5,0xE9C5,0xE9C5,0xE9E5,0xF1E5,0xF1E5,0xF1E5,0xF1E5,0xF1E5,0xF1E5,0xE9C5,0xF1C5,0xF1E5,0xF1C5,0xF1C5,0xF1C5,0xF1C5,0xE9C5,0xE9C5,0xE9C5,0xE165,0xD904,0xD904,0xD904,0xD904,0xD904,0xD904,0xD904,0xD904,0xD904,0xD904,0xD904,0xD904,0xD904,0xD904,0xBACC,0x84D4,0x25B9,0x0DFB,0x0DFB,0x0DFB,0x0DFA,0x0DFA,0x0DFA,0x0DFA,0x0DFA,0x0DFA,0x0DFA,0x0DFA,0x0DFA,0x0DFA,0x0DFA,0x0DFA,0x0DFA,0x0DFA,0x0DFA,0x0DFA,0x0DFA,0x0DFA,0x0DFA,0x0DFA,0x0DFA,0x0DFA,0x0DFA,0x0DFA,0x0DFA,0x0DFA,0x0DFA,0x0DFA,0x0DFA,0x0DFA,0x0DFA,0x0DFA,
0x05FB,0x0DDA,0x0DDA,0x0DBA,0x0DB9,0x3DD6,0xCE4B,0xFE49,0xFE48,0xFE49,0xFE49,0xFE49,0xFE49,0xFE48,0xFE28,0xFE29,0xFE29,0xFE29,0xFE09,0xFE29,0xFE28,0xFE29,0xFE08,0xF608,0xF5E7,0xEE08,0xEE09,0xE5C8,0xDD88,0xD568,0xD526,0xC527,0xB508,0x952B,0x4D92,0x0DF9,0x0E19,0x0E19,0x0E19,0x0E19,0x0619,0x0619,0x05FA,0x0619,0x0E19,0x0E19,0x0DF9,0x0DF9,0x0619,0x0619,0x061A,0x0DFA,0x0DF9,0x0DF9,0x05D9,0x0DD8,0x15B7,0x1D76,0x1D55,0x1555,0x0D36,0x1D36,0x3558,0x3DDC,0x3DFE,0x3DFE,0x3DDE,0x3DDE,0x3DDD,0x35DD,0x35DD,0x35BD,0x35DD,0x35DD,0x35DE,0x35DD,0x35DD,0x35DD,0x35BD,0x35BD,0x35BD,0x35BC,0x359C,0x357B,0x355B,0x2D3A,0x353A,0x351A,0x2D19,0x24F9,0x24D8,0x2CD7,0x34B7,0x3476,0x2C75,0x3495,0x3CD5,0x8BAF,0xDA68,0xE9E6,0xF1C5,0xF1C5,0xF1C5,0xF1C5,0xE9C5,0xE9C5,0xE9C5,0xF1C5,0xF1C5,0xF1C5,0xF1C5,0xF1C5,0xF1C5,0xE9C5,0xF1C5,0xF1C5,0xF1C5,0xE9E5,0xE9E5,0xE9E5,0xE9E5,0xE9E5,0xF1E5,0xF1E6,0xF1E5,0xF1C5,0xF1E5,0xF1C5,0xF1C5,0xE9C5,0xE9C5,0xF1E5,0xF1C5,0xF1C5,0xE9C5,0xF1C5,0xF1C5,0xF1C5,0xF1C5,0xF1C5,0xE9A6,0xD924,0xD904,0xD905,0xD904,0xD904,0xD905,0xD904,0xD904,0xD904,0xD8E4,0xD8E4,0xD904,0xD8E4,0xC2AB,0x94B3,0x2DB9,0x0DFA,0x0DFA,0x0DFB,0x0DFB,0x0DFA,0x0DFA,0x0DFA,0x0DFA,0x0DFA,0x0DFA,0x0DFA,0x0DFA,0x0DFA,0x0DFA,0x0DFA,0x0DFA,0x0DFA,0x0DFA,0x0DFA,0x0DFA,0x0DFA,0x0DFA,0x0DFA,0x0DFA,0x0DFA,0x0DFA,0x0DFA,0x0DFA,0x0DFA,0x0DFA,0x0DFA,0x0DFA,0x0DFA,0x0DFA,0x0DFA,
0x0DFB,0x0DDB,0x0DDA,0x0DBA,0x0DBA,0x2DD7,0xCE6D,0xFE6A,0xFE28,0xFE48,0xFE48,0xFE68,0xF648,0xF669,0xF669,0xFE69,0xF66A,0xF64A,0xFE28,0xFE28,0xF649,0xF68C,0xFECD,0xF6EE,0xF68D,0xEE6D,0xE62D,0xDDC9,0xDDCA,0xDDAB,0xD548,0xCD28,0xC54A,0xBDAD,0x65F4,0x0DFA,0x0E19,0x05F9,0x05F9,0x05F9,0x0E19,0x0E1A,0x061A,0x0E1A,0x0E1A,0x0E19,0x0DF9,0x0DF9,0x0E19,0x15F8,0x15F8,0x0E19,0x369B,0x56FB,0x3618,0x4E7A,0x66FB,0x2DD7,0x1D55,0x1535,0x0D35,0x3DD8,0x667C,0x4DFD,0x3DDD,0x35DE,0x35DD,0x35DD,0x35FD,0x35DD,0x35BC,0x3D9C,0x3DBD,0x35DD,0x35DD,0x35BE,0x35DD,0x35DD,0x2DDC,0x35DC,0x3DBC,0x3D9C,0x3D7C,0x457C,0x4D9A,0x455A,0x457A,0x76BD,0x55FB,0x24D8,0x2CD7,0x3CB6,0x4475,0x3C33,0x4C94,0x5516,0x44B6,0x836E,0xD227,0xE9E6,0xF1E6,0xF1E6,0xF1C5,0xF1C5,0xF1C5,0xF1E5,0xF1E5,0xF1C5,0xE9C5,0xF1C5,0xF1E5,0xF1C5,0xF1C5,0xF1C5,0xE9E5,0xE9E5,0xE9E5,0xE9C5,0xE9C5,0xF1C5,0xF1C5,0xF1C5,0xF1E5,0xE9C5,0xE9C5,0xE9C5,0xF1C5,0xF1C5,0xF1C5,0xF1C5,0xF1C5,0xF1E5,0xE9E5,0xF1C5,0xF1C5,0xF1C5,0xF1C5,0xF1C5,0xF1C5,0xF1E5,0xF1E5,0xF1E6,0xE985,0xD924,0xD904,0xD904,0xD924,0xD904,0xD904,0xD904,0xD904,0xD904,0xD904,0xD8E4,0xC28B,0x9C93,0x2DB9,0x0DFA,0x0DFB,0x0DFB,0x0DFA,0x0DFA,0x0DFA,0x0DFA,0x0DFA,0x0DFA,0x0DFA,0x0DFA,0x0DFA,0x0DFA,0x0DFA,0x0DFA,0x0DFA,0x0DFA,0x0DFB,0x0DFA,0x0DFA,0x0DFA,0x0DFA,0x0DFA,0x0DFA,0x0DFA,0x0DFA,0x0DFA,0x0DFA,0x0DFA,0x0DFA,0x0DFA,0x0DFA,0x0DFA,0x0DFA,0x0DFA,
0x0DFB,0x0DDB,0x0DDA,0x0DBA,0x05BA,0x2DD7,0xB66E,0xEE6A,0xFE49,0xF68A,0xF68A,0xF68A,0xFECD,0xF6AD,0xF68C,0xEE6B,0xEE8D,0xF6AE,0xF669,0xF649,0xEE4A,0xEE6D,0xEE6D,0xEE8D,0xFECE,0xF68E,0xEE2C,0xDDC9,0xDDA9,0xDDA9,0xDD68,0xD547,0xC527,0xB4E6,0x656F,0x0E18,0x05F9,0x0DF9,0x0DD9,0x0DD8,0x1E19,0x2659,0x1619,0x2E59,0x4EBA,0x5F1B,0x469A,0x25F8,0x0DF9,0x2E39,0x56BA,0x56DB,0x5EDB,0x6679,0x35B6,0x3DD7,0x4618,0x2DF8,0x2597,0x1D36,0x0D56,0x1515,0x1CF5,0x357A,0x359C,0x35BD,0x35DD,0x35DD,0x35DD,0x35BD,0x3DBC,0x459C,0x457B,0x459B,0x45DC,0x563D,0x461D,0x35DC,0x3DBC,0x4DFC,0x665C,0x663C,0x7EBD,0x86FD,0x6E1A,0x5579,0x453A,0x5DBA,0x455A,0x2CD8,0x2CF8,0x3D19,0x4D19,0x3496,0x34B6,0x3CD6,0x2C75,0x736F,0xCA69,0xE9E6,0xF1C5,0xF1C6,0xF1C6,0xF1C5,0xF1C5,0xF1C5,0xF1E5,0xE9E5,0xE9E5,0xF1E5,0xF1C5,0xF1C5,0xF1C5,0xF1C5,0xF1C5,0xE9C5,0xE9C5,0xE9A5,0xF1A5,0xF1C5,0xF1C5,0xF1C5,0xE9C5,0xF1C5,0xF1C5,0xF1C5,0xE9C5,0xE9C5,0xF1C5,0xF1C5,0xF1C5,0xF1C5,0xF1C5,0xF1C5,0xF1E5,0xF1C5,0xF1C5,0xE9C5,0xF1C5,0xF1C5,0xF1C5,0xF1E5,0xF1E5,0xE9A5,0xD944,0xD904,0xD904,0xD904,0xD8E4,0xD8E4,0xD104,0xD104,0xD8E4,0xD8E4,0xCA6B,0x9C72,0x2D99,0x0DDA,0x0DDA,0x0DDA,0x0DDA,0x0DDA,0x0DFA,0x0DFA,0x0DFA,0x0DFA,0x0DFA,0x0DFA,0x0DFA,0x0DFA,0x0DFA,0x0DFA,0x0DFA,0x0DFA,0x0DFA,0x0DFA,0x0DFA,0x0DFA,0x0DFA,0x0DFA,0x0DFA,0x0DFA,0x0DFA,0x0DFA,0x0DFA,0x0DFA,0x0DFA,0x0DFA,0x0DFA,0x0DFA,0x0DFA,0x0DFA,
0x0DFB,0x0DDB,0x0DDA,0x0DBA,0x0DDA,0x25F7,0x9E50,0xDE4B,0xFE89,0xFF0F,0xF6ED,0xEE6A,0xE66C,0xE64A,0xEE29,0xF669,0xF68B,0xF68C,0xF669,0xFE48,0xF649,0xF649,0xF649,0xF649,0xF628,0xF629,0xF609,0xEDE8,0xE5A8,0xDD88,0xDD88,0xD547,0xCD27,0xC4E6,0x6D4F,0x0DF8,0x0E19,0x15F8,0x25F7,0x1DF8,0x2618,0x2E18,0x1E19,0x369A,0x571C,0x777D,0x671C,0x3E9A,0x1619,0x15F8,0x2DF7,0x46BA,0x3E9A,0x2E39,0x1619,0x0DB8,0x0D77,0x0D97,0x0D97,0x0D77,0x0D76,0x0D55,0x0D15,0x14D7,0x2D3A,0x3DBD,0x3DBD,0x4E3D,0x66DE,0x76FE,0x665C,0x55BA,0x4D98,0x55B9,0x5DFA,0x765B,0x561C,0x3DBD,0x45DC,0x4DB9,0x5597,0x5598,0x6E5B,0x86FD,0x86DE,0x5E1B,0x4559,0x459A,0x3D59,0x2D19,0x2D18,0x2CF8,0x2CD8,0x2497,0x1C96,0x1C96,0x2476,0x6B50,0xBA28,0xE9E6,0xF1E5,0xF206,0xF1C5,0xF1C5,0xE9C5,0xE9E6,0xE9C5,0xE9C5,0xE9C5,0xE9E5,0xE9E5,0xE9E5,0xE9E5,0xEA06,0xF1E5,0xF206,0xEA06,0xE9E6,0xE1E5,0xE205,0xE1E6,0xE9E6,0xEA06,0xDA46,0xE1E6,0xE9A5,0xE9C5,0xE9E5,0xE206,0xDA26,0xE288,0xEAC9,0xE247,0xDAC9,0xDB4B,0xDA47,0xE32B,0xEC0E,0xEA46,0xE9A5,0xF1C6,0xEAC9,0xE2C9,0xE2C9,0xEB4B,0xE248,0xD9A6,0xE32C,0xDA49,0xD146,0xCA08,0xD187,0xD8E4,0xD8E5,0xCA6A,0xA452,0x2D99,0x0DDA,0x0DDB,0x0DFB,0x0DFA,0x0DFA,0x0DFA,0x0DFA,0x0DFA,0x0DFA,0x0DFA,0x0DFA,0x0DFA,0x0DFA,0x0DFA,0x0DFA,0x0DFA,0x0DFA,0x0DFA,0x0DFA,0x0DFA,0x0DFA,0x0DFA,0x0DFA,0x0DFA,0x0DFA,0x0DFA,0x0DFA,0x0DFA,0x0DFA,0x0DFA,0x0DFA,0x0DFA,0x0DFA,0x0DFA,0x0DFA,
0x0DFB,0x0DFB,0x0DDB,0x0DDB,0x0DDA,0x1DF8,0x75F1,0xC60B,0xFE49,0xF66A,0xF669,0xF668,0xF66A,0xF649,0xFE48,0xFE29,0xFE49,0xFE69,0xFE68,0xFE68,0xFE68,0xFE48,0xFE48,0xFE48,0xF648,0xF628,0xF628,0xF608,0xEE08,0xE5E8,0xDDA8,0xD588,0xCD47,0xC527,0x6D0C,0x0D33,0x0DF8,0x265A,0x46BA,0x675D,0x677E,0x4F3D,0x15F9,0x0DD8,0x15F8,0x0DF8,0x0DF8,0x0DF8,0x0619,0x0619,0x05F8,0x0DF9,0x0DF9,0x0DF8,0x0E18,0x0DF8,0x0DD8,0x0DB8,0x0D98,0x0D97,0x0D77,0x0D56,0x0D36,0x0C95,0x2519,0x3DDD,0x4D9A,0x5DDA,0x661A,0x55BC,0x6E5D,0x871D,0x7F1E,0x667D,0x561C,0x7F1E,0x5E7E,0x359E,0x35BE,0x45DD,0x4DFB,0x35DD,0x35BC,0x35BC,0x359C,0x359C,0x357C,0x357B,0x2D3A,0x2D1A,0x2D19,0x2CF9,0x24D8,0x24B8,0x24B7,0x2497,0x2497,0x634F,0xB1E8,0xE9C6,0xF1C6,0xEA27,0xEB2B,0xE2A9,0xE268,0xF4D0,0xEBED,0xE2C9,0xF42E,0xEC4F,0xE40E,0xDB2B,0xE268,0xE9C6,0xE206,0xD247,0xD2EA,0xE3EE,0xF4D1,0xF532,0xE490,0xE3CE,0xE36C,0xE38C,0xE2A9,0xE9C5,0xE9A5,0xE2A9,0xDC0D,0xECD2,0xECD2,0xE490,0xEC0E,0xE30A,0xDA27,0xE1C6,0xEB4C,0xEC70,0xEA68,0xE9E6,0xE9C6,0xE1C6,0xE1E7,0xDA28,0xCB2B,0xCB4C,0xD30B,0xC229,0xB9E8,0xB9C7,0xB1C8,0xC166,0xD925,0xD0E4,0xCA29,0xA3D0,0x2D99,0x0DFB,0x0DFB,0x0DFB,0x0DFA,0x0DDA,0x0DDA,0x0DDA,0x0DDA,0x0DFA,0x0DFA,0x0DFA,0x0DFA,0x0DFA,0x0DFA,0x0DFA,0x0DFA,0x0DFA,0x0DFA,0x0DFA,0x0DFA,0x0DFA,0x0DFA,0x0DFA,0x0DFA,0x0DFA,0x0DFA,0x0DFA,0x0DDA,0x0DDA,0x0DDA,0x0DDA,0x0DDA,0x0DFA,0x0DFA,0x0DFA,
0x0DFB,0x0DFB,0x0DDB,0x0DDA,0x0DDA,0x15D8,0x55B2,0xADED,0xF649,0xFE49,0xFE49,0xFE69,0xFE69,0xFE68,0xFE48,0xFE48,0xFE48,0xFE68,0xFE48,0xFE48,0xFE69,0xFE48,0xFE48,0xFE49,0xF629,0xF629,0xF629,0xF629,0xEE08,0xE5E8,0xE5C8,0xDDA8,0xD567,0xCD47,0x750B,0x1D11,0x0DF8,0x0E19,0x0DF9,0x0DF9,0x0DF9,0x0DF9,0x0E1A,0x0E1A,0x0E1A,0x0619,0x0619,0x0E19,0x0DFA,0x0DF9,0x0DF9,0x05F9,0x05F8,0x0DD8,0x0DF9,0x0DF9,0x0DD9,0x0DB8,0x0DB8,0x0D98,0x0D97,0x0D76,0x0D56,0x0CF7,0x253A,0x3DBD,0x45BD,0x561C,0x5E3C,0x4DFC,0x45DB,0x45DB,0x3DDC,0x3DDE,0x3DFE,0x45FE,0x3DDD,0x35DD,0x35FD,0x35DD,0x35DD,0x35BD,0x35BC,0x359C,0x359C,0x359C,0x2D7B,0x357B,0x2D5B,0x2D3A,0x2D1A,0x2D19,0x2CF9,0x24F8,0x24D8,0x24B7,0x24B7,0x6370,0xAA08,0xE1E6,0xE9E6,0xDA27,0xCA8A,0xD228,0xE227,0xE3AC,0xE2E9,0xE1C6,0xE1E6,0xEB6C,0xECB1,0xDB4B,0xE247,0xE1C6,0xDA27,0xD2CA,0xD38C,0xDB8C,0xEC4F,0xFD12,0xFD52,0xEC0E,0xDAEA,0xE38B,0xE2C9,0xE9E6,0xE9E6,0xE226,0xDA88,0xE38C,0xE38C,0xE34A,0xE268,0xEAE9,0xF32A,0xF206,0xEA88,0xEB2A,0xF207,0xF1C6,0xEA27,0xEB2A,0xEB2B,0xEB0A,0xE2A8,0xEA27,0xEA07,0xE267,0xE1E6,0xE145,0xD946,0xD925,0xE0E5,0xD8E5,0xD209,0xA3AF,0x2D78,0x0DFA,0x0DFB,0x0DFA,0x0DDA,0x0DDA,0x0DDA,0x0DDA,0x0DFA,0x0DFA,0x0DFA,0x0DFA,0x0DFA,0x0DFA,0x0DFA,0x0DFA,0x0DFA,0x0DFA,0x0DFA,0x0DFA,0x0DFA,0x0DFA,0x0DFA,0x0DFA,0x0DFA,0x0DFA,0x0DFA,0x0DFA,0x0DDA,0x0DDA,0x0DDA,0x0DDA,0x0DDA,0x0DFA,0x0DFA,0x0DFA,
0x0DFB,0x0DFA,0x0DDA,0x0DDA,0x0DDA,0x15D8,0x3573,0x9DCD,0xFE69,0xFE49,0xFE49,0xFE49,0xFE49,0xFE49,0xFE49,0xFE49,0xFE29,0xFE29,0xFE49,0xFE49,0xFE49,0xFE49,0xFE49,0xFE49,0xFE49,0xFE49,0xF649,0xF628,0xEE28,0xEE08,0xE5E9,0xE5C8,0xDD88,0xD567,0x8D2B,0x3D30,0x15F8,0x0E19,0x0E19,0x0DF9,0x0DF9,0x0DF9,0x0DF9,0x0DF9,0x05F9,0x0DF9,0x0DF9,0x0DF9,0x0E19,0x0DF9,0x05F9,0x0DF9,0x0DD9,0x0DD9,0x0DF9,0x0DF9,0x0DD9,0x0DD9,0x0DB8,0x0DB8,0x0D97,0x0D97,0x0D77,0x1557,0x2D7A,0x3DBD,0x35DD,0x35DD,0x35DD,0x35DD,0x35DD,0x35DD,0x35DD,0x3DDD,0x35DD,0x35DD,0x35DD,0x35DD,0x35BD,0x35BD,0x35BD,0x35DD,0x35BD,0x35BD,0x359C,0x359C,0x357C,0x357C,0x355B,0x2D5A,0x2D3A,0x2D1A,0x2D19,0x2CF9,0x24F9,0x24D8,0x24B7,0x5B70,0xA229,0xE1E6,0xF1E6,0xEA06,0xDA05,0xDA06,0xEA27,0xE1E6,0xE1E6,0xE9C5,0xE9C5,0xE1E6,0xE206,0xEA26,0xE9E6,0xE9C5,0xE9C5,0xE9E5,0xEA06,0xF1C5,0xE9C5,0xE9C5,0xEA06,0xEA26,0xF226,0xEA06,0xE9E5,0xE9C5,0xF1C5,0xF1C5,0xF1C5,0xF1E6,0xF1E6,0xF1C5,0xF1C5,0xF1C5,0xF1C5,0xF1C5,0xE9C5,0xE9C5,0xE9C5,0xE9C5,0xE9E5,0xF1C5,0xE9C5,0xE9C5,0xE9E5,0xE9E5,0xF1E5,0xF1E5,0xE9E5,0xE9C5,0xE9C5,0xE165,0xD104,0xD8E5,0xD1E9,0xAB6E,0x2D78,0x0DDB,0x15DA,0x0DDA,0x0DDA,0x0DDA,0x0DDA,0x0DDA,0x0DDA,0x0DFA,0x0DFA,0x0DFA,0x0DFA,0x0DFA,0x0DFA,0x0DFA,0x0DFA,0x0DFA,0x0DFA,0x0DFA,0x0DFA,0x0DFA,0x0DFA,0x0DFA,0x0DFA,0x0DFA,0x0DFA,0x0DFA,0x0DFA,0x0DFA,0x0DDA,0x0DDA,0x0DFA,0x0DFA,0x0DFA,0x0DFA,
0x0DFB,0x0DFA,0x0DFA,0x0DDA,0x0DDA,0x0DD9,0x2596,0x8DEF,0xFE49,0xFE49,0xFE49,0xFE49,0xFE49,0xFE49,0xFE49,0xFE49,0xFE49,0xFE49,0xFE49,0xFE49,0xFE49,0xFE49,0xFE49,0xFE49,0xFE49,0xFE49,0xF649,0xF649,0xF629,0xEE08,0xEE09,0xE5E8,0xE5C8,0xDDA8,0xADAB,0x6DD0,0x1DF7,0x05F9,0x05F9,0x05FA,0x05FA,0x05F9,0x0DF9,0x05F9,0x05F9,0x05F9,0x05F9,0x05F9,0x0DF9,0x0DF9,0x0DF9,0x0DF9,0x0DD9,0x0DF9,0x0DF9,0x05D9,0x05D9,0x0DD9,0x0DD9,0x0DB9,0x0DB8,0x0D97,0x0D77,0x0D58,0x257B,0x3DBE,0x3DDD,0x35DD,0x35DD,0x35DD,0x35BD,0x35BD,0x35BD,0x35BD,0x35BD,0x35BD,0x2DBD,0x2DBD,0x2DBD,0x35BD,0x35DD,0x35BD,0x35BD,0x35BD,0x359C,0x359C,0x359C,0x357C,0x357B,0x2D5B,0x2D5B,0x2D3A,0x2D19,0x2D19,0x2519,0x24F9,0x24F8,0x5390,0x9228,0xE1E6,0xF1C5,0xF1E6,0xE9E6,0xE9E6,0xF1C6,0xF1C6,0xF1C5,0xE9C5,0xE9C5,0xE9E5,0xE9E5,0xE9E5,0xE9E5,0xE9E5,0xE9E5,0xE9E5,0xE9E6,0xE9E5,0xE9E5,0xE9E5,0xE9E6,0xE9E5,0xE9E5,0xE9E5,0xF1E5,0xF1E5,0xF1C5,0xF1C5,0xF1C5,0xF1C5,0xF1C5,0xF1C5,0xE9C5,0xE9C5,0xE9C5,0xE9C5,0xE9C5,0xE9C5,0xE9C5,0xE9C5,0xE9C5,0xE9C5,0xE9C5,0xE9C5,0xE9C5,0xE9C5,0xE9C5,0xE9E5,0xF1C5,0xF1C5,0xF1C6,0xF1C6,0xE9A6,0xD8E5,0xC9C8,0xA34E,0x2D78,0x0DFB,0x15FB,0x15DB,0x0DDA,0x0DDA,0x0DDA,0x0DDA,0x0DDA,0x0DDA,0x0DDA,0x0DFA,0x0DFA,0x0DFA,0x0DFA,0x0DFA,0x0DFA,0x0DFA,0x0DFA,0x0DFA,0x0DFA,0x0DFA,0x0DFA,0x0DFA,0x0DFA,0x0DFA,0x0DFA,0x0DFA,0x0DFA,0x0DFA,0x0DFA,0x0DFA,0x0DFA,0x0DFA,0x0DFA,0x0DFA,
0x0DFB,0x0DFA,0x0DFA,0x0DDA,0x0DDA,0x0DD9,0x15B8,0x8610,0xF669,0xFE49,0xFE49,0xFE49,0xFE49,0xFE49,0xFE49,0xFE49,0xFE49,0xFE49,0xFE49,0xFE49,0xFE49,0xFE49,0xFE49,0xFE49,0xFE49,0xFE49,0xF648,0xF649,0xF628,0xEE28,0xEE09,0xEE09,0xE5E9,0xE5C9,0xCDEC,0x9610,0x2617,0x05F9,0x05F9,0x05F9,0x05F9,0x05F9,0x05F9,0x05F9,0x0DF9,0x0DF9,0x0DF9,0x0DF9,0x0DF9,0x0DF9,0x05F9,0x0DF9,0x0DF9,0x0DF9,0x0DF9,0x0DD9,0x0DD9,0x05D9,0x0DD9,0x0DB9,0x0DB8,0x0DB8,0x0D98,0x0D78,0x259A,0x3DDD,0x3DDD,0x35DD,0x35DD,0x35DD,0x35BD,0x35BD,0x35BD,0x35BD,0x35BD,0x35BD,0x35BD,0x35BD,0x35BD,0x35BD,0x35BD,0x35BD,0x35BD,0x35BD,0x359D,0x359C,0x357C,0x357C,0x357C,0x357B,0x2D5B,0x2D5A,0x2D3A,0x2D19,0x2519,0x2519,0x2519,0x4BB1,0x8A49,0xD9E6,0xF1C5,0xF1E5,0xE9C5,0xE9C5,0xE9E5,0xE9E5,0xE9C5,0xF1C5,0xF1C5,0xF1C5,0xF1C5,0xF1E6,0xF1C5,0xE9C5,0xE9E5,0xE9E5,0xE9E5,0xE9C5,0xE9C5,0xE9C5,0xE9C5,0xF1C5,0xF1C5,0xE9C5,0xE9C5,0xE9C5,0xF1C5,0xF1C5,0xF1C5,0xF1C5,0xE9C5,0xE9C5,0xF1C5,0xF1C5,0xF1C5,0xE9C5,0xE9C5,0xE9C5,0xF1C5,0xF1C5,0xF1C5,0xE9C5,0xE9C5,0xE9C5,0xE9C5,0xE9C5,0xF1C5,0xF1C5,0xF1C5,0xF1C5,0xF1E5,0xF1E5,0xF1E6,0xF1A6,0xD228,0x9B2D,0x2D58,0x0DFB,0x0DFB,0x0DDB,0x0DDA,0x0DFA,0x0DFA,0x0DDA,0x0DDA,0x0DDA,0x0DDA,0x0DFA,0x0DFA,0x0DFA,0x0DFA,0x0DFA,0x0DFA,0x0DFA,0x0DFA,0x0DFA,0x0DFA,0x0DFA,0x0DFA,0x0DFA,0x0DFA,0x0DFA,0x0DFA,0x0DFA,0x0DFA,0x0DFA,0x0DFA,0x0DFA,0x0DFA,0x0DFA,0x0DFA,0x0DFA,
0x0DFB,0x0DFA,0x0DFA,0x0DFA,0x0DFA,0x0DFA,0x0DDA,0x7E32,0xF68A,0xFE69,0xFE49,0xFE49,0xFE49,0xFE49,0xFE49,0xFE49,0xFE49,0xFE49,0xFE49,0xFE49,0xFE49,0xFE48,0xFE49,0xFE49,0xFE49,0xFE28,0xFE28,0xFE49,0xF628,0xF609,0xF609,0xEE09,0xEDE9,0xEDE9,0xDE0A,0xAE0E,0x2E17,0x0DF9,0x0DF9,0x05F9,0x05F9,0x05F9,0x061A,0x05F9,0x05F9,0x0DF9,0x0DF9,0x0DF9,0x0DF9,0x0DF9,0x0DF9,0x0DF9,0x0DF9,0x0DF9,0x0DD9,0x0DF9,0x0DF9,0x0DD9,0x0DD9,0x0DB9,0x0DB9,0x05B8,0x0DB8,0x0DB8,0x25DB,0x3DDD,0x3DBD,0x35BD,0x35DD,0x35DD,0x35BD,0x35BD,0x35BD,0x35BD,0x35BD,0x35BD,0x35BD,0x35BD,0x35BD,0x35BD,0x35BD,0x35BD,0x35BD,0x35BD,0x359D,0x359C,0x359C,0x359C,0x359C,0x357B,0x2D7B,0x2D5B,0x2D5A,0x2D3A,0x2D19,0x2D19,0x2D19,0x53B2,0x8A4A,0xE1C6,0xF1C5,0xF1C5,0xF1C5,0xF1C5,0xE9C5,0xF1C5,0xF1C5,0xF1C5,0xE9E5,0xE9C5,0xF1C5,0xE9C5,0xE9C5,0xE9C5,0xE9C5,0xE9C5,0xF1C5,0xF1C5,0xE9C5,0xE9C5,0xF1E5,0xF1C5,0xF1C5,0xF1C5,0xF1C5,0xF1C5,0xF1C5,0xF1C5,0xF1C5,0xF1C5,0xE9C5,0xE9C5,0xF1C5,0xF1C5,0xF1C5,0xF1C5,0xE9C5,0xE9E5,0xF1C5,0xF1C5,0xF1E5,0xF1C5,0xF1C5,0xF1C5,0xF1C5,0xF1C5,0xF1C5,0xF1C5,0xF1C5,0xF1C5,0xF1C5,0xE9C5,0xE9C5,0xE9C5,0xDA88,0xABAE,0x2D78,0x0DFA,0x0DFA,0x0DFB,0x0DFA,0x0DFA,0x0DFA,0x0DFA,0x0DFA,0x0DFA,0x0DFA,0x0DFA,0x0DFA,0x0DFA,0x0DFA,0x0DFA,0x0DFA,0x0DFA,0x0DFA,0x0DFA,0x0DFA,0x0DFA,0x0DFA,0x0DFA,0x0DFA,0x0DFA,0x0DFA,0x0DFA,0x0DFA,0x0DFA,0x0DFA,0x0DFA,0x0DFA,0x0DFA,0x0DDA,0x0DDA,
0x0DFB,0x0DFB,0x0DFB,0x0DFA,0x0DFA,0x0DFA,0x05DA,0x7633,0xE68C,0xF669,0xFE49,0xFE49,0xFE49,0xFE49,0xFE69,0xFE49,0xFE49,0xFE49,0xFE49,0xFE49,0xFE48,0xFE68,0xFE68,0xFE48,0xFE48,0xFE28,0xFE28,0xFE28,0xF628,0xF629,0xF629,0xEE28,0xEE28,0xEE09,0xE60A,0xBE0C,0x2DF6,0x05F9,0x0619,0x05FA,0x05FA,0x05F9,0x05F9,0x05F9,0x05F9,0x05F9,0x05D9,0x0DD9,0x0DF9,0x0DF9,0x0DF9,0x0DF9,0x0DF9,0x0DF9,0x0DF9,0x0DF9,0x05F9,0x0DF9,0x0DD9,0x0DD9,0x0DD8,0x0DB9,0x0DB9,0x0DD8,0x1558,0x1D1A,0x359D,0x35BD,0x35DD,0x35DD,0x35BD,0x35BD,0x35BD,0x35BD,0x35BD,0x35BD,0x35BD,0x35BD,0x35BD,0x35BD,0x35BD,0x35BD,0x35BD,0x35BD,0x35BD,0x35BD,0x359D,0x359C,0x359C,0x357C,0x357C,0x357B,0x355B,0x2D5A,0x2D3A,0x2D1A,0x2D1A,0x4BD3,0x826B,0xD9E6,0xF1C5,0xF1C5,0xF1C5,0xF1C5,0xF1C5,0xE9C5,0xF1C5,0xF1C5,0xF1E5,0xF1C5,0xF1C5,0xF1C5,0xF1C5,0xF1C5,0xF1C5,0xE9C5,0xE9C5,0xF1C5,0xE9C5,0xE9C5,0xF1E5,0xF1C5,0xF1C5,0xF1C5,0xF1C5,0xF1E5,0xF1E5,0xF1E5,0xF1C5,0xE9C5,0xF1C5,0xF1E5,0xF1C5,0xF1C5,0xF1C5,0xE9C5,0xF1C5,0xF1E5,0xF1E5,0xF1E5,0xF1E5,0xF1E5,0xF1E5,0xF1E5,0xF1E5,0xF1E5,0xF1E6,0xF1E5,0xF1C5,0xF1C5,0xF1C5,0xE9C5,0xE9C5,0xE9E5,0xDA48,0xAB4D,0x2D78,0x0DDA,0x0DDA,0x0DFB,0x0DFA,0x0DFA,0x0DFA,0x0DFA,0x0DFA,0x0DFA,0x0DFA,0x0DFA,0x0DFA,0x0DFA,0x0DFA,0x0DFA,0x0DFA,0x0DFA,0x0DFA,0x0DFA,0x0DFA,0x0DDA,0x0DDA,0x0DFA,0x0DFA,0x0DFA,0x0DFA,0x0DFA,0x0DDA,0x0DDA,0x0DDA,0x0DDA,0x0DDA,0x0DDA,0x0DDA,0x0DDA,
0x0DFB,0x0DFB,0x0DFB,0x0DFB,0x0DFA,0x0DFA,0x0DDB,0x6614,0xCE6C,0xF669,0xFE49,0xFE49,0xFE49,0xFE49,0xFE49,0xFE48,0xFE48,0xFE49,0xFE48,0xFE48,0xFE48,0xFE48,0xFE48,0xFE48,0xFE49,0xFE48,0xFE48,0xF649,0xF649,0xF649,0xEE49,0xEE49,0xF64A,0xEE4A,0xDE4C,0xAE4E,0x35F5,0x0DF8,0x0619,0x0DF9,0x0DF9,0x05F9,0x05F9,0x05F9,0x05F9,0x05F9,0x05F9,0x0DF9,0x0DF9,0x0DF9,0x0DF9,0x05F9,0x05F9,0x0DF9,0x05D9,0x05D9,0x05F9,0x05F9,0x05FA,0x0DDA,0x0DF9,0x0DD8,0x0DD8,0x0DD7,0x0D17,0x14B8,0x357C,0x35BD,0x35BD,0x35BD,0x35BD,0x35BD,0x35BD,0x35BD,0x35BD,0x35BD,0x35BD,0x35BD,0x35BD,0x35BD,0x35BD,0x35BD,0x35BD,0x35BD,0x35BD,0x35BD,0x359D,0x359D,0x359D,0x359C,0x359C,0x357B,0x355B,0x353B,0x353A,0x353A,0x353A,0x4C14,0x7AAC,0xD9E6,0xF1C5,0xF1C5,0xF1C5,0xE9C5,0xE9C5,0xE9C5,0xE9C5,0xF1C5,0xF1C5,0xF1C5,0xF1C5,0xF1C5,0xF1C5,0xF1C5,0xE9C5,0xE9C5,0xF1C5,0xF1C5,0xE9C5,0xE9C5,0xE9C5,0xE9C5,0xE9C5,0xE9C5,0xE9C5,0xF1E5,0xF1E5,0xF1E5,0xF1E5,0xF1E5,0xF1C5,0xF1C5,0xF1C5,0xF1C5,0xF1C5,0xE9C5,0xE9C5,0xF1C5,0xF1C5,0xE9C5,0xE9C5,0xF1C5,0xE9C5,0xE9C5,0xE9C5,0xE9C5,0xE9C5,0xE9C5,0xE9C5,0xE9C5,0xE9C5,0xE9C5,0xE9C5,0xE9C5,0xDA27,0xAB0B,0x2D57,0x0DFA,0x0DDB,0x0DFB,0x0DFA,0x0DFA,0x0DFA,0x0DFA,0x0DFA,0x0DFA,0x0DFA,0x0DFA,0x0DFA,0x0DFA,0x0DFA,0x0DFA,0x0DFA,0x0DFA,0x0DFA,0x0DFA,0x0DFA,0x0DFA,0x0DFA,0x0DFA,0x0DFA,0x0DFA,0x0DFA,0x0DFA,0x0DDA,0x0DDA,0x0DDA,0x0DDA,0x0DDA,0x0DDA,0x0DDA,0x0DFA,
0x0E1B,0x0E1B,0x0DFB,0x0DFB,0x0DFA,0x0DFA,0x05DA,0x55F5,0xB62D,0xEE49,0xFE28,0xFE29,0xFE49,0xFE49,0xFE49,0xFE49,0xFE49,0xFE48,0xFE49,0xFE48,0xFE48,0xFE68,0xFE69,0xF669,0xEE6A,0xDE8B,0xCE8D,0xBE4E,0x960E,0x75AE,0x5D6F,0x4550,0x3552,0x2574,0x1557,0x0D58,0x0538,0x0598,0x0E19,0x0DFA,0x05FA,0x05F9,0x05D9,0x05F9,0x0DFA,0x0DF9,0x061A,0x061A,0x0E1A,0x0E1A,0x0E1A,0x05F9,0x0DF9,0x0DF9,0x0DF9,0x0DF9,0x0DD9,0x0DB9,0x15B8,0x1598,0x0D36,0x04F5,0x0CF5,0x0D36,0x1518,0x1D19,0x35BD,0x35DE,0x35DD,0x35BD,0x35BD,0x35BD,0x35BD,0x35BD,0x35DD,0x35DE,0x35DE,0x35DE,0x35DD,0x35DD,0x35DD,0x35DE,0x3DDE,0x3DDD,0x3DBD,0x3DBD,0x3DBD,0x3D9D,0x3D9D,0x3D9C,0x357C,0x357B,0x2D5A,0x2519,0x1CD8,0x0CB7,0x0CD7,0x3413,0x732E,0xDA07,0xF1C5,0xF1C6,0xF1E6,0xF1C5,0xF1C5,0xF1E6,0xF1C5,0xF1C5,0xF1C5,0xF1C5,0xF1C5,0xF1E5,0xF1E5,0xF1E5,0xF1C5,0xF1C5,0xF1C5,0xF1C5,0xF1C5,0xF1E5,0xF1C5,0xF1C5,0xF1E5,0xE9C5,0xE9C5,0xF1C5,0xF1E5,0xF1E5,0xF1E5,0xF1E6,0xF1E5,0xF1E5,0xF1C5,0xF1C5,0xF1C5,0xE9C5,0xE9C5,0xE9C5,0xE9C5,0xE9C5,0xE9C5,0xF1C5,0xF1C5,0xF1C5,0xE9C5,0xE9C5,0xE9C5,0xE9C5,0xE9C5,0xF1E5,0xE9C5,0xE9C5,0xE9E5,0xF1C5,0xDA06,0xAACA,0x2D37,0x0DDA,0x0DFB,0x0DFB,0x0DDA,0x0DDA,0x0DFA,0x0DFA,0x0DFA,0x0DFA,0x0DFA,0x0DFA,0x0DFA,0x0DFA,0x0DFA,0x0DFA,0x0DFA,0x0DFA,0x0DDA,0x0DDA,0x0DDA,0x0DFA,0x0DFA,0x0DFA,0x0DFA,0x0DFA,0x0DFA,0x0DFA,0x0DDA,0x0DDA,0x0DDA,0x0DDA,0x0DDA,0x0DDA,0x0DDA,0x0DDA,
0x0DFB,0x0DFB,0x0DFB,0x0DFA,0x0DFB,0x0DFB,0x0DDA,0x3DD5,0x8DEF,0xE629,0xFE28,0xFE48,0xF649,0xF669,0xEEAA,0xE6AB,0xD6AD,0xBE8E,0x9E2E,0x75AE,0x4D70,0x4592,0x35B4,0x25B6,0x1DB7,0x0DB8,0x0DB9,0x0DBA,0x0DDA,0x0DDA,0x15BB,0x0DBA,0x0DBA,0x0DB9,0x0D9A,0x0D59,0x04F6,0x0577,0x0DF9,0x0DF9,0x05F9,0x05F9,0x0DF9,0x05F9,0x05F9,0x05F9,0x0DF8,0x0DF8,0x0DF8,0x0DD8,0x0DB7,0x0D56,0x0516,0x0516,0x0537,0x0D78,0x0DB9,0x0DD9,0x0DDA,0x0DFB,0x0DDB,0x0DDB,0x0DBA,0x0DBA,0x0D7A,0x155A,0x359D,0x35BD,0x35DE,0x35BD,0x35BD,0x3DDD,0x3DDE,0x35DE,0x35DE,0x35DE,0x35DE,0x35DD,0x35BD,0x35BD,0x35DD,0x3DFD,0x35DD,0x2D9B,0x1D19,0x14D8,0x0CB8,0x155A,0x157A,0x159A,0x0D9A,0x0DBA,0x0DDA,0x0DDB,0x0DFB,0x05FB,0x05FB,0x24F6,0x636F,0xD227,0xF1C5,0xF1C6,0xF1C6,0xF1C5,0xF1E6,0xF1C5,0xE9C5,0xE9C5,0xF1C5,0xF1C5,0xF1C5,0xF1C5,0xF1C5,0xF1E6,0xF1E5,0xF1E5,0xF1C5,0xE9C5,0xE9C5,0xE9C5,0xF1C5,0xE9C5,0xE9C5,0xE9C5,0xE9C5,0xE9C5,0xF1C5,0xF1C5,0xF1E5,0xF1C5,0xF1C5,0xF1C5,0xF1C5,0xF1C5,0xF1C5,0xF1C5,0xF1C5,0xF1C5,0xF1E5,0xF1C5,0xF1C5,0xF1E5,0xE9C5,0xE9C5,0xF1E5,0xF1E5,0xF1E6,0xF1C5,0xF1C5,0xF1C5,0xF1C5,0xE9C5,0xE9C5,0xF1C5,0xE1E6,0xB2AA,0x2D57,0x0DFB,0x0DFB,0x0DFB,0x0DDA,0x0DDA,0x0DFA,0x0DDA,0x0DDA,0x0DDA,0x0DDA,0x0DDA,0x0DDA,0x0DDA,0x0DFA,0x0DFA,0x0DFA,0x0DFA,0x0DDA,0x0DDA,0x0DDA,0x0DDA,0x0DDA,0x0DFA,0x0DDA,0x0DDA,0x0DDA,0x0DDA,0x0DDA,0x0DDA,0x0DDA,0x0DDA,0x0DDA,0x0DDA,0x0DDA,0x0DDA,
0x0DFB,0x0DFB,0x0DFB,0x0DFB,0x0DFB,0x0DFB,0x0DFA,0x1DD8,0x3DD4,0x7DEF,0x75CF,0x5DD1,0x45B3,0x35B4,0x25B6,0x1DB7,0x15D8,0x0DD9,0x0DFA,0x0DFA,0x0DDA,0x0DFB,0x0DDB,0x0DDB,0x0DFB,0x0DDB,0x0DDB,0x05FB,0x05FB,0x0DFB,0x0DFA,0x0DDA,0x0DDA,0x0DDA,0x0DDA,0x0D99,0x0557,0x0598,0x0E19,0x0DF8,0x0DD8,0x0DB7,0x0D97,0x0D77,0x0D56,0x0D37,0x0D57,0x0D78,0x0DB9,0x0DD9,0x0DFA,0x0DFA,0x0DFA,0x0DFA,0x0DFB,0x0DFB,0x0DFB,0x0DFB,0x0DFB,0x0DDB,0x0DDB,0x0DDB,0x0DFB,0x0DFB,0x15DB,0x1DBB,0x35BD,0x3DBE,0x3DBE,0x35BD,0x3DDD,0x3DDD,0x3DDD,0x359C,0x2D7C,0x257B,0x1D3A,0x1519,0x1539,0x0D39,0x0D39,0x0D9A,0x0DBB,0x0DDB,0x0DFB,0x0DFB,0x0DFB,0x0DFB,0x0DFB,0x0DFB,0x0DFB,0x0DFB,0x0DFB,0x0DFB,0x0DFB,0x0DFB,0x061B,0x2537,0x63D1,0xDA28,0xF1C6,0xF1E6,0xF1C6,0xF1C5,0xE9C5,0xE9C5,0xE9C5,0xF1C5,0xF1C5,0xF1C5,0xF1C5,0xF1C5,0xF1C5,0xF1C5,0xF1C5,0xF1C5,0xF1C5,0xF1C5,0xF1C5,0xF1C5,0xF1C5,0xF1C5,0xF1C5,0xF1E5,0xF1C5,0xF1C5,0xF1E5,0xF1E5,0xF1E5,0xF1C5,0xF1C5,0xF1C5,0xF1C5,0xF1E5,0xF1E5,0xF1E5,0xF1C5,0xF1C5,0xF1C5,0xF1C5,0xE9E5,0xE9E5,0xE9C5,0xF1C6,0xF1E5,0xF1E5,0xF1E5,0xF1E5,0xF1C5,0xF1C5,0xF1E5,0xF1E5,0xF1E5,0xE9E5,0xE205,0xB2C9,0x3557,0x0DFA,0x0DFA,0x0DDA,0x0DDA,0x0DDA,0x0DFA,0x0DDA,0x0DDA,0x0DDA,0x0DDA,0x0DDA,0x0DDA,0x0DDA,0x0DFA,0x0DFA,0x0DFA,0x0DFA,0x0DFA,0x0DDA,0x0DDA,0x0DDA,0x0DDA,0x0DDA,0x0DDA,0x0DDA,0x0DDA,0x0DDA,0x0DDA,0x0DDA,0x0DDA,0x0DDA,0x0DDA,0x0DDA,0x0DDA,0x0DDA,
0x0DFB,0x0DFB,0x0DFA,0x0DFB,0x0DFA,0x0DFA,0x0DFB,0x0E1B,0x161B,0x0E1A,0x0E1A,0x061A,0x061B,0x05FB,0x0DFB,0x0DFB,0x0DFB,0x0DFA,0x0DFA,0x0DFA,0x0DFA,0x0DFA,0x0DFA,0x0DFB,0x0DFA,0x0DDA,0x05DA,0x0DFB,0x0DFB,0x0DFB,0x0DFB,0x0DFB,0x0DFB,0x0E1B,0x0DFB,0x0DFA,0x0DDA,0x15B9,0x15B8,0x1DD9,0x15FA,0x15FA,0x0DFA,0x0DFB,0x0DFB,0x0DFB,0x0DFB,0x05FB,0x061B,0x061B,0x0E1B,0x0DFB,0x0DFB,0x0DFB,0x0DFB,0x0DFB,0x0DFB,0x0DFB,0x0DFB,0x0DFB,0x0DFB,0x0DFB,0x0DFB,0x0DFB,0x0DFB,0x15DB,0x257A,0x1D3A,0x14F9,0x0CF8,0x0D39,0x157A,0x159A,0x15DB,0x0DFB,0x0DFB,0x0E1B,0x061B,0x0E1B,0x05FB,0x05FB,0x0E1B,0x0E1B,0x0E1B,0x05FB,0x05FB,0x0DFB,0x0DFB,0x0DFB,0x0DFB,0x0DFB,0x0DFB,0x0DFB,0x0DFB,0x0DFB,0x0DFB,0x061B,0x2578,0x6452,0xDA47,0xF1E5,0xF1E5,0xF1C5,0xF1C5,0xF1C5,0xF1C5,0xF1C5,0xF1C5,0xF1C5,0xF1C5,0xF1C5,0xF1C5,0xF1C5,0xF1C5,0xF1A5,0xF1A5,0xF1C5,0xF1C5,0xF1C5,0xF1E5,0xF1C5,0xF1C5,0xF1E5,0xF1E5,0xF1E5,0xF1E5,0xF1E5,0xF1E5,0xF1C5,0xF1C5,0xF1C5,0xF1C5,0xF1C5,0xF1C5,0xF1C5,0xF1C5,0xF1E5,0xF1E5,0xF1E5,0xF1E5,0xF1E5,0xF1C5,0xF1C5,0xF1E5,0xF1E6,0xF1E6,0xF1E5,0xF206,0xF1E6,0xF1E6,0xF1C6,0xF1C6,0xF1C6,0xF1E5,0xE206,0xB2EB,0x3577,0x0DFA,0x0DFB,0x0DDA,0x0DDA,0x0DDA,0x0DDA,0x0DDA,0x0DDA,0x0DDA,0x0DDA,0x0DDA,0x0DFA,0x0DFA,0x0DFA,0x0DFA,0x0DFA,0x0DFA,0x0DFA,0x0DFA,0x0DFA,0x0DFA,0x0DDA,0x0DDA,0x0DDA,0x0DDA,0x0DDA,0x0DDA,0x0DDA,0x0DDA,0x0DFA,0x0DDA,0x0DDA,0x0DDA,0x0DDA,0x0DDA,
0x0DFB,0x0DFB,0x0DFB,0x0DFB,0x0DFA,0x0DFA,0x0E1A,0x0E1A,0x0E1A,0x061B,0x061B,0x0DFB,0x0DFB,0x0DFB,0x0DFB,0x05FA,0x0DFA,0x0DFA,0x0DFA,0x0DFA,0x0DFB,0x05FB,0x05FB,0x0DFB,0x0DFB,0x0DFB,0x0E1B,0x0DFB,0x0DFB,0x0DFB,0x0DFB,0x0DFB,0x0DFB,0x0DFA,0x0DFB,0x0DFB,0x0E1B,0x0E1B,0x0E1B,0x0E1B,0x0E1B,0x0E1B,0x0E1A,0x0E1A,0x0E3A,0x0E1A,0x0E1A,0x0E1A,0x0E1A,0x0DFA,0x0DFA,0x0DFB,0x0DFB,0x0DFB,0x0DFB,0x0DFB,0x0DFB,0x0DFB,0x0DFB,0x0DFB,0x0DFB,0x0DFB,0x0DFA,0x0DFB,0x0E1B,0x0E1B,0x0DFB,0x0DFB,0x0DFB,0x0DFB,0x0DFB,0x0DFB,0x05FA,0x0DFA,0x0DFA,0x0E1B,0x0DFA,0x0DFA,0x0DFA,0x0DFA,0x0DFA,0x0DFB,0x0DFB,0x0DDB,0x0DDB,0x0DDB,0x0DFB,0x0DDB,0x0DFB,0x0DFB,0x0DFB,0x0DFB,0x0DFB,0x0E1B,0x0E1B,0x0DFB,0x0E1B,0x2D99,0x6494,0xD248,0xF1C5,0xE9E5,0xE9C5,0xE9C5,0xE9C5,0xF1C5,0xE9C5,0xE9C5,0xE9C5,0xE9C5,0xE9C5,0xE9E5,0xE9E5,0xE9C5,0xE9E6,0xE9E6,0xE1E6,0xE206,0xE207,0xE227,0xE227,0xE227,0xDA28,0xDA28,0xD228,0xD248,0xCA48,0xC248,0xC228,0xC228,0xBA28,0xB228,0xAA28,0xA248,0x9A49,0x9269,0x8A8A,0x8AAB,0x82AB,0x7AAB,0x6ACC,0x6AEC,0x630D,0x632D,0x634E,0x5B6F,0x53AF,0x53D0,0x5411,0x5432,0x4C52,0x4C53,0x4C73,0x44B3,0x3CF5,0x2D78,0x0DDB,0x0DDB,0x0DDB,0x0DDA,0x0DDA,0x0DDA,0x0DDA,0x0DDA,0x0DDA,0x0DDA,0x0DDA,0x0DDA,0x0DFA,0x0DFA,0x0DFA,0x0DFA,0x0DFA,0x0DFA,0x0DFA,0x0DFA,0x0DFA,0x0DDA,0x0DDA,0x0DDA,0x0DDA,0x0DDA,0x0DDA,0x0DDA,0x0DDA,0x0DDA,0x0DFA,0x0DDA,0x0DDA,0x0DDA,0x0DDA,0x0DDA,
0x0DFB,0x0DFB,0x0DFB,0x0DFB,0x0DFB,0x0DFA,0x0DFB,0x0DFB,0x0E1B,0x0DFA,0x0DFB,0x0DFB,0x0DFB,0x0DFB,0x0DFA,0x0DFA,0x0DFA,0x0DFA,0x0DFA,0x0DFA,0x0DFA,0x0DFB,0x0DFB,0x0DFB,0x0DFB,0x0DFB,0x0DFB,0x0DFB,0x0DFB,0x0E1B,0x0E1B,0x0DFB,0x0DFB,0x0DFB,0x0DFB,0x0DFB,0x0DFA,0x0DFA,0x0DFB,0x0DFB,0x0DFB,0x0E1B,0x0DFB,0x0DFB,0x0DFB,0x0DFB,0x0DFB,0x0DFB,0x0DFB,0x0E1B,0x0E1B,0x0E1B,0x0DFB,0x0DFB,0x0DFB,0x0DFB,0x0DFB,0x0DFB,0x0DFB,0x0DFB,0x0DFB,0x0DFB,0x0DFB,0x0DFB,0x0DFB,0x0DFA,0x0DFB,0x0DFB,0x0DFB,0x0DFB,0x0DFB,0x0DFB,0x0E1B,0x0E1B,0x0E1B,0x0DFB,0x0DFB,0x0DFB,0x0DFB,0x0DFB,0x0DFB,0x0DFB,0x0DFA,0x0DDA,0x0DFB,0x0DFB,0x0DFB,0x0DFB,0x0DFB,0x0DFB,0x0DFB,0x0DFB,0x0DFB,0x0E1B,0x0E1B,0x0E1B,0x0DFB,0x15FA,0x2D98,0x5BF0,0x5BAF,0x53D0,0x4BD0,0x4BF1,0x4C32,0x4C32,0x4453,0x4494,0x4494,0x3CB5,0x3CB5,0x34F6,0x3516,0x3516,0x3536,0x3536,0x2D37,0x2D37,0x2D57,0x2578,0x2598,0x2598,0x2598,0x25B9,0x25B9,0x1DDA,0x1DDA,0x1DDB,0x1DFB,0x15DA,0x15DA,0x15DA,0x15DA,0x15DA,0x15DA,0x15FA,0x0DFA,0x0DFB,0x0DFB,0x0DFB,0x0DFB,0x0DFB,0x0DFB,0x0DFB,0x0DFB,0x0DFB,0x0DFB,0x0DFA,0x0DFB,0x0DFB,0x0DDB,0x0DDB,0x0DFB,0x0DFA,0x0DFB,0x0DFB,0x0DFB,0x0DFB,0x0DFB,0x0DFA,0x0DDA,0x0DDA,0x0DDA,0x0DDA,0x0DDA,0x0DDA,0x0DDA,0x0DDA,0x0DDA,0x0DDA,0x0DFA,0x0DDA,0x0DDA,0x0DDA,0x0DFA,0x0DDA,0x0DDA,0x0DDA,0x0DDA,0x0DDA,0x0DDA,0x0DDA,0x0DDA,0x0DDA,0x0DDA,0x0DDA,0x0DDA,0x0DDA,0x0DDA,0x0DDA,0x0DDA,0x0DFA,
0x0DFB,0x0DFB,0x0DFB,0x0DFB,0x0DFB,0x0DFB,0x0DFB,0x0DFA,0x0DFA,0x0DFA,0x0DFA,0x0DFA,0x0DFB,0x0DFB,0x0DFB,0x0DFB,0x0DFB,0x0DFB,0x0DFB,0x0DFB,0x0DFB,0x0DFB,0x0DFB,0x0DFB,0x0DFB,0x0DFB,0x0DFB,0x0DFB,0x0DFB,0x0DFB,0x0DFB,0x0DFB,0x0DFB,0x0DFA,0x0DFB,0x0DFB,0x0DFB,0x0DFB,0x0DFB,0x0DFB,0x0DFB,0x0DFB,0x0DFA,0x0DFA,0x0DFB,0x0DFB,0x0DFB,0x0DFB,0x0DFB,0x0DFB,0x0DFB,0x0DFB,0x0DFB,0x0DFB,0x0DFB,0x0DFA,0x0DFA,0x0DFB,0x0DFB,0x0DFB,0x0DFB,0x0DFB,0x0DFB,0x0DFA,0x0DFA,0x0DFB,0x0DFB,0x0DFB,0x0DFB,0x0DFB,0x0DFB,0x0DFB,0x0DDB,0x0DFB,0x0DFB,0x0DFB,0x0DFB,0x0DFB,0x0DFB,0x0DFB,0x0DFB,0x0DFB,0x0DFB,0x0DFB,0x0DFB,0x0DFB,0x0DFB,0x0DFB,0x0DFB,0x0DFB,0x0DFB,0x0DFB,0x0DFB,0x0DFA,0x0DFA,0x0E1A,0x0E1A,0x15FA,0x15FB,0x0DFB,0x0E1B,0x0E3B,0x0E1B,0x0E1B,0x0E1B,0x0E1B,0x0E1B,0x0E1B,0x0E1B,0x061B,0x061B,0x0E1B,0x0DFB,0x0DFB,0x0DFB,0x0DFB,0x0DFB,0x0DDB,0x0DFB,0x0DFB,0x0DFA,0x0DFB,0x0DFB,0x0DFB,0x0DFB,0x0DFB,0x0E1A,0x0E1A,0x0E1A,0x0DFB,0x0DFA,0x0DFA,0x0E1A,0x0E1A,0x0E1A,0x0DFA,0x0DFB,0x0DFB,0x0DFB,0x0DFB,0x061B,0x0DFB,0x0DFB,0x0DFB,0x0DFB,0x0DFB,0x0DFB,0x0DFA,0x0DFA,0x0DFA,0x0DFA,0x0DFA,0x0DFA,0x0DFB,0x0DFB,0x0DFB,0x0DFB,0x0DFB,0x0DFB,0x0DFA,0x0DDA,0x0DDA,0x0DDA,0x0DDA,0x0DDA,0x0DDA,0x0DDA,0x0DDA,0x0DDA,0x0DDA,0x0DDA,0x0DDA,0x0DDA,0x0DDA,0x0DDA,0x0DDA,0x0DDA,0x0DDA,0x0DDA,0x0DDA,0x0DDA,0x0DDA,0x0DDA,0x0DDA,0x0DDA,0x0DDA,0x0DDA,0x0DDA,0x0DDA,0x0DDA,0x0DDA,0x0DDA,
0x0DFB,0x0DFB,0x0DFB,0x0DFB,0x0DFA,0x0DFA,0x0DFA,0x0DFA,0x0DFA,0x0DFB,0x0DFA,0x0DDA,0x0DFA,0x0DFA,0x0DFB,0x0DFB,0x0DFB,0x0DFB,0x0DFB,0x0DFB,0x0DFB,0x0DFB,0x0DFB,0x0DFB,0x0DFB,0x0DFB,0x0DFB,0x0DFB,0x0DFB,0x0DFB,0x0DFB,0x0DFB,0x0DFB,0x0DFB,0x0DFB,0x0DFB,0x0DFB,0x0DFB,0x0DFB,0x0DFB,0x0DFB,0x0DFB,0x0DFA,0x0DFA,0x0DFA,0x0DFA,0x0DFA,0x0DFB,0x0DFB,0x0DFB,0x0DFB,0x0DFB,0x0DFA,0x0DFA,0x0DFB,0x0DFB,0x0DFB,0x0DFB,0x0DFB,0x0DFB,0x0DFB,0x0DFB,0x0DFB,0x0DFB,0x0DFB,0x0DFB,0x0DFB,0x0DFB,0x0DFB,0x0DFB,0x0DFB,0x0DDB,0x0DDB,0x0DFB,0x0DFB,0x0DFB,0x0DFB,0x0DFB,0x0DFA,0x0DFA,0x0DFA,0x0DFB,0x0DDA,0x0DDA,0x0DFA,0x0DFB,0x0DFB,0x0DFB,0x0DFB,0x0DFB,0x0DFB,0x0DFB,0x0DFB,0x05FA,0x05FB,0x061B,0x0DFB,0x0DFA,0x0DFA,0x0DFB,0x0DFB,0x0DFB,0x0DFB,0x0DFB,0x0DFB,0x0DFB,0x0DFB,0x0DFB,0x0E1B,0x0E1B,0x0E1B,0x0E1A,0x0DFA,0x0DFA,0x0E1A,0x0E1A,0x0E1A,0x0DFA,0x0DFA,0x0DFA,0x0DFA,0x0DFA,0x0DFA,0x0DFA,0x0DFA,0x0DFA,0x0E1A,0x0DFA,0x0DFA,0x0E1B,0x061B,0x061B,0x0DFB,0x0DFB,0x0DFB,0x0DFA,0x0DFB,0x0DFB,0x0DFB,0x0DFB,0x0DFB,0x0DFB,0x0DFB,0x0E1B,0x0DFB,0x05FB,0x05FB,0x0DFB,0x0DFB,0x0DFB,0x0DFA,0x05FA,0x05FA,0x0DFB,0x0DFB,0x0DFB,0x0DFA,0x0DFA,0x0DFA,0x0DDA,0x0DDA,0x0DDA,0x0DDA,0x0DDA,0x0DDA,0x0DDA,0x0DDA,0x0DDA,0x0DDA,0x0DDA,0x0DDA,0x0DDA,0x0DDA,0x0DDA,0x0DDA,0x0DDA,0x0DDA,0x0DDA,0x0DDA,0x0DDA,0x0DDA,0x0DDA,0x0DDA,0x0DDA,0x0DDA,0x0DDA,0x0DDA,0x0DDA,0x0DDA,0x0DDA,0x0DDA,0x0DDA,
0x0DFB,0x0DFB,0x0DFB,0x0DFA,0x0DFA,0x0DFB,0x0DFA,0x0DDA,0x0DDA,0x0DDA,0x0DDA,0x0DFA,0x0DFB,0x0DFB,0x0DFB,0x0DDA,0x0DDA,0x0DFA,0x0DFB,0x0DFB,0x0DFB,0x0DFB,0x0DFB,0x0DFB,0x0DFB,0x0DFB,0x0DFB,0x0DFB,0x0DFB,0x0DFB,0x0DFB,0x0DFB,0x0DFB,0x0DFB,0x0DFB,0x0DFB,0x0DFB,0x0DFB,0x0DFB,0x0DFA,0x0DFA,0x0DFB,0x0DFB,0x0DFA,0x0DFA,0x0DFA,0x0DFA,0x0DFB,0x0DFA,0x0DFA,0x0DFB,0x0DFB,0x0DFA,0x0DFA,0x0DFB,0x0DFB,0x0DFB,0x0DFA,0x0DFA,0x0DFB,0x0DFB,0x0DFB,0x0DFB,0x0DFB,0x0DDB,0x0DDB,0x0DFB,0x0DFB,0x0DFB,0x0DDB,0x0DDB,0x0DDB,0x0DDB,0x0DFB,0x0DFB,0x0DFB,0x0DFB,0x0DDB,0x0DDA,0x0DDB,0x0DFB,0x0DFB,0x0DFB,0x0DFB,0x0DDA,0x0DDB,0x0DFB,0x0DFB,0x0DFB,0x0DFB,0x0DFB,0x0DFB,0x0DFB,0x0DFB,0x0DFB,0x0DFB,0x0DDB,0x0DFB,0x0E1B,0x0DFA,0x0DFA,0x0DFA,0x0E1B,0x0DFB,0x0DFB,0x0DFB,0x0DFB,0x0DFB,0x0DFB,0x0DFB,0x0DFB,0x0DFB,0x0DFB,0x0DFB,0x0DFB,0x0DFB,0x0DFB,0x0DFB,0x0DFB,0x0DFB,0x0DFB,0x0DFA,0x0DFA,0x0DFA,0x0DFA,0x0DFB,0x0DFB,0x0DFB,0x0DFB,0x0DFB,0x0DFB,0x0DFB,0x0DFB,0x0DFB,0x0DFB,0x0DFB,0x0DFB,0x0DDB,0x0DFB,0x0DFB,0x0DFB,0x0DFB,0x0DDB,0x0DDB,0x0DFA,0x0DFA,0x0DFA,0x0DFA,0x0DFA,0x0DFB,0x0DDB,0x0DDB,0x0DDB,0x0DDB,0x0DFA,0x0DFA,0x0DDA,0x0DDA,0x0DDA,0x0DDA,0x0DDA,0x0DDA,0x0DDA,0x0DDA,0x0DDA,0x0DDA,0x0DDA,0x0DDA,0x0DDA,0x0DDA,0x0DDA,0x0DDA,0x0DDA,0x0DDA,0x0DDA,0x0DDA,0x0DDA,0x0DDA,0x0DDA,0x0DDA,0x0DDA,0x0DDA,0x0DDA,0x0DDA,0x0DDA,0x0DDA,0x0DDA,0x0DDA,0x0DDA,0x0DDA,0x0DDA,0x0DDA,
0x0DFB,0x0DFB,0x0DFB,0x0DFA,0x0DFA,0x0DFA,0x0DFA,0x0DFA,0x0DFA,0x0DFB,0x0DFB,0x0DFB,0x0DFA,0x0DFA,0x0DFA,0x0DFA,0x0DDA,0x0DDA,0x0DFB,0x0DFB,0x0DFB,0x0DFB,0x0DFB,0x0DFB,0x0DFB,0x0DFB,0x0DFB,0x0DFB,0x0DFB,0x0DFB,0x0DFB,0x0DFB,0x0DFB,0x0DFB,0x0DFB,0x0DFB,0x0DFB,0x0DFB,0x0DFB,0x0DFA,0x0DFA,0x0DFA,0x0DFA,0x0DFA,0x0DFB,0x0DFA,0x0DFA,0x0DFB,0x0DFB,0x0DFA,0x0DFA,0x0DFB,0x0DFA,0x0DFA,0x0DFB,0x0DFA,0x0DFA,0x0DFA,0x0DFA,0x0DFB,0x0DFB,0x0DFA,0x0DFA,0x0DFB,0x0DFB,0x0DFB,0x0DFB,0x0DFB,0x0DFB,0x0DDB,0x0DDB,0x0DFB,0x0DDB,0x0DFB,0x0DFB,0x0DFB,0x0DFB,0x0DFB,0x0DFB,0x0DFB,0x0DFB,0x0DFB,0x0DFB,0x0DFB,0x0DFA,0x0DDA,0x0DDA,0x0DFB,0x0DFB,0x0DFB,0x0DFB,0x0DFB,0x0DFB,0x0DFB,0x0DFB,0x0DFB,0x0DFB,0x0DFB,0x0DFB,0x0DFB,0x0DFB,0x0DFB,0x0DFB,0x0DFB,0x0DFB,0x0DFB,0x0DFB,0x0DFB,0x0DFB,0x0DFB,0x0DFB,0x0DFA,0x0DFA,0x0DFB,0x0DFB,0x0DFA,0x0DFA,0x0DFB,0x0DFB,0x0DFB,0x0DFB,0x0DFB,0x0DFB,0x0DFB,0x0DFB,0x0DFB,0x0DFB,0x0DFB,0x0DFB,0x0DFB,0x0DFB,0x0DFB,0x0DFB,0x0DFB,0x0DFB,0x0DFB,0x0DFB,0x0DFB,0x0DFB,0x0DFB,0x0DFB,0x0DFB,0x0DFB,0x0DFB,0x0DFB,0x0DFB,0x0DFB,0x0DDB,0x0DDA,0x0DDA,0x0DDA,0x0DDA,0x0DDA,0x0DFB,0x0DFB,0x0DFB,0x0DDA,0x0DDA,0x0DDA,0x0DDA,0x0DDA,0x0DDA,0x0DDA,0x0DDA,0x0DDA,0x0DDA,0x0DDA,0x0DDA,0x0DDA,0x0DDA,0x0DDA,0x0DDA,0x0DDA,0x0DDA,0x0DDA,0x0DDA,0x0DDA,0x0DDA,0x0DDA,0x0DDA,0x0DDA,0x0DDA,0x0DDA,0x0DDA,0x0DDA,0x0DDA,0x0DDA,0x0DDA,0x0DDA,0x0DDA,0x0DDA,0x0DDA,
0x0DFB,0x0DFA,0x0DFA,0x0DFA,0x0DFA,0x0DFA,0x0DFA,0x0DFA,0x0DFA,0x0DFA,0x0DFA,0x0DFA,0x0DFA,0x0DFA,0x0DFA,0x0DFA,0x0DFA,0x0DFA,0x0DFA,0x0DFA,0x0DFB,0x0DFB,0x0DFB,0x0DFB,0x0DFB,0x0DFB,0x0DFB,0x0DFB,0x0DFB,0x0DFB,0x0DFB,0x0DFB,0x0DFB,0x0DFA,0x0DFA,0x0DFA,0x0DFA,0x0DFA,0x0DFA,0x0DFA,0x0DFA,0x0DFA,0x0DFA,0x0DFA,0x0DFB,0x0DFA,0x0DFA,0x0DFA,0x0DFA,0x0DFA,0x0DFA,0x0DFA,0x0DFA,0x0DFA,0x0DFA,0x0DFA,0x0DFA,0x0DFA,0x0DFA,0x0DFA,0x0DFA,0x0DFA,0x0DFB,0x0DFB,0x0DFB,0x0DFB,0x0DFB,0x0DFB,0x0DFB,0x0DFB,0x0DFB,0x0DFB,0x0DFB,0x0DFB,0x0DFB,0x0DFB,0x0DFB,0x0DFB,0x0DFB,0x0DFB,0x0DFB,0x0DFA,0x0DFA,0x0DFA,0x0DFB,0x0DFB,0x0DFB,0x0DFB,0x0DFB,0x0DFB,0x0DFB,0x0DFB,0x0DFB,0x0DFB,0x0DFB,0x0DFB,0x0DFB,0x0DFB,0x0DFB,0x0DFB,0x0DFB,0x0DFB,0x0DFB,0x0DFB,0x0DFB,0x0DFB,0x0DFB,0x0DFB,0x0DFB,0x0DFB,0x0DFB,0x0DFB,0x0DFB,0x0DFB,0x0DFB,0x0DFB,0x0DFB,0x0DFB,0x0DFB,0x0DFB,0x0DFB,0x0DFB,0x0DFB,0x0DFB,0x0DFB,0x0DFB,0x0DFB,0x0DFB,0x0DFB,0x0DFB,0x0DFB,0x0DFB,0x0DFB,0x0DFB,0x0DFB,0x0DFB,0x0DFB,0x0DFB,0x0DFA,0x0DFA,0x0DFB,0x0DFB,0x0DFB,0x0DFB,0x0DFB,0x0DFB,0x0DFB,0x0DDA,0x0DDA,0x0DDA,0x0DDA,0x0DDA,0x0DDA,0x0DDA,0x0DDA,0x0DDA,0x0DDA,0x0DDA,0x0DDA,0x0DDA,0x0DDA,0x0DDA,0x0DDA,0x0DDA,0x0DDA,0x0DDA,0x0DDA,0x0DDA,0x0DDA,0x0DDA,0x0DDA,0x0DDA,0x0DDA,0x0DDA,0x0DDA,0x0DDA,0x0DDA,0x0DDA,0x0DDA,0x0DDA,0x0DDA,0x0DDA,0x0DDA,0x0DDA,0x0DDA,0x0DDA,0x0DDA,0x0DDA,0x0DDA,0x0DDA,0x0DDA,0x0DDA,
0x0DFB,0x0DFA,0x0DFA,0x0DFA,0x0DFA,0x0DFA,0x0DFA,0x0DDA,0x0DDA,0x0DFA,0x0DDA,0x0DDA,0x0DFA,0x0DFA,0x0DFA,0x0DFA,0x0DFA,0x0DFA,0x0DFA,0x0DFA,0x0DFA,0x0DFB,0x0DFB,0x0DFB,0x0DFB,0x0DFB,0x0DFB,0x0DFA,0x0DFA,0x0DFB,0x0DFB,0x0DFA,0x0DFA,0x0DFA,0x0DFA,0x0DFA,0x0DFA,0x0DDA,0x0DDA,0x0DFA,0x0DFA,0x0DFA,0x0DFA,0x0DFA,0x0DFA,0x0DDA,0x0DDA,0x0DDA,0x0DFA,0x0DFA,0x0DFA,0x0DFA,0x0DFA,0x0DFA,0x0DDA,0x0DDA,0x0DDA,0x0DDA,0x0DDA,0x0DDA,0x0DDA,0x0DDA,0x0DFA,0x0DFB,0x0DFB,0x0DFB,0x0DFA,0x0DFA,0x0DFB,0x0DFB,0x0DFB,0x0DFB,0x0DFA,0x0DFA,0x0DFA,0x0DDA,0x0DDA,0x0DDA,0x0DDA,0x0DDA,0x0DDA,0x0DDA,0x0DDA,0x0DDA,0x0DDA,0x0DDA,0x0DFB,0x0DFB,0x0DDA,0x0DDA,0x0DDA,0x0DDA,0x0DDA,0x0DDA,0x0DDA,0x0DDA,0x0DFA,0x0DFA,0x0DFA,0x0DFB,0x0DFB,0x0DFB,0x0DFB,0x0DDA,0x0DDA,0x0DDA,0x0DDA,0x0DFB,0x0DFA,0x0DFA,0x0DFB,0x0DFB,0x0DFB,0x0DFB,0x0DFB,0x0DFB,0x0DFB,0x0DFA,0x0DDA,0x0DDA,0x0DFB,0x0DFB,0x0DFB,0x0DFB,0x0DFB,0x0DFB,0x0DFB,0x0DFA,0x0DFA,0x0DDA,0x0DDA,0x0DDA,0x0DDA,0x0DDA,0x0DFB,0x0DDB,0x0DDA,0x0DDA,0x0DDB,0x0DDA,0x0DDA,0x0DFB,0x0DFB,0x0DFB,0x0DFB,0x0DFB,0x0DFA,0x0DDA,0x0DDA,0x0DDA,0x0DDA,0x0DDA,0x0DDA,0x0DDA,0x0DDA,0x0DDA,0x0DDA,0x0DDA,0x0DDA,0x0DDA,0x0DDA,0x0DDA,0x0DDA,0x0DDA,0x0DDA,0x0DDA,0x0DDA,0x0DDA,0x0DDA,0x0DDA,0x0DDA,0x0DDA,0x0DDA,0x0DDA,0x0DDA,0x0DDA,0x0DDA,0x0DDA,0x0DDA,0x0DDA,0x0DDA,0x0DDA,0x0DDA,0x0DDA,0x0DDA,0x0DDA,0x0DDA,0x0DDA,0x0DDA,0x0DDA,0x0DDA,0x0DDA,
0x0DFA,0x0DFA,0x0DFA,0x0DDA,0x0DDA,0x0DDA,0x0DDA,0x0DDA,0x0DDA,0x0DDA,0x0DDA,0x0DDA,0x0DDA,0x0DDA,0x0DDA,0x0DDA,0x0DDA,0x0DDA,0x0DFA,0x0DFA,0x0DFA,0x0DFA,0x0DFA,0x0DFB,0x0DFA,0x0DFA,0x0DFA,0x0DFA,0x0DFA,0x0DFA,0x0DFA,0x0DDA,0x0DDA,0x0DFB,0x0DFA,0x0DFA,0x0DFA,0x0DDA,0x0DDA,0x0DDA,0x0DDA,0x0DDA,0x0DDA,0x0DDA,0x0DDA,0x0DDA,0x0DDA,0x0DDA,0x0DDA,0x0DDA,0x0DDA,0x0DFA,0x0DDA,0x0DDA,0x0DDA,0x0DDA,0x0DDA,0x0DDA,0x0DDA,0x0DDA,0x0DDA,0x0DDA,0x0DDA,0x0DDA,0x0DDA,0x0DDA,0x0DDA,0x0DDA,0x0DFA,0x0DFA,0x0DFA,0x0DFA,0x0DFA,0x0DFA,0x0DFA,0x0DDA,0x0DDA,0x0DDA,0x0DDA,0x0DDA,0x0DDA,0x0DDA,0x0DDA,0x0DDA,0x0DDA,0x0DDA,0x0DDA,0x0DDA,0x0DDA,0x0DDA,0x0DDA,0x0DDA,0x0DDA,0x0DDA,0x0DDA,0x0DDA,0x0DDA,0x0DDA,0x0DFA,0x0DFA,0x0DFB,0x0DFB,0x0DFB,0x0DFB,0x0DFB,0x0DFB,0x0DDB,0x0DDB,0x0DFB,0x0DFB,0x0DFB,0x0DFB,0x0DFB,0x0DFB,0x0DFB,0x0DFB,0x0DFB,0x0DDA,0x0DDA,0x0DDA,0x0DFB,0x0DFA,0x0DFA,0x0DFB,0x0DFB,0x0DFB,0x0DFB,0x0DDA,0x0DDA,0x0DDA,0x0DDA,0x0DDA,0x0DDA,0x0DDA,0x0DDA,0x0DDA,0x0DDA,0x0DDA,0x0DDA,0x0DDA,0x0DDA,0x0DDA,0x0DFA,0x0DFB,0x0DFB,0x0DDA,0x0DDA,0x0DDA,0x0DDA,0x0DDA,0x0DDA,0x0DDA,0x0DDA,0x0DDA,0x0DDA,0x0DDA,0x0DDA,0x0DDA,0x0DDA,0x0DDA,0x0DDA,0x0DDA,0x0DDA,0x0DDA,0x0DDA,0x0DDA,0x0DDA,0x0DDA,0x0DDA,0x0DDA,0x0DDA,0x0DDA,0x0DDA,0x0DDA,0x0DDA,0x0DDA,0x0DDA,0x0DDA,0x0DDA,0x0DDA,0x0DDA,0x0DDA,0x0DDA,0x0DDA,0x0DDA,0x0DDA,0x0DDA,0x0DDA,0x0DDA,0x0DDA,0x0DDA,0x0DDA,
0x0DFA,0x0DFA,0x0DFA,0x0DFA,0x0DFA,0x0DFA,0x0DFA,0x0DFA,0x0DFA,0x0DFA,0x0DFA,0x0DFA,0x0DFA,0x0DFA,0x0DFA,0x0DFA,0x0DDA,0x0DDA,0x0DFA,0x0DFA,0x0DFA,0x0DFA,0x0DFA,0x0DFA,0x0DFA,0x0DFA,0x0DFA,0x0DFA,0x0DFA,0x0DFA,0x0DDA,0x0DDA,0x0DDA,0x0DFA,0x0DFA,0x0DFA,0x0DFA,0x0DFA,0x0DFA,0x0DFA,0x0DFA,0x0DFA,0x0DFA,0x0DFA,0x0DFA,0x0DFA,0x0DFA,0x0DFA,0x0DFA,0x0DFA,0x0DFA,0x0DFA,0x0DFA,0x0DFA,0x0DFA,0x0DFA,0x0DFA,0x0DFA,0x0DFA,0x0DFA,0x0DDA,0x0DDA,0x0DDA,0x0DDA,0x0DDA,0x0DDA,0x0DFA,0x0DDA,0x0DDA,0x0DFA,0x0DFA,0x0DFA,0x0DFA,0x0DFA,0x0DFA,0x0DDA,0x0DDA,0x0DDA,0x0DDA,0x0DDA,0x0DFA,0x0DFA,0x0DFA,0x0DFA,0x0DDA,0x0DDA,0x0DDA,0x0DDA,0x0DDA,0x0DDA,0x0DFA,0x0DDA,0x0DDA,0x0DDA,0x0DDA,0x0DDA,0x0DDA,0x0DDA,0x0DDA,0x0DDA,0x0DDA,0x0DDA,0x0DFA,0x0DFA,0x0DFA,0x0DFA,0x0DFA,0x0DFA,0x0DFA,0x0DFA,0x0DFA,0x0DFA,0x0DFA,0x0DFA,0x0DFA,0x0DFA,0x0DDA,0x0DDA,0x0DDA,0x0DDA,0x0DDA,0x0DDA,0x0DDA,0x0DDA,0x0DDA,0x0DDA,0x0DDA,0x0DDA,0x0DDA,0x0DDA,0x0DDA,0x0DDA,0x0DDA,0x0DDA,0x0DDA,0x0DDA,0x0DDA,0x0DDA,0x0DDA,0x0DDA,0x0DDA,0x0DDA,0x0DDA,0x0DDA,0x0DDA,0x0DDA,0x0DDA,0x0DDA,0x0DDA,0x0DBA,0x0DBA,0x0DDA,0x0DDA,0x0DDA,0x0DDA,0x0DDA,0x0DDA,0x0DDA,0x0DDA,0x0DDA,0x0DDA,0x0DDA,0x0DDA,0x0DDA,0x0DDA,0x0DDA,0x0DDA,0x0DDA,0x0DDA,0x0DDA,0x0DDA,0x0DDA,0x0DDA,0x0DDA,0x0DDA,0x0DDA,0x0DDA,0x0DDA,0x0DBA,0x0DBA,0x0DBA,0x0DBA,0x0DBA,0x0DBA,0x0DBA,0x0DBA,0x0DDA,0x0DDA,0x0DDA,0x0DDA,0x0DDA,0x0DDA,
0x0DDA,0x0DDA,0x0DDA,0x0DDA,0x0DDA,0x0DDA,0x0DFA,0x0DFA,0x0DFB,0x0DFB,0x0DFA,0x0DFA,0x0DFA,0x0DDA,0x0DDA,0x0DDB,0x0DDA,0x0DDA,0x0DFB,0x0DFB,0x0DFB,0x0DFB,0x0DFB,0x0DFB,0x0DDA,0x0DDA,0x0DDA,0x0DDA,0x0DDA,0x0DDA,0x0DDA,0x0DDA,0x0DDA,0x0DDA,0x0DDA,0x0DDA,0x0DDA,0x0DDA,0x0DDA,0x0DFA,0x0DFA,0x0DFB,0x0DDB,0x0DDA,0x0DDA,0x0DDA,0x0DDA,0x0DDA,0x0DDA,0x0DDA,0x0DDB,0x0DFB,0x0DFB,0x0DFB,0x0DDB,0x0DDB,0x0DDB,0x0DDA,0x0DDA,0x0DDA,0x0DDA,0x0DDA,0x0DDA,0x0DDA,0x0DDA,0x0DDA,0x0DDA,0x0DDA,0x0DDA,0x0DDB,0x0DDB,0x0DDB,0x0DDB,0x0DDB,0x0DDB,0x0DDA,0x0DDA,0x0DDA,0x0DDB,0x0DDB,0x0DDB,0x0DDB,0x0DDB,0x0DDB,0x0DDA,0x0DDA,0x0DDB,0x0DDB,0x0DDB,0x0DDB,0x0DDB,0x0DDB,0x0DDB,0x0DDA,0x0DDA,0x0DDA,0x0DDA,0x0DDA,0x0DDA,0x0DDA,0x0DDA,0x0DDA,0x0DDB,0x0DDB,0x0DFB,0x0DDB,0x0DDB,0x0DDB,0x0DDB,0x0DDA,0x0DDA,0x0DDB,0x0DDB,0x0DDB,0x0DDB,0x0DDB,0x0DDB,0x0DDA,0x0DDA,0x0DDA,0x0DDA,0x0DDA,0x0DDB,0x0DDA,0x0DDA,0x0DDA,0x0DDA,0x0DDA,0x0DDA,0x0DDA,0x0DDA,0x0DDB,0x0DDA,0x0DDA,0x0DDA,0x0DDB,0x0DDB,0x0DDB,0x0DDB,0x0DDA,0x0DDA,0x0DDA,0x0DDA,0x0DDB,0x0DDB,0x0DDA,0x0DDA,0x0DDA,0x0DDA,0x0DBA,0x0DBA,0x0DDA,0x0DDA,0x0DDA,0x0DDA,0x0DBA,0x0DBA,0x0DBA,0x0DBA,0x0DDA,0x0DBA,0x0DBA,0x0DDA,0x0DDA,0x0DDA,0x0DBA,0x0DBA,0x0DBA,0x0DBA,0x0DBA,0x0DBA,0x0DBA,0x0DBA,0x0DBA,0x0DBA,0x0DBA,0x0DBA,0x0DBA,0x0DBA,0x0DBA,0x0DBA,0x0DBA,0x0DBA,0x0DBA,0x0DBA,0x0DBA,0x0DBA,0x0DBA,0x0DDA,0x0DDA,0x0DDA,0x0DDA,
0x0DDB,0x0DDB,0x05DB,0x05DB,0x05DB,0x05DB,0x0DFB,0x0DFB,0x0DFB,0x0DFB,0x0DFB,0x0DFB,0x0DFB,0x0DFB,0x0DFB,0x05DB,0x05DB,0x05DB,0x05DB,0x05DB,0x05DB,0x0DDB,0x0DDB,0x0DFB,0x0DDB,0x05DB,0x05DB,0x05DB,0x05DB,0x05DB,0x05DB,0x05DB,0x05DB,0x05DB,0x05DB,0x05DB,0x05DB,0x05DB,0x05FB,0x05FB,0x05FB,0x05FB,0x05DB,0x05DB,0x05DB,0x05DB,0x05DB,0x05DB,0x05DB,0x05DB,0x05DB,0x0DFB,0x05FB,0x05FB,0x05DB,0x05DB,0x05DB,0x05DB,0x05DB,0x05DB,0x05DB,0x05DB,0x05DB,0x05DB,0x05DB,0x05DB,0x05DB,0x05DB,0x05DB,0x05DB,0x05DB,0x05DB,0x05DB,0x05DB,0x05DB,0x05DB,0x05DB,0x05DB,0x05DB,0x05DB,0x05DB,0x05DB,0x05DB,0x05DB,0x05DB,0x05DB,0x05DB,0x05DB,0x05DB,0x05DB,0x05DB,0x05DB,0x05DB,0x05DB,0x05DB,0x05DB,0x05DB,0x05DB,0x05DB,0x05DA,0x05DA,0x05DB,0x05DB,0x05DB,0x05FB,0x05FB,0x05DB,0x05DB,0x05DB,0x05DB,0x05DB,0x05DB,0x05DB,0x05DB,0x05DB,0x05DB,0x05DB,0x05DB,0x05DB,0x05DB,0x05DB,0x05DB,0x05DB,0x05DB,0x05DB,0x05DB,0x05DB,0x05DB,0x05DB,0x05DB,0x05DB,0x05DB,0x05DB,0x05DB,0x05DB,0x05DB,0x05DB,0x05DB,0x05DB,0x05DB,0x05DB,0x05DB,0x05DB,0x05DB,0x05DB,0x05DB,0x05DB,0x05DB,0x05DB,0x05DB,0x05DB,0x05DB,0x05DB,0x0DDB,0x05DB,0x05DB,0x05DB,0x05DB,0x05DB,0x05DB,0x05DB,0x05DB,0x05DB,0x05BB,0x05BB,0x05BA,0x05BA,0x05BA,0x05BB,0x05BB,0x05BB,0x05BA,0x05BA,0x05BA,0x05BA,0x05BA,0x05BA,0x05DB,0x05BB,0x05BB,0x05BB,0x05BB,0x05BB,0x05BB,0x05BB,0x05BB,0x05BB,0x05BB,0x0DBB,0x0DDB,0x05DB,0x05DB
};


// Istanbul yazısı için RGB565 C array
const uint16_t ist[4096] = {
0x05BB,0x05BB,0x05BB,0x05BB,0x05BB,0x05BB,0x05BB,0x05BB,0x05BB,0x05BB,0x05BB,0x05BB,0x05BB,0x05BB,0x05BB,0x05BB,0x05BB,0x05BB,0x05BB,0x05BB,0x05BB,0x05BB,0x05BB,0x05BB,0x05BB,0x05BB,0x05BB,0x05BB,0x05BB,0x05BB,0x05BB,0x05BB,0x05BB,0x05BB,0x05BB,0x05BB,0x05BB,0x05BB,0x05BB,0x05BB,0x05BB,0x05BB,0x05BB,0x05BB,0x05BB,0x05BB,0x05BB,0x05BB,0x05BB,0x05BB,0x05BB,0x05BB,0x05BB,0x05BB,0x05BB,0x05BB,0x05BB,0x05BB,0x05BB,0x05BB,0x05BB,0x05BB,0x05BB,0x05BB,
0x05BB,0x05BB,0x05BB,0x05BB,0x05BB,0x05BB,0x05BB,0x05BB,0x05BB,0x05BB,0x05BB,0x05BB,0x05BB,0x05BB,0x05BB,0x05BB,0x05BB,0x05BB,0x05BB,0x05BB,0x05BB,0x05BB,0x05BB,0x05BB,0x05BB,0x05BB,0x05BB,0x05BB,0x05BB,0x05BB,0x05BB,0x05BB,0x05BB,0x05BB,0x05BB,0x05BB,0x05BB,0x05BB,0x05DB,0x05BB,0x05BB,0x05BB,0x05BB,0x05BB,0x05BB,0x05BB,0x05BB,0x05BB,0x05BB,0x05BB,0x05BB,0x05BB,0x05BB,0x05BB,0x05BB,0x05BB,0x05BB,0x05BB,0x05BB,0x05BB,0x05BB,0x05BB,0x05BB,0x05BB,
0x05BB,0x05BB,0x05BB,0x05BB,0x05BB,0x05BB,0x05BB,0x05BB,0x05BB,0x05BB,0x05BB,0x05BB,0x05BB,0x05BB,0x05BB,0x05BB,0x05BB,0x05BB,0x05BB,0x05BB,0x05BB,0x05BB,0x05BB,0x05BB,0x05BB,0x05BB,0x05BB,0x05BB,0x05BB,0x05BB,0x05BB,0x05BB,0x05BB,0x05BB,0x05BB,0x05BB,0x05BB,0x05BB,0x05BB,0x05BB,0x05BB,0x05BB,0x05BB,0x05BB,0x05BB,0x05BB,0x05BB,0x05BB,0x05BB,0x05BB,0x05BB,0x05BB,0x05BB,0x05BB,0x05BB,0x05BB,0x05BB,0x05BB,0x05BB,0x05BB,0x05BB,0x05BB,0x05BB,0x05BB,
0x05BB,0x05BB,0x05BB,0x05BB,0x05BB,0x05BB,0x05BB,0x05BB,0x05BB,0x05BB,0x05BB,0x05BB,0x05BB,0x05BB,0x05BB,0x05BB,0x05BB,0x05BB,0x05BB,0x05BB,0x05BB,0x05BB,0x05BB,0x05BB,0x05BB,0x05BB,0x05BB,0x05BB,0x05BB,0x05BB,0x05BB,0x05BB,0x05BB,0x05BB,0x05BB,0x05BB,0x05BB,0x05BB,0x05BB,0x05BB,0x05BB,0x05BB,0x05BB,0x05BB,0x05BB,0x05BB,0x05BB,0x05BB,0x05BB,0x05BB,0x05BB,0x05BB,0x05BB,0x05BB,0x05BB,0x05BB,0x05BB,0x05BB,0x05BB,0x05BB,0x05BB,0x05BB,0x05BB,0x05BB,
0x05BB,0x05BB,0x05BB,0x05BB,0x05BB,0x05BB,0x05BB,0x05BB,0x05BB,0x05BB,0x05BB,0x05BB,0x05BB,0x05BB,0x05BB,0x05BB,0x05BB,0x05BB,0x05BB,0x05BB,0x05BB,0x05BB,0x05BB,0x05BB,0x05BB,0x05BB,0x05BB,0x05BB,0x05BB,0x05BB,0x05BB,0x05BB,0x05BB,0x05BB,0x05BB,0x05BB,0x05BB,0x05BB,0x05BB,0x05BB,0x05BB,0x05BB,0x05BB,0x05BB,0x05BB,0x05BB,0x05BB,0x05BB,0x05BB,0x05BB,0x05BB,0x05BB,0x05BB,0x05BB,0x05BB,0x05BB,0x05BB,0x05BB,0x05BB,0x05BB,0x05BB,0x05BB,0x05BB,0x05BB,
0x05BB,0x05BB,0x05BB,0x05BB,0x05BB,0x05BB,0x05BB,0x05BB,0x05BB,0x05BB,0x05BB,0x05BB,0x05BB,0x05BB,0x05BB,0x05BB,0x05BB,0x05BB,0x05BB,0x05BB,0x05BB,0x05BB,0x05BB,0x05BB,0x05BB,0x05BB,0x05BB,0x05BB,0x05BB,0x05BB,0x05BB,0x05BB,0x05BB,0x05BB,0x05BB,0x05BB,0x05BB,0x05BB,0x05BB,0x05BB,0x05BB,0x05BB,0x05BB,0x05BB,0x05BB,0x05BB,0x05BB,0x05BB,0x05BB,0x05BB,0x05BB,0x05BB,0x05BB,0x05BB,0x05BB,0x05BB,0x05BB,0x05BB,0x05BB,0x05BB,0x05BB,0x05BB,0x05BB,0x05BB,
0x05BB,0x05BB,0x05BB,0x05BB,0x05BB,0x05BB,0x05BB,0x05BB,0x05BB,0x05BB,0x05BB,0x05BB,0x05BB,0x05BB,0x05BB,0x05BB,0x05BB,0x05BB,0x05BB,0x05BB,0x05BB,0x05BB,0x05BB,0x05BB,0x05BB,0x05BB,0x05BB,0x05BB,0x05BB,0x05BB,0x05BB,0x05BB,0x05BB,0x05BB,0x05BB,0x05BB,0x05BB,0x05BB,0x05BB,0x05BB,0x05BB,0x05BB,0x05BB,0x05BB,0x05BB,0x05BB,0x05BB,0x05BB,0x05BB,0x05BB,0x05BB,0x05BB,0x05BB,0x05BB,0x05BB,0x05BB,0x05BB,0x05BB,0x05BB,0x05BB,0x05BB,0x05BB,0x05BB,0x05BB,
0x05BB,0x05BB,0x05BB,0x05BB,0x05BB,0x05BB,0x05BB,0x05BB,0x05BB,0x05BB,0x05BB,0x05BB,0x05BB,0x05BB,0x05BB,0x05BB,0x05BB,0x05BB,0x05BB,0x05BB,0x05BB,0x05BB,0x05BB,0x05BB,0x05BB,0x05BB,0x05BB,0x05BB,0x05BB,0x05BB,0x05BB,0x05BB,0x05BB,0x05BB,0x05BB,0x05BB,0x05BB,0x05BB,0x05BB,0x05BB,0x05BB,0x05BB,0x05BB,0x05BB,0x05BB,0x05BB,0x05BB,0x05BB,0x05BB,0x05BB,0x05BB,0x05BB,0x05BB,0x05BB,0x05BB,0x05BB,0x05BB,0x05BB,0x05BB,0x05BB,0x05BB,0x05BB,0x05BB,0x05BB,
0x05BB,0x05BB,0x05DB,0x05BB,0x05BB,0x05BB,0x05BB,0x05BB,0x05BB,0x05BB,0x05BB,0x05BB,0x05BB,0x05BB,0x05BB,0x05BB,0x05BB,0x05BB,0x05BB,0x05BB,0x05BB,0x05BB,0x05BB,0x05BB,0x05BB,0x05BB,0x05BB,0x05BB,0x05BB,0x05BB,0x05BB,0x05BB,0x05BB,0x05BB,0x05BB,0x05BB,0x05BB,0x05BB,0x05BB,0x05BB,0x05BB,0x05BB,0x05BB,0x05BB,0x05BB,0x05BB,0x05BB,0x05BB,0x05BB,0x05BB,0x05BB,0x05BB,0x05BB,0x05BB,0x05BB,0x05BB,0x05BB,0x05BB,0x05BB,0x05BB,0x05BB,0x05BB,0x05BB,0x05BB,
0x05BB,0x05BB,0x05BB,0x05BB,0x05BB,0x05BB,0x05BB,0x05BB,0x05BB,0x05BB,0x05BB,0x05BB,0x05BB,0x05BB,0x05BB,0x05BB,0x05BB,0x05BB,0x05BB,0x05BB,0x05BB,0x05BB,0x05BB,0x05BB,0x05BB,0x05BB,0x05BB,0x05BB,0x05BB,0x05BB,0x05BB,0x05BB,0x05BB,0x05BB,0x05BB,0x05BB,0x05BB,0x05BB,0x05BB,0x05BB,0x05BB,0x05BB,0x05BB,0x05BB,0x05BB,0x05BB,0x05BB,0x05BB,0x05BB,0x05BB,0x05BB,0x05BB,0x05BB,0x05BB,0x05BB,0x05BB,0x05BB,0x05BB,0x05BB,0x05BB,0x05BB,0x05BB,0x05BB,0x05BB,
0x05BB,0x05BB,0x05BB,0x05BB,0x05BB,0x05BB,0x05BB,0x05BB,0x05BB,0x05BB,0x05BB,0x05BB,0x05BB,0x05BB,0x05BB,0x05BB,0x05BB,0x05BB,0x05BB,0x05BB,0x05BB,0x05BB,0x05BB,0x05BB,0x05BB,0x05BB,0x05BB,0x05BB,0x05BB,0x05BB,0x05BB,0x05BB,0x05BB,0x05BB,0x05BB,0x05BB,0x05BB,0x05BB,0x05BB,0x05BB,0x05BB,0x05BB,0x05BB,0x05BB,0x05BB,0x05BB,0x05BB,0x05BB,0x05BB,0x05BB,0x05BB,0x05BB,0x05BB,0x05BB,0x05BB,0x05BB,0x05BB,0x05BB,0x05BB,0x05BB,0x05BB,0x05BB,0x05BB,0x05BB,
0x05BB,0x05BB,0x05BB,0x05BB,0x05BB,0x05BB,0x05BB,0x05BB,0x05BB,0x05BB,0x05BB,0x05BB,0x05BB,0x05BB,0x05BB,0x05BB,0x05BB,0x05BB,0x05BB,0x05BB,0x05BB,0x05BB,0x05BB,0x05BB,0x05BB,0x05BB,0x05BB,0x05BB,0x05BB,0x05BB,0x05BB,0x05BB,0x05BB,0x05BB,0x05BB,0x05BB,0x05BB,0x05BB,0x05BB,0x05BB,0x05BB,0x05BB,0x05BB,0x05BB,0x05BB,0x05BB,0x05BB,0x05BB,0x05BB,0x05BB,0x05BB,0x05BB,0x05BB,0x05BB,0x05BB,0x05BB,0x05BB,0x05BB,0x05BB,0x05BB,0x05BB,0x05BB,0x05BB,0x05BB,
0x05BB,0x05BB,0x05BB,0x05BB,0x05BB,0x05BB,0x05BB,0x05BB,0x05BB,0x05BB,0x05BB,0x05BB,0x05BB,0x05BB,0x05BB,0x05BB,0x05BB,0x05BB,0x05BB,0x05BB,0x05BB,0x05BB,0x05BB,0x05BB,0x05BB,0x05BB,0x05BB,0x05BB,0x05BB,0x05BB,0x05BB,0x05BB,0x05BB,0x05BB,0x05BB,0x05BB,0x05BB,0x05BB,0x05BB,0x05BB,0x05BB,0x05BB,0x05BB,0x05BB,0x05BB,0x05BB,0x05BB,0x05BB,0x05BB,0x05BB,0x05BB,0x05BB,0x05BB,0x05BB,0x05BB,0x05BB,0x05BB,0x05BB,0x05BB,0x05BB,0x05BB,0x05BB,0x05BB,0x05BB,
0x05BB,0x05BB,0x05DB,0x05BB,0x05BB,0x05BB,0x05BB,0x05BB,0x05BB,0x05BB,0x05BB,0x05BB,0x05BB,0x05BB,0x05BB,0x05BB,0x05BB,0x05BB,0x05BB,0x05BB,0x05BB,0x05BB,0x05BB,0x05BB,0x05BB,0x05BB,0x05BB,0x05BB,0x05BB,0x05BB,0x05BB,0x05BB,0x05BB,0x05BB,0x05BB,0x05BB,0x05BB,0x05BB,0x05BB,0x05BB,0x05BB,0x05BB,0x05BB,0x05BB,0x05BB,0x05BB,0x05BB,0x05BB,0x05BB,0x05BB,0x05BB,0x05BB,0x05BB,0x05BB,0x05BB,0x05BB,0x05BB,0x05BB,0x05BB,0x05BB,0x05BB,0x05BB,0x05BB,0x05BB,
0x05BB,0x05DB,0x05DB,0x05BB,0x05BB,0x05BB,0x05BB,0x05BB,0x05BB,0x05BB,0x05BB,0x05BB,0x05BB,0x05BB,0x05BB,0x05BB,0x05BB,0x05BB,0x05BB,0x05BB,0x05BB,0x05BB,0x05BB,0x05BB,0x05BB,0x05BB,0x05BB,0x05BB,0x05BB,0x05BB,0x05BB,0x05BB,0x05BB,0x05BB,0x05BB,0x05BB,0x05BB,0x05BB,0x05BB,0x05BB,0x05BB,0x05BB,0x05BB,0x05BB,0x05BB,0x05BB,0x05BB,0x05BB,0x05BB,0x05BB,0x05BB,0x05BB,0x05BB,0x05BB,0x05BB,0x05BB,0x05BB,0x05BB,0x05DB,0x05BB,0x05BB,0x05BB,0x05BB,0x05BB,
0x05BB,0x05DB,0x05DB,0x05BB,0x05BB,0x05BB,0x05BB,0x05BB,0x05BB,0x05BB,0x05BB,0x05BB,0x05BB,0x05BB,0x05BB,0x05BB,0x05BB,0x05BB,0x05BB,0x05BB,0x05BB,0x05BB,0x05BB,0x05BB,0x05BB,0x05BB,0x05BB,0x05BB,0x05BB,0x05BB,0x05BB,0x05BB,0x05BB,0x05BB,0x05BB,0x05BB,0x05BB,0x05BB,0x05BB,0x05BB,0x05BB,0x05BB,0x05BB,0x05BB,0x05BB,0x05BB,0x05BB,0x05BB,0x05BB,0x05BB,0x05BB,0x05BB,0x05BB,0x05BB,0x05BB,0x05BB,0x05BB,0x05BB,0x05BB,0x05BB,0x05BB,0x05BB,0x05BB,0x05BB,
0x05BB,0x05DB,0x05DB,0x05DB,0x05BB,0x05BB,0x05BB,0x05BB,0x05BB,0x05BB,0x05BB,0x05BB,0x05BB,0x05BB,0x05BB,0x05BB,0x05BB,0x05BB,0x05BB,0x05BB,0x05BB,0x05BB,0x05BB,0x05BB,0x05BB,0x05BB,0x05BB,0x05BB,0x05BB,0x05BB,0x05BB,0x05BB,0x05BB,0x05BB,0x05BB,0x05BB,0x05BB,0x05BB,0x05BB,0x05BB,0x05BB,0x05BB,0x05BB,0x05BB,0x05BB,0x05BB,0x05BB,0x05BB,0x05BB,0x05BB,0x05BB,0x05BB,0x05BB,0x05BB,0x05BB,0x05BB,0x05BB,0x05BB,0x05BB,0x05BB,0x05BB,0x05DB,0x05BB,0x05BB,
0x05BB,0x05DB,0x05DB,0x05DB,0x05BB,0x05BB,0x05BB,0x05BB,0x05BB,0x05BB,0x05BB,0x05BB,0x05BB,0x05BB,0x05BB,0x05BB,0x05BB,0x05BB,0x05BB,0x05BB,0x05BB,0x05BB,0x05BB,0x05BB,0x05BB,0x05BB,0x05BB,0x05BB,0x05BB,0x05BB,0x05BB,0x05BB,0x05BB,0x05BB,0x05BB,0x05BB,0x05BB,0x05BB,0x05BB,0x05BB,0x05BB,0x05BB,0x05BB,0x05BB,0x05BB,0x05BB,0x05BB,0x05BB,0x05BB,0x05BB,0x05BB,0x05BB,0x05BB,0x05BB,0x05BB,0x05BB,0x05BB,0x05BB,0x05BB,0x05BB,0x05BB,0x05BB,0x05BB,0x05BB,
0x05BB,0x05DB,0x05DB,0x05BB,0x05BB,0x05BB,0x05BB,0x05BB,0x05BB,0x05BB,0x05BB,0x05BB,0x05BB,0x05BB,0x05BB,0x05BB,0x05BB,0x05BB,0x05BB,0x05BB,0x05BB,0x05BB,0x05BB,0x05BB,0x05BB,0x05BB,0x05BB,0x05BB,0x05BB,0x05BB,0x05BB,0x05BB,0x05BB,0x05BB,0x05BB,0x05BB,0x05BB,0x05BB,0x05BB,0x05BB,0x05BB,0x05BB,0x05BB,0x05BB,0x05BB,0x05BB,0x05BB,0x05BB,0x05BB,0x05BB,0x05BB,0x05BB,0x05BB,0x05BB,0x05BB,0x05BB,0x05BB,0x05BB,0x05BB,0x05BB,0x05BB,0x05BB,0x05DB,0x05BB,
0x05BB,0x05BB,0x05DB,0x05BB,0x05BB,0x05BB,0x05BB,0x05BB,0x05BB,0x05BB,0x05BB,0x05BB,0x05BB,0x05BB,0x05BB,0x05BB,0x05BB,0x05BB,0x05BB,0x05BB,0x05BB,0x05BB,0x05BB,0x05BB,0x05BB,0x05BB,0x05BB,0x05BB,0x05BB,0x05BB,0x05BB,0x05BB,0x05BB,0x05BB,0x05BB,0x05BB,0x05BB,0x05BB,0x05BB,0x05BB,0x05BB,0x05BB,0x05BB,0x05BB,0x05BB,0x05BB,0x05BB,0x05BB,0x05BB,0x05BB,0x05BB,0x05BB,0x05BB,0x05BB,0x05BB,0x05BB,0x05BB,0x05BB,0x05BB,0x05BB,0x05BB,0x05BB,0x05BB,0x05DB,
0x05BB,0x05DB,0x05DB,0x05DB,0x05BB,0x05DB,0x05BB,0x05BB,0x05BB,0x05BB,0x05BB,0x05BB,0x05BB,0x05BB,0x05BB,0x05BB,0x05BB,0x05BB,0x05BB,0x05BB,0x05BB,0x05BB,0x05BB,0x05BB,0x05BB,0x05BB,0x05BB,0x05BB,0x05BB,0x05BB,0x05BB,0x05BB,0x05BB,0x05BB,0x05BB,0x05BB,0x05BB,0x05BB,0x05BB,0x05BB,0x05BB,0x05BB,0x05BB,0x05BB,0x05BB,0x05BB,0x05BB,0x05BB,0x05BB,0x05BB,0x05BB,0x05BB,0x05BB,0x05BB,0x05BB,0x05BB,0x05BB,0x05BB,0x05BB,0x05BB,0x05BB,0x05BB,0x05BB,0x05DB,
0x05BB,0x05BB,0x05BB,0x05BB,0x05BB,0x05BB,0x05BB,0x05BB,0x05BB,0x05BB,0x05BB,0x05BB,0x05BB,0x05BB,0x05BB,0x05BB,0x05BB,0x05BB,0x05BB,0x05BB,0x05BB,0x05BB,0x05BB,0x05BB,0x05BB,0x05BB,0x05BB,0x05BB,0x05BB,0x05BB,0x05BB,0x05BB,0x05BB,0x05BB,0x05BB,0x05BB,0x05BB,0x05BB,0x05BB,0x05BB,0x05BB,0x05BB,0x05BB,0x05BB,0x05BB,0x05BB,0x05BB,0x05BB,0x05BB,0x05BB,0x05BB,0x05BB,0x05BB,0x05BB,0x05BB,0x05BB,0x05DB,0x05BB,0x05BB,0x05BB,0x05BB,0x05BB,0x05BB,0x05BB,
0x05BB,0x05BB,0x05BB,0x05DB,0x05BB,0x05BB,0x05BB,0x05BB,0x05BB,0x05BB,0x05BB,0x05BB,0x05BB,0x05BB,0x05BB,0x05BB,0x05BB,0x05BB,0x05BB,0x05BB,0x05BB,0x05BB,0x05BB,0x05BB,0x05BB,0x05BB,0x05BB,0x05BB,0x05BB,0x05BB,0x05BB,0x05BB,0x05BB,0x05BB,0x05BB,0x05BB,0x05BB,0x05BB,0x05BB,0x05BB,0x05BB,0x05BB,0x05BB,0x05BB,0x05BB,0x05BB,0x05BB,0x05BB,0x05BB,0x05BB,0x05BB,0x05BB,0x05BB,0x05BB,0x05BB,0x05BB,0x05BB,0x05BB,0x05BB,0x05DB,0x05BB,0x05BB,0x05BB,0x05BB,
0x05BB,0x05DB,0x05DB,0x05DB,0x05BB,0x05BB,0x05BB,0x05BB,0x05BB,0x05BB,0x05BB,0x05BB,0x05BB,0x05BB,0x05BB,0x05BB,0x05BB,0x05BB,0x05BB,0x05BB,0x05BB,0x05BB,0x05BB,0x05BB,0x05BB,0x05BB,0x05BB,0x05BB,0x05BB,0x05BB,0x05BB,0x05BB,0x05BB,0x05BB,0x05BB,0x05BB,0x05BB,0x05BB,0x05BB,0x05BB,0x05BB,0x05BB,0x05BB,0x05BB,0x05BB,0x05BB,0x05BB,0x05BB,0x05BB,0x05BB,0x05BB,0x05BB,0x05BB,0x05BB,0x05BB,0x05BB,0x05BB,0x05BB,0x05BB,0x05BB,0x05BB,0x05BB,0x05BB,0x05BB,
0x05BB,0x05DB,0x05DB,0x05BB,0x05BB,0x05BB,0x05BB,0x05BB,0x05BB,0x05BB,0x05BB,0x05BB,0x05BB,0x05BB,0x05BB,0x05BB,0x05BB,0x05BB,0x05BB,0x05BB,0x05BB,0x05BB,0x05BB,0x05BB,0x05BB,0x05BB,0x05BB,0x05BB,0x05BB,0x05BB,0x05BB,0x05BB,0x05BB,0x05BB,0x05BB,0x05BB,0x05BB,0x05BB,0x05BB,0x05BB,0x05BB,0x05BB,0x05BB,0x05BB,0x05BB,0x05BB,0x05BB,0x05BB,0x05BB,0x05BB,0x05BB,0x05BB,0x05BB,0x05BB,0x05BB,0x05BB,0x05DB,0x05BB,0x05BB,0x05BB,0x05BB,0x05BB,0x05BB,0x05BB,
0x05BB,0x05BB,0x05BB,0x05BB,0x05BB,0x05BB,0x05BB,0x05BB,0x05BB,0x05BB,0x05BB,0x05BB,0x05BB,0x05BB,0x05BB,0x05BB,0x05BB,0x05BB,0x05BB,0x05BB,0x05BB,0x05BB,0x05BB,0x05BB,0x05BB,0x05BB,0x05BB,0x05BB,0x05BB,0x05BB,0x05BB,0x05BB,0x05BB,0x05BB,0x05BB,0x05BB,0x05BB,0x05BB,0x05BB,0x05BB,0x05BB,0x05BB,0x05BB,0x05BB,0x05BB,0x05BB,0x05BB,0x05BB,0x05BB,0x05BB,0x05BB,0x05BB,0x05BB,0x05BB,0x05BB,0x05BB,0x05BB,0x05BB,0x05BB,0x05BB,0x05BB,0x05BB,0x05BB,0x05BB,
0x05BB,0x05DB,0x05DB,0x05BB,0x05BB,0x05BB,0x05BB,0x05BB,0x05BB,0x05BB,0x76BD,0x3E3C,0x05BB,0x05BB,0x05BB,0x05BB,0x05BB,0x05BB,0x05BB,0x05BB,0x05BB,0x05BB,0x05BB,0x05BB,0x05BB,0x05BB,0x05BB,0x05BB,0x05BB,0x05BB,0x05BB,0x05BB,0x6EBD,0x3E3C,0x05BB,0x05BB,0x05BB,0x05BB,0x05BB,0x05BB,0x05BB,0x05BB,0x05BB,0x6EBD,0x3E3C,0x05BB,0x05BB,0x05BB,0x05BB,0x05BB,0x05BB,0x05DB,0x05BB,0x05BB,0x05BB,0x05BB,0x05BB,0x05DB,0x05BB,0x05BB,0x05BB,0x05BB,0x05BB,0x05DB,
0x05BB,0x05BB,0x05DB,0x05BB,0x05BB,0x05BB,0x05BB,0x05BB,0x05BB,0x05BB,0xFFFF,0x86DD,0x05BB,0x05BB,0x05BB,0x05BB,0x05BB,0x86DD,0xFFFF,0x059A,0x05BB,0x05BB,0x05BB,0x05BB,0x05BB,0x05BB,0x05BB,0x05BB,0x05BB,0x05BB,0x05BB,0x05BB,0xFFFF,0x86DD,0x059B,0x05BB,0x05BB,0x05BB,0x05BB,0x05BB,0x05BB,0x05BB,0x05BB,0xFFFF,0x86DD,0x05BB,0x05BB,0xC77E,0x1DDB,0x05BB,0x05BB,0x05BB,0x463C,0xEFDF,0x05BB,0x05BB,0x05BB,0x05BB,0x05DB,0x05DB,0x05BB,0x05BB,0x05BB,0x05DB,
0x05BB,0x05BB,0x05DB,0x05BB,0x05BB,0x05BB,0x05BB,0x05BB,0x05BB,0x05BB,0x1DDB,0x0DBB,0x05BB,0x463C,0x86DD,0x1DDB,0x15DB,0xA73E,0xFFFF,0x3E3C,0x05BB,0x05BB,0x7EDD,0x4E5C,0x261C,0x25FB,0x1DFB,0x363C,0x1DFB,0x86DD,0x25FB,0x05BB,0xFFFF,0x86DD,0x6E9D,0x669C,0x05BB,0x15DB,0x25FB,0x05BB,0x05BB,0x2E1C,0x15DB,0xFFFF,0x86DD,0x05BB,0x05BB,0x463C,0xFFFF,0xFFFF,0xB73E,0xFFFF,0xC75E,0x463C,0x05BB,0x05BB,0x05BB,0x05BB,0x05DB,0x05BB,0x05BB,0x05DB,0x05BB,0x05BB,
0x05BB,0x05BB,0x05BB,0x05DB,0x05BB,0x05BB,0x05BB,0x05BB,0x05BB,0x05BB,0xFFFF,0x86DD,0x7EBD,0xFFFF,0x8EDD,0xFFFF,0x6E9C,0xFFFF,0xFFFF,0xFFFF,0x059A,0xC77E,0xFFFF,0xFFFF,0xF7FF,0xA71E,0x86DD,0xFFFF,0xFFFF,0xFFFF,0xFFFF,0x059B,0xFFFF,0xFFFF,0xFFFF,0xFFFF,0xBF5E,0x669C,0xFFFF,0x05BB,0x05BB,0xFFFF,0x86DD,0xFFFF,0x86DD,0x05BB,0x05BB,0x86DD,0xFFFF,0xFFFF,0xFFFF,0xFFFF,0xFFFF,0x86DD,0x05BB,0x05BB,0x05BB,0x05BB,0x05BB,0x05BB,0x05BB,0x05BB,0x05BB,0x05BB,
0x05BB,0x05BB,0x05BB,0x05BB,0x05DB,0x05BB,0x05BB,0x05BB,0x05BB,0x05BB,0xFFFF,0x86DD,0x8EDD,0xD79E,0x86DD,0x1DDB,0x05BB,0x86DD,0xFFFF,0x059A,0x567C,0xFFFF,0x463C,0x05BB,0xC75E,0xA71E,0x86DD,0xFFFF,0x25FB,0x465C,0xFFFF,0x25FB,0xFFFF,0x96FD,0x05BB,0x86DD,0xFFFF,0x669C,0xFFFF,0x059A,0x05BB,0xFFFF,0x86DD,0xFFFF,0x86DD,0x059B,0x05BB,0x86DD,0xFFFF,0xFFFF,0xFFFF,0xFFFF,0xFFFF,0x463C,0x05BB,0x05BB,0x05BB,0x05DB,0x05DB,0x05BB,0x05BB,0x05BB,0x05BB,0x05BB,
0x05BB,0x05BB,0x05DB,0x05DB,0x05DB,0x05DB,0x05BB,0x05BB,0x05BB,0x05BB,0xFFFF,0x86DD,0x05BB,0x86BD,0xC75E,0xFFFF,0x465C,0x86DD,0xFFFF,0x059B,0x7EDD,0xFFFF,0x05BB,0x059B,0xAF3D,0xA71E,0x86DD,0xFFFF,0x05BA,0x05BA,0xFFFF,0x25FB,0xFFFF,0x86DD,0x05BB,0x7EDD,0xFFFF,0x667C,0xFFFF,0x059A,0x05BB,0xFFFF,0x86DD,0xFFFF,0x86DD,0x05BB,0x05BB,0x05BB,0xC77E,0xFFFF,0xFFFF,0xFFFF,0xAF3E,0x05BB,0x05BB,0x05BB,0x05BB,0x05DB,0x05DB,0x05BB,0x05BB,0x05BB,0x05BB,0x05BB,
0x05BB,0x05DB,0x05DB,0x05DB,0x05BB,0x05BB,0x05DB,0x05BB,0x05BB,0x05BB,0xFFFF,0x86DD,0xBF5E,0xBF5E,0x86DD,0xFFFF,0x86DD,0x669C,0xFFFF,0x86DD,0x0DBB,0xFFFF,0xBF5E,0x8EDD,0xFFFF,0xA6FD,0x86DD,0xFFFF,0x05BB,0x05BB,0xFFFF,0x25FB,0xFFFF,0xFFFF,0x86DD,0xEFDF,0xCF7E,0x25FB,0xFFFF,0xC75E,0xBF7E,0xFFFF,0x86DD,0xAF3E,0xFFFF,0x86DD,0x05BA,0x76BD,0x05BB,0xBF5E,0xFFFF,0x5E7C,0x05BB,0xC75E,0x05BB,0x05BB,0x05BB,0x05BB,0x05DB,0x05BB,0x05BB,0x05BB,0x05BB,0x05BB,
0x05BB,0x05BB,0x05DB,0x05BB,0x05BB,0x05BB,0x05DB,0x05BB,0x05BB,0x05BB,0x86DD,0x465C,0x15DB,0x86DD,0x8EDD,0x86DD,0x05BB,0x05BB,0x86DD,0x86DD,0x0DBB,0x465C,0x86DD,0x86DD,0x465C,0x565C,0x465C,0x86DD,0x05BB,0x05BB,0x86DD,0x1DDB,0x86DD,0x7EDD,0x86DD,0x86DD,0x25FB,0x05BB,0x5E9C,0x8EDD,0x6EBD,0x86DD,0x463C,0x2E1B,0x86DD,0x86DD,0x05BB,0x86DD,0x463C,0x05BB,0x15DB,0x05BB,0x465C,0x86DD,0x05BB,0x05BB,0x05BB,0x05BB,0x05BB,0x05BB,0x05BB,0x05BB,0x05BB,0x05BB,
0x05BB,0x05BB,0x05BB,0x05DB,0x05BB,0x05BB,0x05BB,0x05BB,0x05BB,0x05BB,0x05BB,0x05BB,0x05BB,0x05BB,0x05BB,0x05BB,0x05BB,0x05BB,0x05BB,0x05BB,0x05BB,0x05BB,0x05BB,0x05BB,0x05BB,0x05BB,0x05BB,0x05BB,0x05BB,0x05BB,0x05BB,0x05BB,0x05BB,0x05BB,0x05BB,0x05BB,0x05BB,0x05BB,0x05BB,0x05BB,0x05BB,0x05BB,0x05BB,0x05BB,0x05BB,0x05BB,0x05BB,0x05BB,0x05BB,0x05BB,0x05BB,0x05BB,0x05BB,0x05BB,0x05BB,0x05BB,0x05BB,0x05BB,0x05DB,0x05BB,0x05BB,0x05BB,0x05BB,0x05BB,
0x05BB,0x05BB,0x05DB,0x05BB,0x05BB,0x05BB,0x05BB,0x05BB,0x05BB,0x05BB,0x05BB,0x05BB,0x05BB,0x05BB,0x05BB,0x05BB,0x05BB,0x05BB,0x05BB,0x05DB,0x05BB,0x05BB,0x05BB,0x05BB,0x05BB,0x05BB,0x05BB,0x05BB,0x05BB,0x05BB,0x05BB,0x05BB,0x05BB,0x05BB,0x05BB,0x05BB,0x05BB,0x05BB,0x05BB,0x05BB,0x05BB,0x05BB,0x05BB,0x05BB,0x05BB,0x05BB,0x05BB,0x05BB,0x05BB,0x05BB,0x05BB,0x05BB,0x05BB,0x05BB,0x05BB,0x05BB,0x05BB,0x05BB,0x05BB,0x05BB,0x05BB,0x05BB,0x05BB,0x05BB,
0x05BB,0x05BB,0x05BB,0x05DB,0x05BB,0x05BB,0x05BB,0x05DB,0x05DB,0x05BB,0x05BB,0x05BB,0x05BB,0x05BB,0x05BB,0x05BB,0x05BB,0x05BB,0x05DB,0x05BB,0x05BB,0x05BB,0x05BB,0x05BB,0x05BB,0x05BB,0x05BB,0x05BB,0x05BB,0x05DB,0x05BB,0x05BB,0x05BB,0x05BB,0x05DB,0x05BB,0x05BB,0x05BB,0x05BB,0x05BB,0x05BB,0x05BB,0x05BB,0x05BB,0x05BB,0x05BB,0x05BB,0x05BB,0x05BB,0x05BB,0x05DB,0x05BB,0x05BB,0x05BB,0x05BB,0x05BB,0x05BB,0x05DB,0x05BB,0x05BB,0x05BB,0x05BB,0x05BB,0x05BB,
0x05BB,0x05BB,0x05BB,0x05BB,0x05BB,0x05BB,0x05BB,0x05DB,0x05BB,0x05DB,0x05DB,0x05DB,0x05BB,0x05BB,0x05BB,0x05BB,0x05BB,0x05DB,0x05DB,0x05DB,0x05BB,0x05BB,0x05BB,0x05BB,0x05DB,0x05BB,0x05BB,0x05DB,0x05DB,0x05DB,0x05BB,0x05BB,0x05BB,0x05BB,0x05BB,0x05DB,0x05DB,0x05BB,0x05BB,0x05BB,0x05BB,0x05BB,0x05BB,0x05BB,0x05BB,0x05BB,0x05BB,0x05BB,0x05BB,0x05BB,0x05BB,0x05BB,0x05BB,0x05BB,0x05DB,0x05DB,0x05DB,0x05BB,0x05BB,0x05BB,0x05BB,0x05BB,0x05BB,0x05BB,
0x05BB,0x05DB,0x05DB,0x05BB,0x05BB,0x05BB,0x05BB,0x05BB,0x05BB,0x05BB,0x05DB,0x05DB,0x05BB,0x05BB,0x05BB,0x05BB,0x05BB,0x05DB,0x05DB,0x05DB,0x05BB,0x05BB,0x05BB,0x05BB,0x05DB,0x05DB,0x05DB,0x05DB,0x05DB,0x05DB,0x05BB,0x05BB,0x05BB,0x05DB,0x05BB,0x05DB,0x05DB,0x05BB,0x05BB,0x05BB,0x05BB,0x05BB,0x05BB,0x05BB,0x05BB,0x05BB,0x05BB,0x05BB,0x05BB,0x05BB,0x05BB,0x05BB,0x05BB,0x05BB,0x05BB,0x05BB,0x05BB,0x05BB,0x05DB,0x05BB,0x05BB,0x05BB,0x05BB,0x05BB,
0x05BB,0x05DB,0x05DB,0x05BB,0x05BB,0x05BB,0x05BB,0x05BB,0x05BB,0x05BB,0x05BB,0x05BB,0x05BB,0x05BB,0x05BB,0x05BB,0x05DB,0x05DB,0x05BB,0x05BB,0x05DB,0x05DB,0x05BB,0x05BB,0x05DB,0x05BB,0x05BB,0x05DB,0x05DB,0x05DB,0x05BB,0x05BB,0x05BB,0x05BB,0x05BB,0x05DB,0x05BB,0x05BB,0x05BB,0x05BB,0x05BB,0x05BB,0x05BB,0x05BB,0x05BB,0x05BB,0x05BB,0x05BB,0x05BB,0x05BB,0x05BB,0x05DB,0x05BB,0x05BB,0x05BB,0x05BB,0x05BB,0x05BB,0x05BB,0x05DB,0x05BB,0x05DB,0x05BB,0x05BB,
0x05BB,0x05BB,0x05DB,0x05BB,0x05BB,0x05BB,0x05BB,0x05BB,0x05BB,0x05BB,0x05DB,0x05DB,0x05BB,0x05BB,0x05BB,0x05BB,0x05BB,0x05BB,0x05DB,0x05DB,0x05DB,0x05DB,0x05BB,0x05BB,0x05BB,0x05DB,0x05DB,0x05DB,0x05DB,0x05BB,0x05BB,0x05BB,0x05BB,0x05BB,0x05BB,0x05BB,0x05BB,0x05BB,0x05BB,0x05BB,0x05BB,0x05BB,0x05BB,0x05BB,0x05BB,0x05BB,0x05BB,0x05BB,0x05BB,0x05BB,0x05BB,0x05DB,0x05DB,0x05BB,0x05BB,0x05BB,0x05BB,0x05DB,0x05DB,0x05DB,0x05BB,0x05BB,0x05BB,0x05BB,
0x05BB,0x05BB,0x05DB,0x05BB,0x05DB,0x05DB,0x05BB,0x05BB,0x05BB,0x05BB,0x05BB,0x05BB,0x05BB,0x05BB,0x05BB,0x05BB,0x05BB,0x05BB,0x05BB,0x05DB,0x05BB,0x05BB,0x05BB,0x05BB,0x05BB,0x05BB,0x05BB,0x05DB,0x05DB,0x05BB,0x05BB,0x05BB,0x05BB,0x05BB,0x05BB,0x05BB,0x05BB,0x05BB,0x05BB,0x05BB,0x05BB,0x05BB,0x05BB,0x05BB,0x05BB,0x05BB,0x05BB,0x05BB,0x05BB,0x05BB,0x05BB,0x05BB,0x05DB,0x05BB,0x05BB,0x05BB,0x05DB,0x05DB,0x05BB,0x05DB,0x05BB,0x05BB,0x05BB,0x05BB,
0x05BB,0x05BB,0x05DB,0x05DB,0x05DB,0x05BB,0x05BB,0x05BB,0x05BB,0x05BB,0x05BB,0x05BB,0x05BB,0x05BB,0x05BB,0x05BB,0x05BB,0x05BB,0x05BB,0x05BB,0x05BB,0x05BB,0x05BB,0x05BB,0x05BB,0x05BB,0x05BB,0x05BB,0x05BB,0x05BB,0x05BB,0x05BB,0x05BB,0x05BB,0x05BB,0x05BB,0x05BB,0x05BB,0x05BB,0x05BB,0x05BB,0x05BB,0x05BB,0x05BB,0x05BB,0x05BB,0x05BB,0x05BB,0x05BB,0x05BB,0x05BB,0x05BB,0x05BB,0x05BB,0x05BB,0x05BB,0x05BB,0x05BB,0x05BB,0x05BB,0x05BB,0x05BB,0x05BB,0x05BB,
0x05BB,0x05DB,0x05DB,0x05BB,0x05BB,0x05BB,0x05BB,0x05BB,0x05BB,0x05BB,0x05BB,0x05BB,0x05BB,0x05BB,0x05BB,0x05BB,0x05BB,0x05BB,0x05BB,0x05DB,0x05BB,0x05BB,0x05BB,0x05BB,0x05BB,0x05BB,0x05BB,0x05BB,0x05BB,0x05BB,0x05BB,0x05BB,0x05BB,0x05BB,0x05BB,0x05DB,0x05BB,0x05BB,0x05BB,0x05BB,0x05BB,0x05BB,0x05BB,0x05BB,0x05BB,0x05BB,0x05BB,0x05BB,0x05BB,0x05BB,0x05DB,0x05BB,0x05BB,0x05BB,0x05BB,0x05BB,0x05BB,0x05BB,0x05BB,0x05BB,0x05BB,0x05BB,0x05BB,0x05BB,
0x05BB,0x05DB,0x05DB,0x05DB,0x05BB,0x05BB,0x05BB,0x05BB,0x05BB,0x05BB,0x05BB,0x05BB,0x05BB,0x05BB,0x05BB,0x05BB,0x05BB,0x05BB,0x05DB,0x05BB,0x05BB,0x05BB,0x05BB,0x05BB,0x05BB,0x05BB,0x05DB,0x05DB,0x05BB,0x05BB,0x05BB,0x05BB,0x05BB,0x05DB,0x05BB,0x05DB,0x05BB,0x05BB,0x05BB,0x05BB,0x05BB,0x05BB,0x05BB,0x05BB,0x05BB,0x05BB,0x05BB,0x05BB,0x05BB,0x05BB,0x05DB,0x05DB,0x05BB,0x05BB,0x05BB,0x05BB,0x05BB,0x05BB,0x05BB,0x05BB,0x05BB,0x05BB,0x05BB,0x05BB,
0x05BB,0x05DB,0x05BB,0x05DB,0x05BB,0x05BB,0x05BB,0x05BB,0x05BB,0x05BB,0x05BB,0x05BB,0x05BB,0x05BB,0x05BB,0x05BB,0x05BB,0x05DB,0x05DB,0x05DB,0x05BB,0x05BB,0x05BB,0x05BB,0x05BB,0x05BB,0x05DB,0x05DB,0x05BB,0x05BB,0x05BB,0x05BB,0x05BB,0x05DB,0x05DB,0x05BB,0x05BB,0x05BB,0x05BB,0x05BB,0x05BB,0x05BB,0x05BB,0x05BB,0x05BB,0x05BB,0x05BB,0x05BB,0x05BB,0x05BB,0x05DB,0x05BB,0x05BB,0x05BB,0x05BB,0x05BB,0x05BB,0x05BB,0x05BB,0x05BB,0x05BB,0x05BB,0x05BB,0x05BB,
0x05BB,0x05BB,0x05DB,0x05DB,0x05BB,0x05DB,0x05BB,0x05BB,0x05BB,0x05BB,0x05BB,0x05BB,0x05BB,0x05BB,0x05BB,0x05BB,0x05BB,0x05BB,0x05DB,0x05BB,0x05BB,0x05BB,0x05BB,0x05BB,0x05DB,0x05BB,0x05DB,0x05BB,0x05BB,0x05BB,0x05BB,0x05BB,0x05BB,0x05BB,0x05BB,0x05BB,0x05BB,0x05BB,0x05BB,0x05BB,0x05BB,0x05BB,0x05BB,0x05BB,0x05BB,0x05BB,0x05BB,0x05BB,0x05BB,0x05BB,0x05BB,0x05BB,0x05BB,0x05BB,0x05BB,0x05BB,0x05BB,0x05BB,0x05BB,0x05DB,0x05BB,0x05BB,0x05BB,0x05BB,
0x05BB,0x05BB,0x05DB,0x05DB,0x05DB,0x05BB,0x05BB,0x05BB,0x05BB,0x05BB,0x05BB,0x05BB,0x05BB,0x05BB,0x05BB,0x05BB,0x05BB,0x05BB,0x05BB,0x05BB,0x05BB,0x05BB,0x05BB,0x05BB,0x05BB,0x05DB,0x05DB,0x05BB,0x05BB,0x05BB,0x05BB,0x05BB,0x05BB,0x05BB,0x05BB,0x05BB,0x05BB,0x05BB,0x05BB,0x05BB,0x05BB,0x05BB,0x05BB,0x05BB,0x05BB,0x05BB,0x05BB,0x05BB,0x05BB,0x05BB,0x05BB,0x05BB,0x05BB,0x05BB,0x05BB,0x05BB,0x05BB,0x05DB,0x05BB,0x05BB,0x05BB,0x05BB,0x05BB,0x05BB,
0x05BB,0x05BB,0x05DB,0x05DB,0x05BB,0x05BB,0x05BB,0x05BB,0x05BB,0x05BB,0x05BB,0x05BB,0x05BB,0x05BB,0x05BB,0x05BB,0x05BB,0x05DB,0x05BB,0x05BB,0x05BB,0x05BB,0x05BB,0x05BB,0x05BB,0x05BB,0x05BB,0x05BB,0x05BB,0x05BB,0x05BB,0x05BB,0x05BB,0x05BB,0x05BB,0x05BB,0x05BB,0x05BB,0x05BB,0x05BB,0x05BB,0x05BB,0x05BB,0x05BB,0x05BB,0x05BB,0x05BB,0x05BB,0x05BB,0x05BB,0x05DB,0x05BB,0x05BB,0x05BB,0x05BB,0x05BB,0x05DB,0x05DB,0x05BB,0x05BB,0x05BB,0x05BB,0x05BB,0x05BB,
0x05BB,0x05DB,0x05DB,0x05DB,0x05BB,0x05DB,0x05BB,0x05BB,0x05BB,0x05BB,0x05BB,0x05BB,0x05BB,0x05BB,0x05BB,0x05BB,0x05DB,0x05BB,0x05BB,0x05BB,0x05BB,0x05BB,0x05BB,0x05BB,0x05BB,0x05BB,0x05BB,0x05BB,0x05BB,0x05BB,0x05BB,0x05BB,0x05BB,0x05BB,0x05BB,0x05BB,0x05BB,0x05BB,0x05BB,0x05BB,0x05BB,0x05BB,0x05BB,0x05BB,0x05BB,0x05BB,0x05BB,0x05BB,0x05BB,0x05BB,0x05BB,0x05BB,0x05BB,0x05BB,0x05DB,0x05BB,0x05DB,0x05DB,0x05BB,0x05BB,0x05BB,0x05BB,0x05BB,0x05BB,
0x05BB,0x05BB,0x05DB,0x05BB,0x05BB,0x05BB,0x05BB,0x05BB,0x05BB,0x05BB,0x05BB,0x05BB,0x05BB,0x05BB,0x05BB,0x05BB,0x05BB,0x05BB,0x05BB,0x05BB,0x05BB,0x05BB,0x05BB,0x05BB,0x05BB,0x05BB,0x05BB,0x05BB,0x05BB,0x05BB,0x05BB,0x05BB,0x05BB,0x05BB,0x05BB,0x05BB,0x05BB,0x05BB,0x05BB,0x05BB,0x05BB,0x05BB,0x05BB,0x05BB,0x05BB,0x05BB,0x05BB,0x05BB,0x05BB,0x05BB,0x05BB,0x05BB,0x05BB,0x05BB,0x05BB,0x05BB,0x05BB,0x05BB,0x05BB,0x05DB,0x05BB,0x05BB,0x05BB,0x05BB,
0x05BB,0x05BB,0x05DB,0x05BB,0x05BB,0x05BB,0x05BB,0x05BB,0x05BB,0x05BB,0x05BB,0x05BB,0x05BB,0x05BB,0x05BB,0x05BB,0x05BB,0x05BB,0x05BB,0x05BB,0x05BB,0x05BB,0x05BB,0x05BB,0x05BB,0x05BB,0x05BB,0x05DB,0x05BB,0x05BB,0x05BB,0x05BB,0x05BB,0x05BB,0x05BB,0x05BB,0x05BB,0x05BB,0x05BB,0x05BB,0x05BB,0x05BB,0x05BB,0x05BB,0x05BB,0x05BB,0x05BB,0x05BB,0x05DB,0x05DB,0x05BB,0x05BB,0x05BB,0x05BB,0x05BB,0x05BB,0x05BB,0x05BB,0x05BB,0x05BB,0x05BB,0x05BB,0x05BB,0x05BB,
0x05BB,0x05DB,0x05DB,0x05DB,0x05BB,0x05BB,0x05BB,0x05DB,0x05BB,0x05BB,0x05BB,0x05BB,0x05BB,0x05BB,0x05BB,0x05DB,0x05BB,0x05BB,0x05BB,0x05BB,0x05BB,0x05BB,0x05BB,0x05DB,0x05BB,0x05BB,0x05BB,0x05BB,0x05DB,0x05BB,0x05BB,0x05BB,0x05BB,0x05BB,0x05BB,0x05BB,0x05BB,0x05BB,0x05BB,0x05BB,0x05BB,0x05BB,0x05DB,0x05BB,0x05BB,0x05BB,0x05BB,0x05BB,0x05BB,0x05BB,0x05BB,0x05BB,0x05BB,0x05BB,0x05BB,0x05BB,0x05BB,0x05DB,0x05BB,0x05DB,0x05BB,0x05BB,0x05BB,0x05BB,
0x05BB,0x05DB,0x05DB,0x05BB,0x05BB,0x05BB,0x05BB,0x05BB,0x05BB,0x05BB,0x05BB,0x05BB,0x05BB,0x05BB,0x05BB,0x05BB,0x05BB,0x05BB,0x05BB,0x05DB,0x05BB,0x05BB,0x05BB,0x05BB,0x05BB,0x05BB,0x05DB,0x05BB,0x05BB,0x05BB,0x05BB,0x05BB,0x05BB,0x05DB,0x05BB,0x05BB,0x05BB,0x05BB,0x05BB,0x05BB,0x05BB,0x05BB,0x05BB,0x05BB,0x05BB,0x05BB,0x05BB,0x05BB,0x05BB,0x05BB,0x05BB,0x05BB,0x05BB,0x05BB,0x05DB,0x05DB,0x05DB,0x05DB,0x05DB,0x05DB,0x05BB,0x05BB,0x05BB,0x05BB,
0x05BB,0x05DB,0x05BB,0x05DB,0x05BB,0x05BB,0x05BB,0x05BB,0x05BB,0x05BB,0x05BB,0x05BB,0x05BB,0x05BB,0x05BB,0x05BB,0x05BB,0x05DB,0x05BB,0x05BB,0x05DB,0x05BB,0x05BB,0x05BB,0x05BB,0x05DB,0x05DB,0x05DB,0x05BB,0x05BB,0x05BB,0x05DB,0x05BB,0x05DB,0x05DB,0x05BB,0x05BB,0x05BB,0x05BB,0x05BB,0x05BB,0x05DB,0x05DB,0x05BB,0x05BB,0x05BB,0x05BB,0x05BB,0x05BB,0x05BB,0x05DB,0x05BB,0x05BB,0x05BB,0x05BB,0x05DB,0x05DB,0x05DB,0x05BB,0x05DB,0x05BB,0x05BB,0x05BB,0x05BB,
0x05BB,0x05DB,0x05DB,0x05DB,0x05DB,0x05BB,0x05BB,0x05BB,0x05BB,0x05DB,0x05DB,0x05DB,0x05DB,0x05DB,0x05BB,0x05BB,0x05DB,0x05DB,0x05DB,0x05BB,0x05BB,0x05BB,0x05BB,0x05BB,0x05BB,0x05BB,0x05BB,0x05DB,0x05BB,0x05BB,0x05BB,0x05DB,0x05DB,0x05DB,0x05DB,0x05DB,0x05DB,0x05BB,0x05BB,0x05BB,0x05BB,0x05BB,0x05DB,0x05DB,0x05BB,0x05BB,0x05BB,0x05BB,0x05BB,0x05BB,0x05BB,0x05BB,0x05BB,0x05BB,0x05BB,0x05DB,0x05BB,0x05BB,0x05BB,0x05BB,0x05BB,0x05BB,0x05BB,0x05BB,
0x05BB,0x05BB,0x05DB,0x05DB,0x05BB,0x05BB,0x05BB,0x05DB,0x05BB,0x05BB,0x05DB,0x05BB,0x05BB,0x05DB,0x05DB,0x05BB,0x05DB,0x05DB,0x05BB,0x05BB,0x05BB,0x05BB,0x05BB,0x05BB,0x05BB,0x05BB,0x05BB,0x05DB,0x05BB,0x05DB,0x05DB,0x05DB,0x05BB,0x05BB,0x05BB,0x05BB,0x05BB,0x05BB,0x05BB,0x05BB,0x05BB,0x05DB,0x05DB,0x05BB,0x05BB,0x05BB,0x05BB,0x05BB,0x05BB,0x05BB,0x05BB,0x05BB,0x05BB,0x05BB,0x05BB,0x05BB,0x05BB,0x05BB,0x05DB,0x05DB,0x05DB,0x05BB,0x05BB,0x05BB,
0x05BB,0x05BB,0x05BB,0x05DB,0x05BB,0x05BB,0x05BB,0x05BB,0x05BB,0x05BB,0x05BB,0x05DB,0x05BB,0x05BB,0x05BB,0x05DB,0x05DB,0x05DB,0x05BB,0x05BB,0x05BB,0x05BB,0x05BB,0x05DB,0x05BB,0x05BB,0x05BB,0x05DB,0x05DB,0x05DB,0x05DB,0x05BB,0x05BB,0x05BB,0x05BB,0x05BB,0x05BB,0x05BB,0x05BB,0x05BB,0x05BB,0x05BB,0x05BB,0x05BB,0x05BB,0x05BB,0x05BB,0x05BB,0x05DB,0x05DB,0x05BB,0x05DB,0x05BB,0x05BB,0x05BB,0x05BB,0x05BB,0x05BB,0x05BB,0x05DB,0x05BB,0x05BB,0x05BB,0x05BB,
0x05BB,0x05BB,0x05DB,0x05DB,0x05DB,0x05BB,0x05BB,0x05BB,0x05BB,0x05BB,0x05DB,0x05BB,0x05BB,0x05BB,0x05DB,0x05DB,0x05DB,0x05BB,0x05DB,0x05BB,0x05BB,0x05BB,0x05BB,0x05DB,0x05DB,0x05BB,0x05DB,0x05DB,0x05DB,0x05BB,0x05DB,0x05DB,0x05DB,0x05BB,0x05DB,0x05BB,0x05BB,0x05BB,0x05BB,0x05BB,0x05BB,0x05BB,0x05BB,0x05BB,0x05BB,0x05BB,0x05BB,0x05DB,0x05DB,0x05DB,0x05BB,0x05DB,0x05BB,0x05DB,0x05BB,0x05DB,0x05BB,0x05BB,0x05BB,0x05DB,0x05BB,0x05BB,0x05BB,0x05BB,
0x05BB,0x05BB,0x05BB,0x05BB,0x05DB,0x05BB,0x05BB,0x05BB,0x05DB,0x05DB,0x05BB,0x05BB,0x05BB,0x05BB,0x05BB,0x05BB,0x05BB,0x05BB,0x05BB,0x05BB,0x05BB,0x05BB,0x05BB,0x05BB,0x05DB,0x05BB,0x05DB,0x05BB,0x05DB,0x05BB,0x05BB,0x05BB,0x05BB,0x05BB,0x05DB,0x05DB,0x05BB,0x05BB,0x05BB,0x05BB,0x05BB,0x05BB,0x05BB,0x05BB,0x05BB,0x05BB,0x05BB,0x05BB,0x05BB,0x05DB,0x05DB,0x05BB,0x05DB,0x05DB,0x05DB,0x05DB,0x05BB,0x05BB,0x05BB,0x05BB,0x05BB,0x05BB,0x05BB,0x05BB,
0x05BB,0x05DB,0x05DB,0x05DB,0x05DB,0x05DB,0x05BB,0x05BB,0x05BB,0x05BB,0x05BB,0x05BB,0x05BB,0x05BB,0x05BB,0x05BB,0x05BB,0x05BB,0x05DB,0x05BB,0x05DB,0x05BB,0x05BB,0x05BB,0x05BB,0x05BB,0x05BB,0x05BB,0x05BB,0x05BB,0x05BB,0x05BB,0x05BB,0x05DB,0x05BB,0x05DB,0x05BB,0x05DB,0x05BB,0x05DB,0x05BB,0x05BB,0x05DB,0x05BB,0x05BB,0x05BB,0x05BB,0x05BB,0x05DB,0x05DB,0x05BB,0x05BB,0x05BB,0x05BB,0x05DB,0x05BB,0x05DB,0x05BB,0x05DB,0x05BB,0x05BB,0x05BB,0x05BB,0x05DB,
0x05BB,0x05DB,0x05DB,0x05DB,0x05DB,0x05BB,0x05DB,0x05DB,0x05BB,0x05BB,0x05BB,0x05BB,0x05BB,0x05DB,0x05BB,0x05BB,0x05BB,0x05BB,0x05DB,0x05DB,0x05DB,0x05BB,0x05BB,0x05BB,0x05BB,0x05DB,0x05BB,0x05BB,0x05BB,0x05BB,0x05BB,0x05BB,0x05BB,0x05DB,0x05DB,0x05BB,0x05BB,0x05BB,0x05DB,0x05DB,0x05BB,0x05BB,0x05DB,0x05DB,0x05BB,0x05BB,0x05BB,0x05DB,0x05DB,0x05DB,0x05DB,0x05DB,0x05BB,0x05BB,0x05DB,0x05DB,0x05DB,0x05DB,0x05BB,0x05BB,0x05DB,0x05BB,0x05BB,0x05DB,
0x05BB,0x05DB,0x05BB,0x05BB,0x05BB,0x05BB,0x05BB,0x05BB,0x05BB,0x05BB,0x05DB,0x05DB,0x05BB,0x05BB,0x05BB,0x05BB,0x05BB,0x05BB,0x05DB,0x05DB,0x05DB,0x05BB,0x05BB,0x05BB,0x05BB,0x05BB,0x05DB,0x05BB,0x05BB,0x05BB,0x05BB,0x05BB,0x05BB,0x05BB,0x05DB,0x05BB,0x05BB,0x05BB,0x05BB,0x05DB,0x05BB,0x05DB,0x05DB,0x05DB,0x05BB,0x05DB,0x05BB,0x05BB,0x05DB,0x05DB,0x05DB,0x05DB,0x05DB,0x05BB,0x05BB,0x05BB,0x05BB,0x05BB,0x05BB,0x05DB,0x05BB,0x05BB,0x05BB,0x05DB,
0x05BB,0x05BB,0x05BB,0x05BB,0x05BB,0x05BB,0x05BB,0x05BB,0x05BB,0x05BB,0x05BB,0x05BB,0x05BB,0x05BB,0x05BB,0x05BB,0x05BB,0x05BB,0x05BB,0x05BB,0x05BB,0x05BB,0x05BB,0x05BB,0x05BB,0x05BB,0x05BB,0x05BB,0x05BB,0x05BB,0x05BB,0x05BB,0x05BB,0x05BB,0x05DB,0x05BB,0x05BB,0x05BB,0x05BB,0x05BB,0x05BB,0x05BB,0x05BB,0x05BB,0x05BB,0x05BB,0x05BB,0x05DB,0x05BB,0x05BB,0x05BB,0x05BB,0x05BB,0x05BB,0x05BB,0x05BB,0x05BB,0x05BB,0x05BB,0x05BB,0x05BB,0x05BB,0x05BB,0x05BB
};

// 2G logosu için RGB565 C array
const uint16_t two_g_logo[1024] = {
0x2D2A,0x2D2A,0x2D2A,0x2D2A,0x252A,0x2D2A,0x2D2A,0x2D2A,0x2D2A,0x2D2A,0x2D2A,0x2D2A,0x2D0A,0x2D2A,0x2D2A,0x2D2A,0x2D2A,0x2D2A,0x2D2A,0x2D2A,0x2D2A,0x2D2A,0x2D4A,0x2D2A,0x2D2A,0x252A,0x2D2A,0x2D2A,0x2D4A,0x2D2A,0x2D2A,0x2D2A,
0x2D2A,0x2D4A,0x2D2A,0x2D2A,0x2D2A,0x2D2A,0x2D2A,0x2D2A,0x2D2A,0x2D2A,0x2D2A,0x2D2A,0x2D2A,0x2D2A,0x2D2A,0x2D2A,0x2D2A,0x2D2A,0x2D2A,0x2D2A,0x2D2A,0x252A,0x2D2A,0x252A,0x2D2A,0x2D2A,0x2D4A,0x2D4A,0x2D2A,0x2D2A,0x2D2A,0x2D2A,
0x2D2A,0x2D2A,0x2D4A,0x2D2A,0x2D2A,0x2D2A,0x2D2A,0x2D2A,0x2D4A,0x2D4A,0x2D2A,0x2D2A,0x2D2A,0x2D2A,0x2D2A,0x2D2A,0x2D2A,0x2D2A,0x2D2A,0x2D2A,0x2D2A,0x2D2A,0x2D2A,0x2D2A,0x2D2A,0x2D2A,0x2D2A,0x2D2A,0x2D2A,0x2D2A,0x2D2A,0x2D2A,
0x2D2A,0x2D2A,0x2D2A,0x2D2A,0x2D2A,0x2D2A,0x2D2A,0x2D2A,0x2D2A,0x2D2A,0x2D2A,0x2D2A,0x2D2A,0x2D2A,0x2D2A,0x2D2A,0x2D2A,0x2D4A,0x2D2A,0x2D2A,0x2D2A,0x2D2A,0x2D2A,0x2D2A,0x2D2A,0x2D2A,0x2D2A,0x2D2A,0x2D2A,0x2D4A,0x2D4A,0x2D4A,
0x2D2A,0x2D2A,0x2D2A,0x2D2A,0x2D2A,0x2D2A,0x2D2A,0x2D4A,0x2D2A,0x2D2A,0x2D2A,0x2D2A,0x2D2A,0x2D2A,0x2D4A,0x2D4A,0x2D4A,0x2D2A,0x2D2A,0x2D4A,0x2D2A,0x2D2A,0x2D2A,0x2D2A,0x2D0A,0x2D2A,0x2D2A,0x2D2A,0x2D2A,0x2D2A,0x2D4A,0x2D4A,
0x2D4A,0x2D4A,0x2D2A,0x2D4A,0x2D4A,0x2D2A,0x2D4A,0x2D2A,0x2D2A,0x2D2A,0x2D2A,0x2D2A,0x2D2A,0x2D2A,0x2D2A,0x2D4A,0x2D4A,0x2D4A,0x2D2A,0x2D2A,0x2D2A,0x2D2A,0x2D0A,0x2D2A,0x2D2A,0x2D2A,0x2D2A,0x2D2A,0x2D4A,0x2D2A,0x2D4A,0x2D2A,
0x2D4A,0x2D4A,0x2D2A,0x2D4A,0x2D2A,0x2D2A,0x2D2A,0x2D2A,0x2D2A,0x2D2A,0x2D2A,0x2D2A,0x2D2A,0x2D2A,0x2D2A,0x2D2A,0x2D2A,0x2D2A,0x2D2A,0x2D2A,0x2D2A,0x2D2A,0x2D2A,0x2D2A,0x2D2A,0x2D2A,0x2D2A,0x2D4A,0x2D2A,0x2D2A,0x2D4A,0x2D2A,
0x2D4A,0x2D4A,0x2D2A,0x2D2A,0x2D2A,0x2D0A,0x2D2A,0x2D2A,0x2D2A,0x2D2A,0x2D2A,0x2D2A,0x2D2A,0x2D2A,0x2D2A,0x2D2A,0x2D2A,0x2D2A,0x2D2A,0x252A,0x3D4B,0x6DF1,0x7612,0x454D,0x2D2A,0x2D2A,0x2D2A,0x2D2A,0x2D2A,0x2D2A,0x2D2A,0x2D2A,
0x2D2A,0x2D4A,0x2D2A,0x2D2A,0x2D2A,0x2D2A,0x5D8F,0xFFFF,0xFFFF,0xFFFF,0xFFFF,0x3D2C,0x2D2A,0x2D2A,0x2D2A,0x2D4A,0x2D2A,0x2D2A,0xA6B6,0xFFFF,0xFFFF,0xFFFF,0xFFFF,0xFFFF,0xFFFF,0x55AE,0x2D2A,0x2D2A,0x2D2A,0x2D2A,0x2D2A,0x2D2A,
0x2D2A,0x2D2A,0x2D2A,0x2D2A,0x2D0A,0xEFDD,0xFFFF,0xFFFF,0xFFFF,0xFFFF,0xFFFF,0xFFFF,0x5D8F,0x2D2A,0x2D2A,0x2D2A,0x2D0A,0xF7DE,0xFFFF,0xFFFF,0xFFFF,0xFFFF,0xFFFF,0xFFFF,0xFFFF,0x2D2A,0x2D2A,0x2D2A,0x2D2A,0x2D2A,0x2D2A,0x2D2A,
0x2D2A,0x2D4A,0x2D2A,0x2D2A,0x2D2A,0x350B,0xFFFF,0xFFFF,0xEFDE,0xFFFF,0xFFFF,0xFFFF,0xFFFF,0x2D2A,0x2D2A,0x2D2A,0xB6D8,0xFFFF,0xFFFF,0xFFFF,0xEFBE,0x558E,0x456D,0x75F1,0xFFFF,0x2D2A,0x2D2A,0x2D2A,0x2D2A,0x2D2A,0x2D2A,0x2D2A,
0x2D2A,0x2D2A,0x2D2A,0x2D2A,0x2D2A,0x2D0A,0xB6F8,0x2D0A,0x2D0A,0x2D0A,0xFFFF,0xFFFF,0xFFFF,0x2D2A,0x2D2A,0x2D2A,0xFFFF,0xFFFF,0xFFFF,0x3D2B,0x2D2A,0x2D2A,0x2D2A,0x2D2A,0x2D0A,0x2D2A,0x2D2A,0x2D2A,0x2D2A,0x2D2A,0x2D2A,0x2D2A,
0x2D2A,0x2D2A,0x2D2A,0x2D2A,0x2D2A,0x2D2A,0x2D2A,0x2D2A,0x2D0A,0x2D2A,0xA6B7,0xFFFF,0xFFFF,0x2D2A,0x2D2A,0x5DAF,0xFFFF,0xFFFF,0xCF5A,0x2D2A,0x2D2A,0x2D2A,0x2D2A,0x2D2A,0x2D2A,0x2D2A,0x2D2A,0x2D2A,0x2D0A,0x2D2A,0x2D2A,0x2D2A,
0x2D4A,0x2D2A,0x2D2A,0x2D2A,0x2D2A,0x2D2A,0x2D2A,0x2D2A,0x2D2A,0x2D2A,0xCF1A,0xFFFF,0xFFFF,0x2D2A,0x2D2A,0xFFFF,0xFFFF,0xFFFF,0x2D0A,0x2D2A,0x2D2A,0x2D2A,0x2D2A,0x2D2A,0x2D2A,0x2D2A,0x2D2A,0x2D2A,0x2D2A,0x2D2A,0x2D2A,0x2D2A,
0x2D2A,0x2D2A,0x2D2A,0x2D2A,0x2D2A,0x2D2A,0x2D2A,0x2D2A,0x2D2A,0x2D2A,0xFFFF,0xFFFF,0xFFFF,0x2D2A,0x2D2A,0xFFFF,0xFFFF,0xFFFF,0x2D2A,0x2D2A,0x2D2A,0xF7FF,0xFFFF,0xFFFF,0xFFFF,0xFFFF,0x2D2A,0x2D0A,0x2D2A,0x2D0A,0x2D2A,0x2D2A,
0x2D2A,0x2D2A,0x2D2A,0x2D2A,0x2D2A,0x2D2A,0x2D2A,0x2D2A,0x2D2A,0xB6F7,0xFFFF,0xFFFF,0x8633,0x2D2A,0x2D2A,0xFFFF,0xFFFF,0xFFFF,0x2D2A,0x2D2A,0x2D2A,0xF7FF,0xFFFF,0xFFFF,0xFFFF,0xFFFF,0x2D2A,0x2D2A,0x2D2A,0x2D2A,0x2D2A,0x2D2A,
0x2D2A,0x2D2A,0x2D2A,0x2D2A,0x2D2A,0x2D2A,0x2D0A,0x2D2A,0x352B,0xFFFF,0xFFFF,0xFFFF,0x2D2A,0x2D2A,0x2D2A,0xFFFF,0xFFFF,0xFFFF,0x2D2A,0x2D2A,0x2D2A,0xFFFF,0xFFFF,0xFFFF,0xFFFF,0xFFFF,0x2D2A,0x2D2A,0x2D2A,0x2D2A,0x2D4A,0x2D2A,
0x2D2A,0x2D0A,0x2D2A,0x2D2A,0x2D0A,0x2D2A,0x2D2A,0x2D0A,0xFFFF,0xFFFF,0xFFFF,0x2D0A,0x2D2A,0x2D2A,0x2D2A,0xFFFF,0xFFFF,0xFFFF,0x350B,0x2D2A,0x2D2A,0x2D0A,0x2D0A,0xFFFF,0xFFFF,0xFFFF,0x2D2A,0x2D2A,0x2D2A,0x2D2A,0x2D2A,0x2D2A,
0x2D2A,0x2D2A,0x2D2A,0x2D2A,0x2D2A,0x2D2A,0x2D2A,0xFFFF,0xFFFF,0xFFFF,0x4D6D,0x2D2A,0x2D2A,0x2D2A,0x2D0A,0x65B0,0xFFFF,0xFFFF,0xFFFF,0x2D2A,0x2D2A,0x2D2A,0x2D4A,0xFFFF,0xFFFF,0xFFFF,0x2D2A,0x2D2A,0x2D2A,0x2D2A,0x2D2A,0x2D2A,
0x2D2A,0x2D2A,0x2D2A,0x2D2A,0x2D0A,0x2D2A,0xEFDE,0xFFFF,0xFFFF,0x8E53,0x2D2A,0x2D2A,0x2D2A,0x2D2A,0x2D2A,0x2D0A,0xFFFF,0xFFFF,0xFFFF,0x8E74,0x2D2A,0x2D2A,0x2D0A,0xFFFF,0xFFFF,0xFFFF,0x2D2A,0x2D2A,0x2D2A,0x2D2A,0x2D2A,0x2D2A,
0x2D2A,0x2D2A,0x2D2A,0x2D2A,0x2D0A,0xC73A,0xFFFF,0xFFFF,0xFFFF,0xFFFF,0xFFFF,0xFFFF,0xFFFF,0x6DF0,0x2D2A,0x2D2A,0xC73A,0xFFFF,0xFFFF,0xFFFF,0xFFFF,0xD77B,0xDF7C,0xFFFF,0xFFFF,0xFFFF,0x2D2A,0x2D2A,0x2D2A,0x2D2A,0x2D2A,0x2D2A,
0x2D2A,0x2D2A,0x2D2A,0x2D2A,0x2D2A,0xFFFF,0xFFFF,0xFFFF,0xFFFF,0xFFFF,0xFFFF,0xFFFF,0xFFFF,0x6DD0,0x2D2A,0x2D2A,0x2D0A,0xEFBD,0xFFFF,0xFFFF,0xFFFF,0xFFFF,0xFFFF,0xFFFF,0xFFFF,0xFFFF,0x2D2A,0x2D2A,0x2D2A,0x2D2A,0x2D2A,0x2D2A,
0x2D2A,0x2D2A,0x2D2A,0x2D0A,0x2D2A,0xFFFF,0xFFFF,0xFFFF,0xFFFF,0xFFFF,0xFFFF,0xFFFF,0xFFFF,0x6DF0,0x2D2A,0x2D2B,0x2D2A,0x2D2A,0x6DD0,0xFFFF,0xFFFF,0xFFFF,0xFFFF,0xFFFF,0xFFFF,0x6DD0,0x2D2A,0x2D2A,0x2D2A,0x2D2A,0x2D2A,0x2D2A,
0x2D2A,0x2D2A,0x2D2A,0x2D2A,0x2D2A,0x2D2A,0x2D2A,0x2D2A,0x2D2A,0x2D2A,0x2D2A,0x2D2A,0x2D2A,0x2D2A,0x2D2A,0x2D4A,0x2D2A,0x2D2A,0x2D0A,0x2D2A,0x2D2A,0x250A,0x2D2A,0x2D2A,0x2D2A,0x2D2A,0x2D2A,0x2D2A,0x2D2A,0x2D2A,0x2D2A,0x2D2A,
0x2D2A,0x2D2A,0x2D2A,0x2D2A,0x2D2A,0x2D2A,0x2D2A,0x2D2A,0x2D2A,0x2D2A,0x2D2A,0x2D2A,0x2D2A,0x2D2A,0x2D2A,0x2D2A,0x2D2A,0x2D2A,0x2D2A,0x2D2A,0x2D2A,0x2D0A,0x2D0A,0x2D2A,0x2D2A,0x2D2A,0x2D2A,0x2D2A,0x2D2A,0x2D2A,0x2D2A,0x2D2A,
0x2D2A,0x2D2A,0x2D2A,0x2D2A,0x2D2A,0x2D2A,0x2D2A,0x2D2A,0x2D2A,0x2D2A,0x2D2A,0x2D2A,0x2D2A,0x2D2A,0x2D4A,0x2D2A,0x2D2A,0x2D2A,0x2D2A,0x2D2A,0x2D2A,0x2D2A,0x2D2A,0x2D0A,0x2D2A,0x2D2A,0x2D2A,0x2D2A,0x2D2A,0x2D2A,0x2D2A,0x2D2A,
0x2D4A,0x2D2A,0x2D2A,0x2D2A,0x2D4A,0x2D2A,0x2D4A,0x2D2A,0x2D2A,0x2D2A,0x2D2A,0x2D2A,0x2D4A,0x2D2A,0x2D2A,0x2D2A,0x2D2A,0x2D2A,0x2D2A,0x2D2A,0x2D2A,0x2D4A,0x2D2A,0x2D2A,0x2D2A,0x2D2A,0x2D2A,0x2D2A,0x2D2A,0x2D2A,0x2D2A,0x2D2A,
0x2D4A,0x2D2A,0x2D2A,0x2D4A,0x2D2A,0x2D2A,0x2D2A,0x2D2A,0x2D2A,0x2D2A,0x2D2A,0x2D2A,0x2D2A,0x2D2A,0x2D2A,0x2D4A,0x2D2A,0x2D2A,0x2D2A,0x2D2A,0x2D2A,0x2D2A,0x2D2A,0x2D2A,0x2D2A,0x2D2A,0x2D4A,0x2D2A,0x2D2A,0x2D2A,0x2D4A,0x2D2A,
0x2D2A,0x2D2A,0x2D2A,0x2D2A,0x2D2A,0x2D2A,0x2D2A,0x2D2A,0x2D2A,0x2D2A,0x2D2A,0x2D2A,0x2D0A,0x2D2A,0x2D2A,0x2D2A,0x2D2A,0x2D2A,0x2D2A,0x2D2A,0x2D2A,0x2D2A,0x2D0A,0x2D2A,0x2D2A,0x2D2A,0x2D2A,0x2D2A,0x2D2A,0x2D2A,0x2D2A,0x2D2A,
0x2D2A,0x2D2A,0x2D2A,0x2D2A,0x2D2A,0x2D2A,0x2D2A,0x2D2A,0x2D2A,0x2D2A,0x2D2A,0x2D2A,0x2D2A,0x2D2A,0x2D2A,0x2D2A,0x2D2A,0x2D4A,0x2D2A,0x2D2A,0x2D2A,0x2D2A,0x2D2A,0x2D2A,0x2D2A,0x2D2A,0x2D2A,0x2D2A,0x2D2A,0x2D2A,0x2D2A,0x2D2A,
0x2D2A,0x2D2A,0x2D4A,0x2D2A,0x2D2A,0x2D2A,0x2D2A,0x2D2A,0x2D2A,0x2D4A,0x2D4A,0x2D2A,0x2D2A,0x2D2A,0x2D2A,0x2D2A,0x2D2A,0x2D2A,0x2D2A,0x2D2A,0x2D0A,0x2D2A,0x2D2A,0x2D2A,0x2D4A,0x2D2A,0x2D2A,0x2D4A,0x2D2A,0x2D2A,0x2D2A,0x2D2A,
0x2D0A,0x2D2A,0x2D2A,0x2D2A,0x2D2A,0x2D2A,0x2D2A,0x2D2A,0x2D2A,0x2D2A,0x2D2A,0x2D2A,0x2D2A,0x2D2A,0x2D2A,0x2D2A,0x2D2A,0x2D2A,0x2D2A,0x2D2A,0x2D2A,0x2D2A,0x2D4A,0x2D2A,0x2D4A,0x2D2A,0x2D2A,0x2D2A,0x2D2A,0x2D2A,0x2D2A,0x2D2A
};
